disease,name,n_terms,sum,mean_dist,max_dist,min_dist,std_dist
0,A2ML1 (OMIM:166760),13,300.88467757062693,3.857495866290089,7.323423152545972,0.12871499364286615,1.6755184528039189
1,AAAS (OMIM:231550),115,33970.44627890234,5.182371667261989,9.042595039340005,0.0003895778320876399,1.5185743480311948
2,AAGAB (OMIM:148600),29,1729.555480965823,4.259988869373949,7.937260009649833,0.0010000006774057311,1.431578567540989
3,AARS1 (OMIM:613287),55,8202.037727514042,5.523257728965684,9.16883064934852,0.00031792342844160594,1.8059151205052413
4,AARS1 (OMIM:616339),85,17708.94287019064,4.960488198932953,8.801507113610338,0.00022026734555797406,1.5077394942957594
5,AARS1 (OMIM:619661),39,3364.2177823878287,4.54010496948425,8.015637842928118,0.013499002611170477,1.4660738625960845
6,AARS1 (OMIM:619691),93,21023.070792745384,4.914228796808177,8.359060524417998,0.0006846906295529453,1.4985455698208947
7,AARS2 (OMIM:614096),61,9133.1785640149,4.990807958478087,8.865580117766548,0.0007660873712183492,1.6205516112128304
8,AARS2 (OMIM:615889),79,15785.0695403434,5.123359149738202,8.614486523462016,0.00018869251796236437,1.448181926016715
9,AASS (OMIM:238700),69,11169.777226907332,4.76120086398437,8.575145525423508,0.006897913965728082,1.4969351460960219
10,ABAT (OMIM:613163),77,13822.69272841643,4.724091841564057,8.377282336380427,0.00045198453520349144,1.3713903357601067
11,ABCA1 (OMIM:205400),101,24985.57547986804,4.94763870888476,9.36983048806683,0.0008965297861125612,1.5352548410408295
12,ABCA1 (OMIM:604091),22,1126.4414106535837,4.876369743089107,8.460101402234377,0.0017162786166367463,2.1275259156597914
13,ABCA12 (OMIM:242500),57,7023.482403666141,4.400678197785803,8.982178741276417,0.05513106266618496,1.4812279869442244
14,ABCA12 (OMIM:601277),65,9937.847338844882,4.777811220598501,8.645371890881206,0.0006982854539680614,1.6400053249799191
15,ABCA2 (OMIM:618808),72,12087.701586506499,4.729147725550273,8.390330869841303,7.104736562826131e-05,1.5253584281791122
16,ABCA3 (OMIM:610921),55,8528.533546568653,5.743120233379564,9.047869151224408,0.27018824818260867,1.6409130636291733
17,ABCA4 (OMIM:153800),8,79.81384385396912,2.85049442335604,5.237276650688817,0.7609453784098479,1.0542714159083684
18,ABCA4 (OMIM:248200),12,210.10436808913144,3.1833995165019915,5.361642791259053,0.008176358038014635,1.292585863086872
19,ABCA4 (OMIM:601718),29,1995.9915350050633,4.916235307894245,7.981024797845407,0.00015500775417016222,1.4899543357473946
20,ABCA4 (OMIM:604116),36,3237.881988634638,5.1394952200549815,7.950270638194183,0.0001917344771909692,1.5228215320147005
21,ABCA5 (OMIM:135400),29,1687.2404199241323,4.155764581093922,8.31920727349342,0.0021880361742556568,1.3775380874527574
22,ABCA7 (OMIM:608907),36,2682.872331877601,4.258527510916827,8.099664280647712,0.0003034016255382604,1.5831150695895029
23,ABCB1 (OMIM:612244),14,312.5977636124688,3.435140259477679,7.425799281159062,0.5789848082407059,1.3129772087961273
24,ABCB11 (OMIM:601847),56,7889.043032905406,5.122755216172342,9.051382881482878,8.678962776528191e-05,1.648824671715794
25,ABCB11 (OMIM:605479),35,2914.251561547904,4.897901784114125,8.94235871408567,8.678962776528191e-05,1.6094963806166032
26,ABCB4 (OMIM:600803),39,3690.484843525561,4.9804113947713375,8.403959429223658,0.00026323209777808567,1.6602718501447393
27,ABCB4 (OMIM:602347),47,5523.201537800287,5.109344623312014,9.051382881482878,0.045904659837265424,1.6713577947538116
28,ABCB4 (OMIM:614972),31,2185.3121733833354,4.6995960717921195,8.805855302940941,0.15492920798274556,1.5966924576097759
29,ABCB6 (OMIM:609153),29,1927.3565471590985,4.747183613692361,8.344348253086082,0.00034954821993255067,1.8275066398760287
30,ABCB6 (OMIM:614497),16,497.74595286131273,4.147882940510939,8.09354366825715,0.7609453784098479,1.5096134709110602
31,ABCB6 (OMIM:615402),11,208.58490229618516,3.7924527690215486,6.009433533989315,1.312119532985013,1.039393513932948
32,ABCB7 (OMIM:301310),131,46918.35824111665,5.510083175703659,9.050057039223194,0.00015286693837893977,1.519770080146479
33,ABCC1 (OMIM:618915),11,233.2791605909607,4.241439283472013,7.039041808377914,0.3980917516456417,1.7570197828690566
34,ABCC2 (OMIM:237500),21,875.6598378972159,4.169808751891504,7.673999406972417,8.678962776528191e-05,1.489826453121627
35,ABCC6 (OMIM:177850),86,17930.551734202272,4.905759708400074,8.686080504986174,0.0002689521254639294,1.5219751656876244
36,ABCC6 (OMIM:614473),58,9262.908979923788,5.60369569263387,8.947997433750036,0.0010855653860684738,1.8427134060875145
37,ABCC8 (OMIM:240800),42,4106.230024716811,4.769140562969583,8.546840266844706,0.0002791634935974599,1.6007032496874836
38,ABCC8 (OMIM:256450),27,1813.479353478615,5.166607844668419,8.904273742841035,0.0002791634935974599,1.9182883892344467
39,ABCC8 (OMIM:610374),11,233.77031958291354,4.250369446962065,7.538929909800172,0.016869058301451946,1.9880667961913616
40,ABCC8 (OMIM:618857),46,5035.208096097078,4.864935358547902,8.52042303241217,0.6736982505613585,1.5216663912888813
41,ABCC9 (OMIM:239850),124,36442.78426257783,4.778754820689461,8.884856770451918,0.00014722167009707527,1.454701799326268
42,ABCC9 (OMIM:608569),14,430.0143483214165,4.725432399136445,8.80023960979233,0.13759093795583704,1.89066557717047
43,ABCC9 (OMIM:614050),9,130.6846957097527,3.6301304363820197,5.388437390482778,8.736249828716642e-05,1.6019537253847265
44,ABCC9 (OMIM:619719),139,47938.5745261645,4.998287407586748,8.934238966176222,0.00019109962496280627,1.4806333830357261
45,ABCD1 (OMIM:300100),115,35364.92702890527,5.395107098231163,9.033086969596255,0.00010628559088546006,1.5421232507107345
46,ABCD3 (OMIM:616278),57,8127.735898813616,5.09256635264011,8.870272353659333,0.004883727133326189,1.6454492399897598
47,ABCD4 (OMIM:614857),154,57975.25559708492,4.921081028527707,8.990249446826201,0.00016194096168394945,1.3554702956765379
48,ABCG5 (OMIM:618666),19,652.9504682712941,3.8184237910601992,7.478649893720753,0.0012817528951234228,1.6629243796789728
49,ABCG8 (OMIM:210250),87,19164.59814915392,5.1228543568976,9.10780402719919,4.189843108750679e-05,1.6343575040575908
50,ABCG8 (OMIM:611465),8,96.99053620390015,3.4639477215678625,5.0743392672486,1.5815794965532501,0.9798043914346987
51,ABHD12 (OMIM:612674),97,23598.157948581225,5.068332892736517,8.989675600588276,0.0011901076561597205,1.4646025275970243
52,ABHD16A (OMIM:619735),76,14983.449972475722,5.257350867535341,8.789156748701284,0.00011500658009453042,1.6697460189958369
53,ABHD5 (OMIM:275630),74,12894.52905612852,4.773983360284531,8.709365484001456,0.001862257631737183,1.4746657185360432
54,ABL1 (OMIM:617602),156,57845.786194595,4.784597700131927,8.971314926846567,0.0002901132539534321,1.4359656022573057
55,ACACA (OMIM:613933),21,905.5801018203416,4.312286199144484,8.307300268858572,0.019538305154274842,1.6245228469920827
56,ACAD8 (OMIM:611283),26,1369.6629451276754,4.214347523469771,7.809180129762001,0.6858069643877314,1.3859815902950783
57,ACAD9 (OMIM:611126),71,12131.545403758671,4.881909619218781,8.923880301209035,0.0016094262110088685,1.5809068362439744
58,ACADM (OMIM:201450),69,11591.5794990619,4.940997228926641,8.825116156796453,0.0011777486855865352,1.5445232986485666
59,ACADS (OMIM:201470),95,20884.083074812683,4.677286242959167,8.399548531466795,0.00018869251796236437,1.3949394350837396
60,ACADSB (OMIM:610006),63,9115.349477475109,4.66735764335643,8.789730324828803,0.007807459901876793,1.5382674405778847
61,ACADVL (OMIM:201475),123,40869.152636901745,5.44704153497291,9.267593908929497,0.00016212543135581012,1.6493970181293567
62,ACAN (OMIM:165800),62,8794.986957689669,4.6509714213060125,8.566229574281888,0.0009466132864818706,1.5996183414143614
63,ACAN (OMIM:608361),32,2164.753511949094,4.364422403123173,8.889264004271626,0.004652465187464556,1.6024287420805179
64,ACAN (OMIM:612813),84,17067.37041426133,4.895975448726716,9.423161291769256,0.00015304849304319395,1.5828031812552827
65,ACAT1 (OMIM:203750),23,1144.327963374009,4.523035428355767,8.92481483051878,0.16283535681414846,1.7316707781893987
66,ACAT2 (OMIM:614055),25,1301.8365663889704,4.339455221296568,8.307300268858572,0.019538305154274842,1.5859603059692824
67,ACBD5 (OMIM:618863),80,15104.362500444098,4.7798615507734485,8.587897566866367,0.0001663034595149971,1.5094795648381614
68,ACD (OMIM:616553),53,6360.415017176487,4.615685788952458,9.223393158840036,0.00034846550864526177,1.6575170797324374
69,ACER3 (OMIM:617762),100,22951.007196017672,4.636567110306601,8.160722130129484,0.00015304849304319395,1.3431382849769116
70,ACKR3 (OMIM:619215),9,161.24061629452856,4.478906008181349,6.7810184267442715,0.00033296623504988637,1.5779651204154426
71,ACO2 (OMIM:614559),92,20963.2085825932,5.0079332495444815,9.11345293491237,0.0001018499913121344,1.4592791605468953
72,ACO2 (OMIM:616289),19,866.3238153971738,5.066221142673531,7.891248463548426,0.0013839206277086508,1.6511067408608069
73,ACOX1 (OMIM:264470),111,31922.920114229204,5.228979543690287,8.825116156796453,2.000000165480742e-10,1.5134530480309911
74,ACOX1 (OMIM:618960),61,8805.271303776686,4.811623663265949,8.964734206947517,0.014527955659357088,1.5593799508186612
75,ACOX2 (OMIM:617308),47,5763.262771163801,5.331417919670491,8.920088962592235,0.0007118641212882687,1.7611041048942726
76,ACP4 (OMIM:617297),21,836.8258939426045,3.9848852092504976,7.647569200458627,0.0019587674577635403,1.6558373207362092
77,ACP5 (OMIM:607944),184,86577.22285415465,5.142386722152213,8.933341393268416,0.00019875774762274654,1.5487922883371648
78,ACR (OMIM:620500),13,397.76751438967955,5.099583517816405,8.566164424851095,0.000803149581822378,2.4157312877975605
79,ACSF3 (OMIM:614265),33,2661.7226640733684,5.041141409229865,8.817267712425,0.16283535681414846,1.7573586156648886
80,ACSL4 (OMIM:300387),42,3675.046651560827,4.268346865924305,8.35151082614376,0.0454015306599506,1.3851301434411625
81,ACSL5 (OMIM:620357),31,2430.063441571148,5.225942885099243,8.709919954440453,0.15492920798274556,1.6736164054136877
82,ACTA1 (OMIM:161800),117,36216.39976587911,5.336928936911157,9.126221757608684,0.00025006395324224406,1.5605519562970689
83,ACTA1 (OMIM:616852),58,8091.929653592926,4.8952992459727325,8.633052613992636,0.0007644814594371429,1.66394649199369
84,ACTA1 (OMIM:620265),54,7108.722538107888,4.9676607533947506,8.860622938536464,0.00025006395324224406,1.6201616131998877
85,ACTA1 (OMIM:620278),111,29538.186724203515,4.8383598237843595,8.858343484117595,4.395661259112839e-05,1.5429631165433904
86,ACTA2 (OMIM:611788),31,1906.7808918133246,4.100604068415752,7.732528764483634,0.0007034141640015808,1.5612391467783293
87,ACTA2 (OMIM:613834),82,16160.511674616004,4.866158288050588,8.736695447358787,0.10207313550541328,1.4397846543609945
88,ACTA2 (OMIM:614042),12,212.9629924654626,3.2267120070524635,6.9285299329859305,0.02534658487314139,1.6556542006816428
89,ACTB (OMIM:243310),151,56564.22833059566,4.994633848176217,9.107138567489411,0.00015294580467822567,1.3771428727051946
90,ACTB (OMIM:604919),28,1746.1990065480204,4.6195740913968795,8.573373381656472,0.0008028321926913085,1.707671542547406
91,ACTB (OMIM:607371),83,17562.76428441074,5.160965114431601,8.750208825372567,7.104736562826131e-05,1.543068493294915
92,ACTB (OMIM:620475),110,29542.183278601675,4.92780371619711,9.048119543087411,7.104736562826131e-05,1.4830127365608894
93,ACTC1 (OMIM:612098),44,5325.082482292117,5.62905124978025,9.235549052995463,0.0001849738499394851,1.7087489693344913
94,ACTC1 (OMIM:612794),8,106.35691919311724,3.798461399754187,6.095059556407622,0.0018127530439782328,1.534397118279767
95,ACTC1 (OMIM:613424),27,1874.212896569313,5.339637881963855,8.694998898929775,0.0028246861463372313,1.7863520129691184
96,ACTG1 (OMIM:604717),10,130.27514687598696,2.895003263910821,4.723785436329275,0.0025707430151976655,1.596545297635662
97,ACTG1 (OMIM:614583),90,19139.78490779436,4.778972511309454,8.770477618249148,0.00015294580467822567,1.4152654970010519
98,ACTG2 (OMIM:155310),67,11569.16898120818,5.232550421170592,8.665797960903289,7.419480645582617e-05,1.5250958010966988
99,ACTG2 (OMIM:619431),41,3971.0478762941357,4.842741312553824,8.594001346099292,7.419480645582617e-05,1.6354897246568285
100,ACTL6B (OMIM:618468),71,12619.848080732376,5.078409690435564,8.234984861736331,0.0001018499913121344,1.5091745363943585
101,ACTL6B (OMIM:618470),92,20682.64518921257,4.9409090275233085,8.964079417231831,0.0001018499913121344,1.6136851144529814
102,ACTL7A (OMIM:620499),14,469.53991486901407,5.1597792842748795,8.566164424851095,0.000803149581822378,2.3661195094605296
103,ACTL9 (OMIM:619258),14,469.5477441379495,5.159865320197247,8.566164424851095,0.0002320595841619578,2.3661728230448826
104,ACTN1 (OMIM:615193),18,767.277408877579,5.014885025343654,8.376799596956868,0.021118882200204435,1.8461971603143699
105,ACTN2 (OMIM:612158),35,3291.7137290131,5.532291981534621,8.365195837655977,8.946248855872717e-05,1.8866674411091542
106,ACTN2 (OMIM:618654),58,7880.109953095747,4.7671566564402585,8.730099592609633,0.001107639007670092,1.6425109724053661
107,ACTN2 (OMIM:618655),25,1341.0868547126702,4.470289515708901,8.739986743640854,0.46443555168908324,1.7473545515420423
108,ACTN4 (OMIM:603278),47,4811.677082275575,4.451135136240125,8.17652298785914,0.0007165373026079224,1.4952398610500135
109,ACVR1 (OMIM:135100),129,39560.54281212395,4.7917324142592,8.870755216167135,9.6982301265833e-05,1.5569081716857587
110,ACVR2B (OMIM:613751),52,6277.15453794756,4.73390236647629,8.05775643345911,7.393453312369341e-05,1.4543104436686791
111,ACVRL1 (OMIM:600376),149,57664.740361853874,5.229887571363493,9.10747325917859,2.000000165480742e-10,1.583339319338631
112,ACY1 (OMIM:609924),69,11373.61547227384,4.848088436604365,9.11345293491237,0.22140590507770008,1.5372920256491467
113,ADA (OMIM:102700),149,59259.42466481918,5.374517020208523,9.164999342259263,2.000000165480742e-10,1.5585534119993736
114,ADA2 (OMIM:182410),97,23741.622889340964,5.099145809566358,8.986830245895392,0.0002442888340262263,1.5086164794644987
115,ADA2 (OMIM:615688),216,123760.69400244846,5.329917915695455,9.4286855550867,0.0001814909648877517,1.5704428173964362
116,ADAM10 (OMIM:615537),9,124.51855401212087,3.4588487225589133,5.957063977226572,1.5615295258888247,1.0739097521684213
117,ADAM17 (OMIM:614328),65,10102.327366042206,4.856888156751061,8.643856288751882,0.00017851427268566979,1.6107309173613273
118,ADAM22 (OMIM:617933),73,12882.77703000512,4.902122157536195,8.915862472076086,0.0006912747598399878,1.554024307123704
119,ADAM9 (OMIM:612775),11,183.04520194437728,3.3280945808068596,6.116896347501821,0.7609453784098479,1.1817003890780433
120,ADAMTS10 (OMIM:277600),127,39968.94489930618,4.99549367570381,8.795336840276914,0.00014468862235090667,1.5572105811545898
121,ADAMTS13 (OMIM:274150),85,18632.731257407082,5.219252453055205,9.050277720710847,0.00019109498643675617,1.725284325577162
122,ADAMTS15 (OMIM:620545),155,61910.284701485354,5.18728820288943,8.911457320616677,0.0005149209235504193,1.4749258611247382
123,ADAMTS17 (OMIM:613195),38,3565.2045697401986,5.071414750697295,8.671834947450003,0.00014468862235090667,1.7310306258190211
124,ADAMTS18 (OMIM:615458),34,2493.286284264818,4.444360578012153,8.068556642751055,0.00017449449899708947,1.3871860372744733
125,ADAMTS19 (OMIM:620067),57,8450.24144232738,5.294637495192594,8.916567147630133,0.00012113826840601775,1.6915571406636394
126,ADAMTS2 (OMIM:225410),151,54971.30305946691,4.853978195096416,9.226771539364805,0.0006090516962336616,1.4792128871351256
127,ADAMTS3 (OMIM:618154),59,7779.950049525882,4.547019315912263,8.930226175584693,0.023056846948338643,1.470649070775994
128,ADAMTSL2 (OMIM:231050),157,59485.14913656212,4.857516669652305,9.181781892504443,0.00015294580467822567,1.463143112702974
129,ADAMTSL4 (OMIM:225100),6,52.397424522584906,3.4931616348389936,5.7470570072230345,0.7609453784098479,1.5206695564082329
130,ADAMTSL4 (OMIM:225200),19,777.8891273492538,4.549059224264642,7.94304835981926,0.00014468862235090667,1.7515237195021383
131,ADAR (OMIM:127400),10,166.0753608616687,3.690563574703749,5.934351798332803,1.5615295258888247,1.0169489060391947
132,ADAR (OMIM:615010),93,20542.347954281788,4.801857866826038,8.65579175745594,0.0001018499913121344,1.537090503489698
133,ADARB1 (OMIM:618862),139,46301.86679727467,4.827637034435895,8.527832132835597,0.000609477969479842,1.3274778565218068
134,ADAT3 (OMIM:615286),99,22627.215562984533,4.664443529784484,8.742485678985322,0.00045198453520349144,1.4108826581199674
135,ADCY1 (OMIM:610154),8,111.71408265858632,3.989788666378083,7.562010141463631,0.3980917516456417,1.8074678692780834
136,ADCY10 (OMIM:143870),14,389.5564665924826,4.280840292225084,7.595953859144992,0.0023039278272346396,1.7591543746374434
137,ADCY3 (OMIM:617885),35,2805.9142218139978,4.715822221536131,8.70455430673233,0.0010425010607765092,1.7201612582212589
138,ADCY5 (OMIM:606703),67,11062.26090507411,5.003283991440123,9.014844193899634,0.00037868868455093207,1.6288414437749643
139,ADCY5 (OMIM:619647),38,3339.6384929116484,4.7505526214959435,8.629338893539032,0.15387084586234145,1.5084399484693083
140,ADCY5 (OMIM:619651),66,10382.087488450034,4.840134027249433,8.758319797340576,0.0002046419419841836,1.5395992452031277
141,ADCY6 (OMIM:616287),68,10818.368030089492,4.749064104516897,9.174733685028867,0.00031792342844160594,1.5494852426290202
142,ADD3 (OMIM:617008),64,9524.612208335406,4.7245100239758955,8.448120563363869,0.0036511975220753527,1.4606332560627597
143,ADGRE2 (OMIM:125630),14,401.9280878671922,4.416792174364749,7.840908768926719,0.005786753307213659,1.8292404774196709
144,ADGRG1 (OMIM:606854),79,15543.504384856391,5.044954360550597,8.41185568765741,0.0001450324633516059,1.5454981991782895
145,ADGRG1 (OMIM:615752),29,1783.2678697500173,4.392285393472949,8.183700653076956,0.002325878090793215,1.5694647609452221
146,ADGRG2 (OMIM:300985),17,684.2911663294446,5.031552693598858,7.905921956541114,0.0002487030284261157,2.0220051200535623
147,ADGRG6 (OMIM:616503),104,25852.728035615964,4.82687229940552,8.551072968343087,0.0003808195877039723,1.5758781199852898
148,ADGRL1 (OMIM:620065),68,11537.608776162619,5.064797531239077,8.527999464694219,0.0002095667367135034,1.4965617792979544
149,ADGRV1 (OMIM:604352),12,302.008712849431,4.575889588627742,7.826797065347226,0.03818176809348242,2.3306608331944956
150,ADH5 (OMIM:619151),113,30055.719737100517,4.749639655041169,8.950190599773368,0.0001469875513899424,1.4930751114701122
151,ADK (OMIM:614300),125,38733.42854437308,4.997861747661042,8.797690588420261,0.0001018499913121344,1.5050694492547005
152,ADNP (OMIM:615873),303,248016.53034462527,5.420770885944643,9.129859253319943,0.00015294580467822567,1.4412467760650545
153,ADPRS (OMIM:618170),103,27757.33535573602,5.28409201517914,9.11345293491237,9.774864833445439e-05,1.5807567014632686
154,ADRA2A (OMIM:620679),56,7438.696800588119,4.830322597784493,8.712951550898289,0.0005727427745271421,1.6593634821804175
155,ADRB1 (OMIM:618591),6,48.791657831910705,3.252777188794047,6.0006018397088745,1.046009439364104,1.5445630680656952
156,ADSL (OMIM:103050),117,33476.59385712668,4.933185065889579,8.518101504699134,0.0001018499913121344,1.3978641323394403
157,ADSS1 (OMIM:617030),41,3825.0799315217055,4.664731623806958,9.055320999324032,0.00025006395324224406,1.8522707700814882
158,AEBP1 (OMIM:618000),200,101886.41922941132,5.119920564292026,9.07923743615361,0.00011653140972231848,1.4610967672476554
159,AFF2 (OMIM:309548),68,10088.97386391451,4.4288735135709,8.344095292046818,0.0005543272741829107,1.3417367427011277
160,AFF3 (OMIM:619297),245,157747.71490232437,5.277608394189508,9.08316548962287,2.000000165480742e-10,1.4306163270587107
161,AFF4 (OMIM:616368),168,69441.30248732594,4.950192649509976,8.995747773179575,0.00022366396974664592,1.3995821609481447
162,AFG2A (OMIM:616577),98,24641.256646852664,5.18435864650803,8.921844382409917,0.0012599449808452711,1.5010175546791535
163,AFG2B (OMIM:619615),15,480.6265381529868,4.577395601457018,8.405881591175914,0.3980917516456417,1.7589898275599694
164,AFG2B (OMIM:619616),100,24135.377846885123,4.875833908461641,8.908085989829646,0.009198308701206151,1.491421912642193
165,AFG3L2 (OMIM:610246),59,8663.582165030723,5.063461230292649,8.525753923501734,0.0031322065301471885,1.5072322381313492
166,AFG3L2 (OMIM:614487),73,13751.582991203064,5.232718033182293,8.935651521977174,0.0013663154309970131,1.633625194789689
167,AFG3L2 (OMIM:618977),22,1075.5481910923968,4.656052775291761,8.218005267797317,0.7609453784098479,1.5611601483303228
168,AFP (OMIM:615969),4,12.91284141257412,2.15214023542902,2.952369505601037,0.7400213448202568,0.7002273977764705
169,AFP (OMIM:615970),4,12.91284141257412,2.15214023542902,2.952369505601037,0.7400213448202568,0.7002273977764705
170,AGA (OMIM:208400),160,60478.26337466613,4.754580453983186,9.005211095791768,0.00015294580467822567,1.4231451893011118
171,AGBL1 (OMIM:615523),9,157.88638031979522,4.385732786660978,7.7520811126093525,0.0003797032882271751,2.2246079584447394
172,AGBL5 (OMIM:617023),32,2465.3017704015783,4.9703664725838275,8.582649409843931,0.00015500775417016222,1.6634686268865346
173,AGK (OMIM:212350),96,23797.209555450354,5.218686306019815,9.007057421182466,0.0014022378318944541,1.5994761166100238
174,AGK (OMIM:614691),6,33.683625767103464,2.245575051140231,4.2648670286593475,0.5854579498923579,0.963957410153354
175,AGL (OMIM:232400),64,9371.324289013726,4.64847434970919,8.825116156796453,0.15492920798274556,1.48280292718588
176,AGO1 (OMIM:620292),100,25131.726858837857,5.077116537138961,8.908085989829646,0.001107639007670092,1.471413680869403
177,AGO2 (OMIM:619149),129,41828.44940897537,5.0664304032189165,8.849594780119629,0.00020730474885900254,1.4955768878301003
178,AGPAT2 (OMIM:608594),136,45795.02720476431,4.9885650549852185,9.139133014816656,0.00024335669615791332,1.5787279184864191
179,AGPS (OMIM:600121),40,2965.4029076025554,3.8017985994904557,8.956214362023143,0.37543966712845633,1.5506755717215912
180,AGR2 (OMIM:620233),131,45810.27611165707,5.379950218632656,9.218329734759083,0.0010855653860684738,1.6048798680244594
181,AGRN (OMIM:615120),36,2685.6570598166395,4.262947713994666,8.269471076201361,0.0001327613358585333,1.6110163822592598
182,AGTPBP1 (OMIM:618276),107,29437.622515949308,5.19090504601469,8.79451553437907,0.0024908879229949667,1.4758476119588866
183,AGXT (OMIM:259900),90,20141.600660821765,5.029113772989205,9.031509937880818,6.805098156487597e-05,1.594279672650911
184,AGXT2 (OMIM:210100),7,56.371191036107874,2.684342430290851,4.699920633739699,0.7400213448202568,0.9523356287389978
185,AHCY (OMIM:613752),56,6942.910597959728,4.508383505168655,8.771567589291417,0.15492920798274556,1.5045093538734893
186,AHDC1 (OMIM:615829),101,25064.984587827053,4.963363284718229,8.658302736169775,2.000000165480742e-10,1.4076641827226832
187,AHI1 (OMIM:608629),114,32755.40907018681,5.085453977672227,8.985832664434763,0.0001450324633516059,1.5322128152614625
188,AHR (OMIM:618345),14,385.23981491756973,4.233404559533733,7.981024797845407,0.0012541127309823397,1.6647461736603828
189,AHSG (OMIM:203650),12,265.4699777754353,4.022272390536899,7.916076763919341,0.0012599449808452711,1.6892425349799074
190,AICDA (OMIM:605258),48,4992.137880794546,4.425654149640555,8.89936188125208,0.08854697781472262,1.5596363768841501
191,AIFM1 (OMIM:300232),156,57870.01229049369,4.786601512861347,8.680985882741803,0.0013767302025706244,1.3780306929647816
192,AIFM1 (OMIM:300614),44,5026.077390477393,5.312978214035299,8.90656598571372,0.1049752419443217,1.6353537105550806
193,AIFM1 (OMIM:300816),74,13314.123503067513,4.929331174775088,8.751802976222852,0.0014412357406238222,1.5525098639528976
194,AIFM1 (OMIM:310490),50,6697.135349912973,5.4670492652350795,9.16883064934852,0.0015990505493633342,1.8927175701590915
195,AIMP1 (OMIM:260600),110,31281.343429134995,5.217905492766471,9.006003187652746,8.091248143822315e-05,1.556447692419413
196,AIMP2 (OMIM:618006),107,27657.371002206426,4.876983072157719,8.511133033645812,0.00011853325674116622,1.4121890602599754
197,AIP (OMIM:102200),48,5544.824196385955,4.915624287576201,8.66334403559808,0.001356657445363558,1.6911780184891798
198,AIPL1 (OMIM:604393),40,3844.514754913332,4.928865070401708,8.198960939271464,0.02464529186207756,1.5446282082560008
199,AIRE (OMIM:240300),153,61747.39337316579,5.310233348225472,9.271805349039825,0.0001269232079222614,1.5183676761687617
200,AK1 (OMIM:612631),8,98.97452032568927,3.5348042973460454,6.570800143994553,0.7400213448202568,1.6036428911261749
201,AK2 (OMIM:267500),28,2054.159269992796,5.434283783049725,8.933908660396092,2.000000165480742e-10,1.9570718566049896
202,AK7 (OMIM:617965),21,1122.7841199851482,5.3465910475483245,8.566164424851095,8.084441465612328e-05,2.289980250066336
203,AKAP3 (OMIM:620353),20,1005.9048469601813,5.294236036632533,8.566164424851095,8.084441465612328e-05,2.285121157160272
204,AKAP9 (OMIM:611820),9,157.3075324175607,4.369653678265575,8.533454444257114,0.0005587370084376136,2.1695409458226393
205,AKR1D1 (OMIM:235555),53,7108.89235299511,5.158847861389775,9.051382881482878,0.027031792170348293,1.7008144712651745
206,AKT1 (OMIM:176920),98,22740.821733797937,4.7845196157790735,8.948893111937249,0.0006463772126764641,1.511668780890585
207,AKT1 (OMIM:615109),147,54469.89458465683,5.075938364053381,9.115391015781093,0.000669664920966333,1.5759363414772085
208,AKT2 (OMIM:240900),31,2256.80790622467,4.853350335967033,8.961678774738585,0.03413730593427815,1.7273919522119299
209,AKT3 (OMIM:615937),65,9200.352116236707,4.423246209729186,8.35490118153248,0.0005157462223478919,1.4692807508125039
210,ALAD (OMIM:612740),41,4007.43278660049,4.887113154390842,9.21806938086892,0.16283535681414846,1.5835730419368386
211,ALAS2 (OMIM:300751),16,574.2482217258748,4.785401847715623,8.821716384537705,0.0003810543569224507,2.179355199809285
212,ALAS2 (OMIM:300752),26,1427.314442650168,4.391736746615901,8.151028216534025,0.004883727133326189,1.7168401445688415
213,ALB (OMIM:615999),7,77.40522297398341,3.685962998761115,7.119358666584365,1.042040545875447,1.7267683970936565
214,ALB (OMIM:616000),55,6496.523717298725,4.374763445992408,8.649917817557759,0.000151751107741131,1.4916806040822361
215,ALDH18A1 (OMIM:219150),156,60181.17182906435,4.977764419277448,9.054649716855387,4.189843108750679e-05,1.4795576084958755
216,ALDH18A1 (OMIM:601162),124,39697.06087062314,5.205489230346596,8.991827087192652,0.0010221449047190993,1.4868080565171162
217,ALDH18A1 (OMIM:616586),105,27499.145099556627,5.036473461457257,9.173834865029978,0.0010221449047190993,1.4429429899297723
218,ALDH18A1 (OMIM:616603),123,35086.77409415711,4.676365999487819,8.780287854500026,0.00012113826840601775,1.4324230037694656
219,ALDH1A2 (OMIM:620025),151,54735.208284599474,4.833130974357569,8.96358751564049,0.00017796557473134708,1.4980074238910674
220,ALDH1A3 (OMIM:615113),31,2152.4568151826484,4.628939387489567,8.586966239113748,0.41740196712093663,1.5291895177393076
221,ALDH2 (OMIM:610251),9,119.83536084905047,3.3287600235847354,6.980895034001437,0.7400213448202568,1.4680659743849056
222,ALDH3A2 (OMIM:270200),102,24484.29999023678,4.753310034990639,8.68815381515595,0.0004869030830305121,1.4829264928688493
223,ALDH4A1 (OMIM:239510),19,616.1697372818203,3.603331796969709,7.29322448560259,0.7400213448202568,1.2771014345451834
224,ALDH5A1 (OMIM:271980),87,18778.192046837907,5.0195648347601995,8.908085989829646,0.00018869251796236437,1.4827862718134033
225,ALDH6A1 (OMIM:614105),120,32590.196934002015,4.564453352101123,8.822869115005792,0.0012287831758608515,1.373391279481209
226,ALDH7A1 (OMIM:266100),59,8463.050203879888,4.94625961652828,8.908085989829646,0.001362946333419783,1.5246088014978463
227,ALDOA (OMIM:611881),101,24170.399371375297,4.786217697302039,9.044797156522364,0.0009501917529254702,1.5313897744098217
228,ALDOB (OMIM:229600),96,24902.372865717705,5.461046681078444,8.845301493771158,4.6205325448638656e-05,1.6138350890742112
229,ALG1 (OMIM:608540),101,22779.959479440568,4.510883065235756,9.004264940230842,0.004469792754054722,1.400942307843516
230,ALG11 (OMIM:613661),84,17047.9566384714,4.890406379366437,8.662257483087934,0.0454015306599506,1.4808498505834955
231,ALG12 (OMIM:607143),213,117641.29527775341,5.21043915660171,9.100964310357936,0.0001663034595149971,1.455176600509041
232,ALG13 (OMIM:300884),133,42346.05405734141,4.824111877117955,9.09486493334436,0.0005412573883512041,1.523595086825865
233,ALG14 (OMIM:616227),33,2576.6448230844508,4.880009134629642,8.370117569583439,0.0001327613358585333,1.6712944903433744
234,ALG14 (OMIM:619031),54,7070.705686214003,4.941094120345215,8.739065445012372,0.0005689965370294645,1.600213197475286
235,ALG14 (OMIM:619036),109,28631.69248171198,4.864371811367988,9.02845745317525,9.309337643604373e-06,1.5833584338769915
236,ALG2 (OMIM:607906),156,61736.193735234956,5.106384924337052,9.21335638868048,0.0001018499913121344,1.4537237353449788
237,ALG2 (OMIM:616228),87,18223.53185223813,4.871299613001372,8.647788429927946,0.0001327613358585333,1.6212983671554708
238,ALG3 (OMIM:601110),155,60316.8472497427,5.053778571407013,9.0897054662999,7.985349342145561e-05,1.476608329998159
239,ALG5 (OMIM:620056),20,872.9013048441363,4.594217393916507,7.643677241522686,0.0007165373026079224,1.7734791129466465
240,ALG6 (OMIM:603147),38,3374.72443355846,4.800461498660683,8.355273260591456,0.15387084586234145,1.5939987995392881
241,ALG8 (OMIM:608104),127,39141.79444083917,4.892112791006021,8.870272353659333,0.0004395559339724585,1.4496593227033447
242,ALG8 (OMIM:617874),13,315.3528092726287,4.04298473426447,7.605187688560167,0.0006348976444134446,1.7574675507058954
243,ALG9 (OMIM:263210),128,37638.43587058641,4.6307130746292335,8.73235548845863,0.00027855748203595886,1.4454258641407378
244,ALG9 (OMIM:608776),177,77741.33225500032,4.991097345595809,9.14822774319834,0.00015294580467822567,1.469558902549384
245,ALKBH8 (OMIM:618504),86,18203.297204179173,4.9803822720052455,8.7991717536146,0.00031984864419684893,1.473676467180172
246,ALMS1 (OMIM:203800),218,127660.3421508233,5.397215666123675,9.3416634968819,0.0001269232079222614,1.5436234417471368
247,ALOXE3 (OMIM:606545),45,4473.951282730113,4.519142709828397,8.64943149774535,0.0006982854539680614,1.5872639720523194
248,ALPK1 (OMIM:614979),43,4249.308613342819,4.705768121088393,9.03401310989668,0.07613353902806305,1.7489152010954152
249,ALPK3 (OMIM:618052),64,10665.061075202499,5.290208866667906,8.875913972318802,0.0002615512942008121,1.750756020701547
250,ALPL (OMIM:146300),45,4134.217539705658,4.175977312833998,8.532048216896937,0.00021434879144257177,1.6632187868985158
251,ALPL (OMIM:241500),149,51297.93010973441,4.652451488276293,8.978533572278913,0.0023039278272346396,1.430590100916725
252,ALPL (OMIM:241510),69,10331.992711996849,4.4040889650455455,8.59340696577242,0.0002572024680045654,1.3659192380020364
253,ALS2 (OMIM:205100),154,64403.31285276245,5.4667101988593885,9.012016019436766,0.001459952330632207,1.5225389697693326
254,ALS2 (OMIM:606353),76,14179.68348958096,4.975327540203846,9.056677136588082,0.034298969772904774,1.5228130114033225
255,ALS2 (OMIM:607225),77,14402.041094492797,4.922091966675597,8.988765405710629,0.0010221449047190993,1.5563955924943549
256,ALX1 (OMIM:613456),52,5944.1215647361405,4.482746278081554,8.800379706419774,0.001593650296769844,1.3987323438720083
257,ALX3 (OMIM:136760),170,70263.7405091987,4.8913150371875185,8.87886668702097,0.00045198453520349144,1.4202205086130106
258,ALX4 (OMIM:609597),30,1881.1203279448682,4.324414546999697,8.22765237670073,0.18316446661760147,1.4950393347410216
259,ALX4 (OMIM:613451),126,41134.01772595251,5.223367330279683,8.954523087157757,0.0002420511210071265,1.4577179007755594
260,ALX4 (OMIM:615529),9,117.44441495976109,3.2623448599933638,5.106229204388353,0.7154510495873228,1.1984737492504618
261,AMACR (OMIM:214950),69,12584.697142547822,5.36432103262908,9.051382881482878,0.00019109498643675617,1.7137483141526382
262,AMACR (OMIM:614307),72,12487.172394574602,4.885435209144993,9.16994723800259,0.0004882882588597252,1.4590505252537709
263,AMBN (OMIM:616270),18,575.6930149317177,3.7626994439981547,7.005354915504629,0.0019587674577635403,1.676592492979655
264,AMELX (OMIM:301200),21,857.9970703239194,4.085700334875806,7.758403407027391,0.0012508654631617168,1.784093975344452
265,AMER1 (OMIM:300373),255,169898.7241305864,5.246216585783122,8.979313113605343,5.9439822204979764e-05,1.4640780165602663
266,AMFR (OMIM:620379),69,11589.190039778841,4.939978704083052,8.680280797638474,0.0010221449047190993,1.526567181362837
267,AMMECR1 (OMIM:300990),174,75278.71742862179,5.001575804173928,8.944805850059732,0.00016194096168394945,1.4709119694005208
268,AMN (OMIM:618882),45,4672.702931026528,4.719901950531846,8.35335613319995,0.0001535021262857191,1.5714696268266102
269,AMPD1 (OMIM:615511),25,1367.1889414677419,4.557296471559139,9.099668181052794,0.00776217953784919,1.7201955368864463
270,AMPD2 (OMIM:615686),62,9741.15333986322,5.151323818013337,8.098737624374051,0.00010628559088546006,1.6228466508569008
271,AMPD2 (OMIM:615809),136,45331.482610146726,4.938070001105308,8.68929825871414,0.0012412600225884785,1.3781198953681932
272,AMT (OMIM:620398),31,2139.0265601461842,4.600057118593945,8.823833882896107,7.104736562826131e-05,1.642535897892463
273,AMTN (OMIM:617607),16,440.0160987729704,3.6668008231080864,7.0044179549823555,0.0019587674577635403,1.6789297502206584
274,ANAPC1 (OMIM:618625),87,17284.579326696257,4.620309897539764,9.008244129969956,0.12871499364286615,1.4008349901845047
275,ANAPC7 (OMIM:619699),76,13620.737479547448,4.779206133174543,8.852767900076527,0.09547380747933107,1.5101920579766708
276,ANG (OMIM:611895),21,852.1077862920381,4.0576561252001815,8.499133549000069,0.0029392195486610383,1.618348624035363
277,ANGPT1 (OMIM:619361),25,1059.6933658148562,3.532311219382854,6.971982765267307,0.7388212240972487,1.2413731618582526
278,ANGPT2 (OMIM:619369),14,360.5038400067466,3.961580659414798,7.26281603879411,0.7400213448202568,1.3503357486402983
279,ANGPTL3 (OMIM:605019),10,203.16473431729133,4.514771873717585,7.6522951990375585,0.0013983207012920977,2.1708272504109747
280,ANK1 (OMIM:182900),39,3640.895754421842,4.913489547127992,9.10780402719919,0.00027414783043571854,1.7169542539278522
281,ANK2 (OMIM:600919),19,937.6605000565501,5.483394737172808,9.043632319455332,0.01279329594845404,2.300112618029688
282,ANK3 (OMIM:615493),56,6986.218268337398,4.536505369050258,8.232308486184055,0.0011342589495837805,1.4162225581141936
283,ANKH (OMIM:118600),12,264.06822165537744,4.0010336614451125,8.286501225220404,0.008469585917447543,1.8956886906027899
284,ANKH (OMIM:123000),151,58133.166116445806,5.133171401010667,8.93996170190982,0.0007145103008383936,1.5584696357999994
285,ANKLE2 (OMIM:616681),118,31148.887112087454,4.5123695657087435,8.583857520957796,0.00040364886229316726,1.343933617887569
286,ANKRD11 (OMIM:148050),163,66419.68122108793,5.030650702195556,8.689907265165816,0.00017189252005425464,1.4752327095521436
287,ANKRD17 (OMIM:619504),116,32561.492454447005,4.8817829766787115,8.79841293830386,0.00031984864419684893,1.4252648042666558
288,ANKRD26 (OMIM:188000),24,1283.2376306756,4.649411705346377,8.84130759067763,0.021118882200204435,1.6860411317592756
289,ANKS6 (OMIM:615382),44,4769.072540506284,5.041302896941104,8.421114016030591,0.00027855748203595886,1.7255549344496988
290,ANLN (OMIM:616032),22,1020.2945023534534,4.416859317547417,8.083639940233253,0.0007165373026079224,1.72015066703109
291,ANO1 (OMIM:620045),47,5461.76828253305,5.052514599938067,9.175778459610973,8.091248143822315e-05,1.5753083272488642
292,ANO1 (OMIM:620687),31,2045.933811902792,4.399857660006004,8.1153909526629,0.002602641188336864,1.8022640470007716
293,ANO10 (OMIM:613728),68,11811.775889697743,5.185151839200063,8.879229495516284,0.0011901076561597205,1.589702690631805
294,ANO3 (OMIM:615034),30,1993.5309354456822,4.58282973665674,8.053805253740482,0.0008585106956950381,1.6115913610687995
295,ANO5 (OMIM:166260),24,937.7892789011294,3.3977872423953963,8.320849758392523,0.5304118126481896,1.5382776556116649
296,ANO5 (OMIM:611307),46,4983.070550930644,4.8145609187735685,9.056217712095465,0.12779646725482452,1.739949420512655
297,ANO5 (OMIM:613319),35,3056.7353195618957,5.137370284977976,9.190194003662649,0.004239304276640087,2.1524137172193663
298,ANO6 (OMIM:262890),7,72.28118223084137,3.4419610586114935,5.792371327930041,1.1075352672935082,1.2864162251121225
299,ANOS1 (OMIM:308700),83,17489.370089600492,5.1393976166913,9.348000251224683,0.00031984864419684893,1.5934573662226457
300,ANTXR1 (OMIM:230740),177,80509.75217326201,5.168833601262327,9.09327034889566,0.0002327990288024711,1.4557808588706653
301,ANTXR2 (OMIM:228600),63,8545.180277577312,4.375412328508609,8.975266020861353,0.5304118126481896,1.3447440671205295
302,ANXA11 (OMIM:617839),22,1034.3646121638662,4.47776888382626,8.021491946627922,0.0029392195486610383,1.8225093788216769
303,ANXA11 (OMIM:619733),67,10443.6434306568,4.723493184376663,9.313606039717692,0.0032835117667685586,1.6034498718410042
304,AOPEP (OMIM:619565),33,2657.496218068358,5.033136776644617,8.437756974168465,0.009086706039062833,1.6344841983389333
305,AP1B1 (OMIM:242150),116,32166.76702877581,4.822603752440151,8.810625430682554,0.0006982854539680614,1.4846115485734164
306,AP1G1 (OMIM:619467),112,30996.513749376165,4.986569136000027,8.795029463371854,0.003303224205639112,1.5379780447704912
307,AP1G1 (OMIM:619548),84,16136.785085531435,4.629026128953367,8.561392742882122,0.00045198453520349144,1.3625515128011727
308,AP1S1 (OMIM:609313),75,13114.686473127433,4.726013143469345,8.616878709731807,0.0001530238737765355,1.4703339900452057
309,AP1S2 (OMIM:304340),158,65081.281280902884,5.247220936942908,8.835885113849107,2.000000165480742e-10,1.4737193138471987
310,AP1S3 (OMIM:616106),11,217.75326179807678,3.959150214510487,8.644390811113425,0.5789848082407059,1.7874208766165562
311,AP2M1 (OMIM:618587),71,12566.047152371406,5.056759417453282,8.908085989829646,0.0015682711898302283,1.6655233283148945
312,AP2S1 (OMIM:600740),81,16052.37232108393,4.954435901569115,9.013191782136632,4.601228545832103e-05,1.682433941077161
313,AP3B1 (OMIM:608233),176,77578.29563554729,5.037551664645927,8.964047613836755,2.000000165480742e-10,1.5141737579690409
314,AP3B2 (OMIM:617276),95,21969.407592658114,4.920360043148514,8.896248423949645,0.0005412573883512041,1.4581503272710008
315,AP3D1 (OMIM:617050),124,36492.98463863234,4.785337613248405,9.26419003440818,0.0001018499913121344,1.4554248877969584
316,AP4B1 (OMIM:614066),118,35742.406973373974,5.177807760882801,8.80561446323372,0.00015294580467822567,1.5099374774943672
317,AP4E1 (OMIM:184450),9,121.09602544594186,3.363778484609496,5.11417859856403,0.08557385461198827,1.1351888663995633
318,AP4E1 (OMIM:613744),122,37621.932251551814,5.097132130002955,8.957244018559804,0.00015294580467822567,1.559104677431609
319,AP4M1 (OMIM:612936),108,29281.065565014906,5.067681821567135,9.01356784618111,2.000000165480742e-10,1.5541793316680221
320,AP4S1 (OMIM:614067),94,22793.85553220103,5.214791931411812,8.957244018559804,0.00015294580467822567,1.6567247637887088
321,AP5Z1 (OMIM:613647),78,15271.292223702156,5.085345395838214,8.766546793703773,0.0010221449047190993,1.5826916580948824
322,APC (OMIM:135290),22,1130.3386847953625,4.893241059720184,8.800182390932594,0.0030701080482051593,1.8863389999794757
323,APC (OMIM:175100),108,31860.53332907465,5.514110994993882,9.099237223531544,0.0011669022655097488,1.5870984764253293
324,APC (OMIM:619182),13,347.6801013351816,4.457437196604892,7.159854512232216,0.059063402546760235,1.532474086505825
325,APC2 (OMIM:617169),61,8981.753790208122,4.908062180441597,8.531873620888428,0.00015304849304319395,1.4421940060351353
326,APC2 (OMIM:618677),79,16452.836172978736,5.3400961288473665,8.739065445012372,0.00030206516417093,1.592986330684036
327,APCDD1 (OMIM:605389),20,640.305081772671,3.3700267461719524,5.728069361516864,0.7388212240972487,1.041828980500837
328,APOA1 (OMIM:618463),32,2212.7635679713367,4.461216870909953,7.478649893720753,4.189843108750679e-05,1.6009172837406442
329,APOA1 (OMIM:619836),10,182.18251028762074,4.048500228613794,7.302679411753732,0.13075475700834943,1.8527355701127415
330,APOA5 (OMIM:144650),21,849.8918158135384,4.047103884826374,7.4990523651506535,0.0005462131290631422,2.4638976085435074
331,APOA5 (OMIM:145750),38,3206.1926258863473,4.560729197562372,7.835974379045277,0.0003112653390057239,1.7117576157957752
332,APOB (OMIM:144010),44,4355.3407271492615,4.603954257028818,7.924743951569543,4.189843108750679e-05,1.5834690531865812
333,APOB (OMIM:615558),49,6350.4459974195315,5.4000391134519825,8.853026558514408,1.7889068280074423e-05,1.8494175993130069
334,APOC2 (OMIM:207750),48,5185.424366550974,4.597007417155119,8.51955089020232,0.0009670425517532076,1.6609364381345404
335,APOC3 (OMIM:614028),12,283.0852957565896,4.289171147827115,7.6522951990375585,0.0013983207012920977,2.33697809302685
336,APOE (OMIM:104310),18,614.5168260838368,4.016449843685208,8.21239482575006,0.0003034016255382604,1.6705986158437074
337,APOE (OMIM:269600),39,3378.29922860131,4.559108270717018,8.79982086253456,0.021118882200204435,1.6078166300044725
338,APOE (OMIM:611771),19,685.3416421316097,4.00784586041877,7.946987999966627,0.36055313953333146,1.5496599227882861
339,APOL1 (OMIM:612551),17,550.4472246918397,4.047406063910586,7.093982778142433,0.0007165373026079224,1.7752641792488124
340,APOLD1 (OMIM:620715),36,2782.9154964717773,4.4173261848758365,8.937556381562423,0.0010925781096296247,1.5506389421563604
341,APP (OMIM:605714),37,3350.06636246697,5.030129673373829,8.714312231386513,0.0011199832468595146,1.83927635672949
342,APPL1 (OMIM:616511),11,205.05962378664825,3.728356796120877,9.052915261377967,0.7400213448202568,1.8263084053998717
343,APRT (OMIM:614723),36,3168.6053662590657,5.0295323273953425,8.515712334642457,0.012300385715911384,1.7382008622670266
344,APTX (OMIM:208920),91,22054.716169955944,5.385767074470316,9.004926422207104,0.00035005354757042197,1.6036332482481068
345,AQP2 (OMIM:125800),60,9818.53051753589,5.547192382788638,8.788048791865636,7.419480645582617e-05,1.7310686528459738
346,AQP5 (OMIM:600231),20,725.05066978837,3.8160561567808946,6.100361096055729,0.0009701167206310269,1.3542855018938955
347,AR (OMIM:300068),50,5599.358969533329,4.570905281251697,8.706709213432092,0.0013598250934187413,1.3983297621168307
348,AR (OMIM:300633),11,213.41656936590465,3.8803012611982663,6.079586490965882,0.0005903795431060517,1.4546095769261944
349,AR (OMIM:312300),43,4681.891900122342,5.184819379980445,9.3416634968819,0.0002487030284261157,1.6861996045600935
350,AR (OMIM:313200),62,8997.9868065755,4.758321949537546,9.07858094540996,0.46443555168908324,1.4910459451196982
351,ARCN1 (OMIM:617164),170,72651.97617998836,5.05756882561701,8.92308327495935,0.00016194096168394945,1.4375459857478532
352,ARF1 (OMIM:618185),41,3568.6040245344416,4.351956127481026,7.7917057226594215,0.0002095667367135034,1.2988305479396132
353,ARFGEF1 (OMIM:619964),37,3539.222982225264,5.3141486219598555,8.427639205084887,0.0005412573883512041,1.7323502713877879
354,ARFGEF2 (OMIM:608097),62,9371.01702217511,4.955588060378165,8.385219701354963,0.0001663034595149971,1.52331104957669
355,ARG1 (OMIM:207800),86,18359.359365260683,5.023080537691022,8.871048181542156,0.00016212543135581012,1.6245954476820947
356,ARHGAP31 (OMIM:100300),170,74770.30370158865,5.205033324162106,8.895478856686044,0.0011910597269315982,1.4650636414854334
357,ARHGDIA (OMIM:615244),47,5210.647059057593,4.8202100453816765,8.700019471077526,0.0007165373026079224,1.5412786144862656
358,ARHGEF1 (OMIM:618459),57,7901.761576070024,4.950978431121569,8.447479157030854,0.00010563534348670766,1.591254431940099
359,ARHGEF10 (OMIM:608236),15,476.4103685460071,4.537241605200068,7.775831830268484,0.42469924477916254,1.6475287825348546
360,ARHGEF18 (OMIM:617433),25,1345.3858999338997,4.484619666446332,7.985174614671099,0.00044538129837211403,1.6465084112702457
361,ARHGEF2 (OMIM:617523),133,43748.134027134416,4.983838462877013,8.63672794845318,0.00016194096168394945,1.4299981275060787
362,ARHGEF9 (OMIM:300607),51,6069.535923927764,4.760420332492364,8.915644428508728,0.0001450324633516059,1.6194277160010326
363,ARID1A (OMIM:614607),174,75950.96577372588,5.046240500546534,8.72778131173998,2.000000165480742e-10,1.3653355608531725
364,ARID1B (OMIM:135900),373,380418.96183416864,5.483279452191885,9.621616294780981,2.000000165480742e-10,1.387882470574645
365,ARID2 (OMIM:617808),136,45893.80667999912,4.999325346405133,8.742485678985322,0.04582841245223828,1.3772457072103472
366,ARL13B (OMIM:612291),74,13618.605523080554,5.042060541681064,8.911443205137207,0.00019109498643675617,1.527509089356706
367,ARL2 (OMIM:619082),21,961.8626529077374,4.580298347179702,8.205097666151733,0.00017449449899708947,1.6714056067832304
368,ARL2BP (OMIM:615434),55,7011.429162712408,4.721501119671655,8.199936899654826,0.005079334454200349,1.4779798080638953
369,ARL3 (OMIM:618161),106,26642.977094706846,4.787596962211473,8.807003786921209,0.0001473428281572063,1.5140855125771076
370,ARL3 (OMIM:618173),38,3467.7977100107414,4.9328559175117235,8.294451922924232,0.00015500775417016222,1.5918096325726017
371,ARL6 (OMIM:600151),50,6232.977482078768,5.088144883329607,8.827394941773361,0.0004882882588597252,1.5975283764450114
372,ARL6 (OMIM:613575),8,86.92382021384824,3.1044221504945804,5.43251797015506,0.7609453784098479,1.1236034803366979
373,ARL6IP1 (OMIM:615685),43,4820.580525536184,5.338405897603748,8.71485127021039,0.0003653861127797499,1.8634070240167087
374,ARMC12 (OMIM:620744),16,557.1945528555464,4.643287940462886,7.446697629721063,0.000803149581822378,1.9366740253913104
375,ARMC2 (OMIM:618433),27,1893.1973152399628,5.393724544843199,8.566164424851095,0.00015695191484500195,1.9116488876875664
376,ARMC5 (OMIM:615954),50,6277.846433106898,5.12477259845461,8.818074134970361,0.0010808633614766217,1.7262916894419882
377,ARMC9 (OMIM:617622),127,38724.57140665416,4.839966430028017,8.95149833589933,2.000000165480742e-10,1.3508084696541154
378,ARNT2 (OMIM:615926),133,44239.60069687098,5.039826919215194,9.126712032772392,8.369844453416479e-05,1.4730789459807287
379,ARPC1B (OMIM:617718),102,25293.761796001014,4.910456570763156,9.250514654752955,0.0011071255630869296,1.6206629461466275
380,ARPC4 (OMIM:620141),150,56336.722141687365,5.041317417600659,8.597966704177972,0.0001473428281572063,1.4669729377012075
381,ARPC5 (OMIM:620565),150,57612.52725684079,5.155483423430943,9.117911896290853,0.0008407434371969585,1.5417620978471485
382,ARR3 (OMIM:301010),6,55.033856421793175,3.6689237614528785,6.110029589307874,0.00014468862235090667,1.675027878086191
383,ARSA (OMIM:250100),105,28353.39581450164,5.192929636355612,8.988765405710629,0.0011529351886177945,1.4080759645411045
384,ARSB (OMIM:253200),214,116039.79763077214,5.091474600972846,9.11499546522744,0.0001380030334658678,1.5577407450125522
385,ARSG (OMIM:618144),29,2095.40372841283,5.161092927125197,8.004401765898029,0.00015500775417016222,1.7501357552839907
386,ARSK (OMIM:619698),89,18626.15841074184,4.756424517554096,8.600854874159744,0.00012113826840601775,1.4295154385602418
387,ARSL (OMIM:302950),81,13864.166993297404,4.279063886820186,8.795155143875997,0.0454015306599506,1.4032581507787416
388,ARV1 (OMIM:617020),70,12688.54370746445,5.254055365409711,8.915862472076086,0.00011853325674116622,1.6209919474734664
389,ARX (OMIM:300004),129,41587.609028238774,5.037258845474658,8.745734565467107,2.000000165480742e-10,1.4171040612878274
390,ARX (OMIM:300215),97,22859.115194042122,4.909603778789116,8.787493780948898,0.0001018499913121344,1.4162742876036811
391,ARX (OMIM:300419),49,5985.732929208448,5.089908953408544,8.795029463371854,0.0012599449808452711,1.597865213466118
392,ARX (OMIM:308350),103,28307.119094137513,5.388752921023704,9.001117957527667,0.0001018499913121344,1.540057253119916
393,ARX (OMIM:309510),49,5585.943992741268,4.74995237477999,8.739065445012372,0.10883179477133481,1.4830034613976426
394,ASAH1 (OMIM:159950),87,19289.68894790158,5.156292153943219,8.948259294542318,0.0006888527898926093,1.6813758868435316
395,ASAH1 (OMIM:228000),111,29745.74755245023,4.872358321449669,9.222290108652652,0.00023889288376214933,1.4987286864671105
396,ASB10 (OMIM:603383),17,666.6902946825326,4.9021345197245045,8.38923673271126,0.00018764551122922086,1.90300194984147
397,ASCC1 (OMIM:616867),83,16405.009712862353,4.820749254440892,9.110652810498433,0.0007660873712183492,1.4573688675032659
398,ASCC3 (OMIM:620700),189,90705.00849515699,5.105539147537824,9.05705810300091,0.0004892114312078,1.4825886506741097
399,ASH1L (OMIM:617796),180,84306.48067543744,5.2331769506789225,9.08184982722414,0.00016194096168394945,1.4743741030932773
400,ASL (OMIM:207900),74,13808.126778762959,5.1122276115375636,8.825116156796453,0.0011777486855865352,1.675237032679763
401,ASNS (OMIM:615574),176,81284.21772174023,5.278195955957158,9.065048128256931,0.0001018499913121344,1.4753852561223144
402,ASPA (OMIM:271900),87,18583.84663888524,4.967614712345694,9.11345293491237,0.0005412573883512041,1.4589819215390145
403,ASPH (OMIM:601552),97,22312.936760172568,4.792297414126411,8.73895900634372,0.0001197871677958315,1.5655123004498643
404,ASPM (OMIM:608716),109,28629.76860809403,4.864044955503573,8.64749541931975,0.00045198453520349144,1.4089630094868721
405,ASPN (OMIM:607850),28,1501.2600104245118,3.9715873291653754,7.901338426168824,0.00023558372034115498,1.463293483571242
406,ASPRV1 (OMIM:146750),12,293.7799681922312,4.45121163927623,7.736738239187712,0.001862257631737183,1.732596098147823
407,ASPSCR1 (OMIM:606243),5,25.294884196541936,2.529488419654194,3.3182986108826436,0.7126650421225125,0.7260717649899849
408,ASS1 (OMIM:215700),69,11390.674468323788,4.855359960922331,8.737619939006404,0.0011777486855865352,1.5895605565880828
409,ASTL (OMIM:619643),8,109.51327751700872,3.9111884827503114,6.957128747041759,0.0003828231525103401,2.476173920827913
410,ASXL1 (OMIM:605039),254,166018.41704291437,5.166923439759558,8.92308327495935,2.000000165480742e-10,1.376867049875529
411,ASXL2 (OMIM:617190),162,61874.474074047524,4.7446111551297845,8.896248423949645,0.0002277196686593763,1.4268535796485289
412,ASXL3 (OMIM:615485),237,148166.8464873111,5.2981065038729565,9.037924510461162,0.0001018499913121344,1.4912062624088858
413,ATAD1 (OMIM:618011),95,21182.314619154084,4.744079421982997,9.054649716855387,0.0005412573883512041,1.5405318696452053
414,ATAD3A (OMIM:617183),134,45550.508105701614,5.111716766434925,8.789156748701284,0.00011500658009453042,1.4463666874399126
415,ATAD3A (OMIM:618810),105,25322.367294855347,4.6377962078489645,8.820231812316363,0.0019071621965142454,1.3968391592894263
416,ATCAY (OMIM:601238),68,10855.981425449314,4.7655756915932015,8.839801041648084,0.0011901076561597205,1.5065763298785984
417,ATF6 (OMIM:616517),36,3115.024433131082,4.944483227192193,8.405318905418387,0.00011738054055120839,1.6968561094951171
418,ATG5 (OMIM:617584),43,4554.789593525287,5.044063780205191,8.121618110781613,0.001107639007670092,1.5910295212600487
419,ATG7 (OMIM:619422),158,64965.81599686225,5.237911472777736,9.126221757608684,0.00015286693837893977,1.5357548652426356
420,ATIC (OMIM:608688),99,23508.39081240875,4.846091694992527,8.518323405780396,0.00015294580467822567,1.4155507222495562
421,ATL1 (OMIM:182600),76,15192.343580567918,5.330646870374708,8.81248646573978,0.0010221449047190993,1.7210979968558295
422,ATL1 (OMIM:613708),43,4259.93873879103,4.717540131551528,9.219642275963114,0.0015990505493633342,1.7966283740013662
423,ATL3 (OMIM:615632),62,8330.080974308516,4.405119499898739,8.697430012424157,0.00018324041600661318,1.6646128301380752
424,ATM (OMIM:208900),171,74607.69712390206,5.132968498376475,9.064609794168327,0.00037868868455093207,1.476942002449813
425,ATN1 (OMIM:125370),30,2116.569722555763,4.865677523116696,8.188321938078698,0.00037868868455093207,1.6810314676974436
426,ATN1 (OMIM:618494),218,119688.72068579821,5.060191970819694,8.8443149909399,0.0001473428281572063,1.3973697656721928
427,ATOH1 (OMIM:620284),5,36.198003799098124,3.6198003799098126,4.662535130851787,1.0324879018887914,1.0353674212367496
428,ATOH7 (OMIM:221900),56,8601.58428669379,5.585444342008954,8.614116569689454,0.00017449449899708947,1.6820750653716794
429,ATP11A (OMIM:619810),7,67.17848022202988,3.198975248668089,4.662535130851787,0.3980917516456417,1.227516412457778
430,ATP11A (OMIM:619851),100,24594.969283215825,4.968680663275924,8.583048020682618,0.00010563534348670766,1.485855463869848
431,ATP11A (OMIM:620384),7,67.17848022202988,3.198975248668089,4.662535130851787,0.3980917516456417,1.227516412457778
432,ATP11C (OMIM:301015),25,1319.3936837383753,4.397978945794584,8.29927881904313,0.005639650823535765,1.6506648155072148
433,ATP13A2 (OMIM:606693),100,27234.579930985514,5.501935339593033,8.893528903427978,0.000267864563565454,1.520870710380974
434,ATP13A2 (OMIM:617225),99,26144.487143499027,5.389504667800253,8.879229495516284,0.0010221449047190993,1.493666186319968
435,ATP13A3 (OMIM:265400),35,3201.885928582311,5.381320888373632,9.02648096653538,0.0018778192033943957,1.8492705926795032
436,ATP1A1 (OMIM:618036),34,2812.485393540197,5.013342947486982,8.873405360914838,0.0021463902431097556,1.745903578270894
437,ATP1A1 (OMIM:618314),50,6115.303807381415,4.992084740719522,8.558812168215768,0.0002603912870453802,1.737305481545201
438,ATP1A2 (OMIM:104290),28,1884.466221192134,4.9853603735241645,8.908085989829646,0.0003471487641560757,1.9688770564665268
439,ATP1A2 (OMIM:602481),76,16142.377481493106,5.663992098769511,8.945430914950286,9.774864833445439e-05,1.6706806363162896
440,ATP1A2 (OMIM:619602),31,1910.8883722257979,4.109437359625372,8.040145917299581,0.0454015306599506,1.3743053450975145
441,ATP1A2 (OMIM:619605),70,12321.66238781949,5.102137634707863,8.46854813848392,0.001362946333419783,1.5025273549638771
442,ATP1A3 (OMIM:128235),54,7461.39595505889,5.214113176141781,8.643158424119743,0.03356323160771202,1.5014690957865207
443,ATP1A3 (OMIM:601338),104,30003.25272523213,5.601802226518322,8.879229495516284,0.0004435726044349781,1.4894364740191515
444,ATP1A3 (OMIM:614820),37,3222.9225079614616,4.83922298492712,8.09409310310133,0.00037868868455093207,1.5927845528688467
445,ATP1A3 (OMIM:619606),98,24588.20976846685,5.1731979315099625,8.908085989829646,0.0011250899271370543,1.5143003951955385
446,ATP2A1 (OMIM:601003),44,4635.462405464385,4.9000659677213365,9.10833934736697,0.001799275823352384,1.716950533487202
447,ATP2A2 (OMIM:101900),24,1275.9445117730706,4.622987361496633,8.406035836978122,0.0010000006774057311,1.5937154545432826
448,ATP2A2 (OMIM:124200),50,5795.248354042866,4.730814982892135,8.521787413417492,0.00015286693837893977,1.6094264722069074
449,ATP2B1 (OMIM:619910),96,21764.47149228937,4.772910414975739,8.930348435071414,0.0002901132539534321,1.5713312291480805
450,ATP2B2 (OMIM:619804),8,90.71911191350983,3.2399682826253513,4.985368300333607,0.3980917516456417,1.346498073791611
451,ATP2B3 (OMIM:302500),52,6581.999240505736,4.9638003322064375,8.49928322277928,0.0011901076561597205,1.4831526203133638
452,ATP2C1 (OMIM:169600),9,111.22370095414121,3.0895472487261446,5.840085538363089,1.368608817092051,1.2797728921276574
453,ATP5F1A (OMIM:615228),37,3017.932958136972,4.531430868073532,8.418462154203787,0.0007660873712183492,1.5866077252036794
454,ATP5F1A (OMIM:616045),45,4425.324287138507,4.470024532463139,8.865580117766548,0.0454015306599506,1.5404712886907463
455,ATP5F1A (OMIM:620358),72,13446.592102602419,5.260795032317065,8.80503399657033,0.0030276185147941883,1.6801778326532728
456,ATP5F1B (OMIM:620085),34,2727.5214881527154,4.861892135744591,8.79460533100023,7.104736562826131e-05,1.7215412521063893
457,ATP5F1D (OMIM:618120),88,18718.316902437968,4.889842451002604,8.911550766086647,0.0005149209235504193,1.5013726597385586
458,ATP5F1E (OMIM:614053),27,1498.3869421748882,4.268908667164924,8.676638353011707,0.7227309992301671,1.5250419562934638
459,ATP5MC3 (OMIM:619681),32,2241.4986693667615,4.5191505430781485,8.875661914044933,0.0010221449047190993,1.7175474358346088
460,ATP5MK (OMIM:618683),31,2178.067098864147,4.68401526637451,8.243952326279187,0.07970583462251685,1.5549012020546547
461,ATP5PO (OMIM:620359),37,2595.9745009815397,3.8978596110833927,8.115013150975653,0.0454015306599506,1.336110021632403
462,ATP6AP1 (OMIM:300972),139,51714.70023377878,5.392002943778415,9.012341045914,6.377830462530904e-05,1.5481984532014048
463,ATP6AP2 (OMIM:300423),83,17108.72146689342,5.027540836583433,8.908085989829646,0.03356323160771202,1.4765640905203723
464,ATP6AP2 (OMIM:300911),33,2429.9477347937864,4.602173740139747,8.474730506917664,0.0004634687819836333,1.6374206649924963
465,ATP6AP2 (OMIM:301045),85,17498.92427030417,4.901659459468956,8.870272353659333,0.00026285598368636976,1.3902830510195359
466,ATP6V0A1 (OMIM:619970),54,7824.527018528088,5.467873527972109,8.908085989829646,0.0005412573883512041,1.6508062287254166
467,ATP6V0A1 (OMIM:619971),100,25032.380368288963,5.057046539048275,8.941760887040134,0.001362946333419783,1.585367693755167
468,ATP6V0A2 (OMIM:219200),134,42867.94194396095,4.810676909882274,9.013265320832058,0.0454015306599506,1.3971290500337377
469,ATP6V0A2 (OMIM:278250),191,90886.00165444615,5.00887305893889,9.123914208714192,0.0001663034595149971,1.44104975070226
470,ATP6V0A4 (OMIM:602722),54,7556.3077448653385,5.28043867565712,8.868190009958482,0.0023039278272346396,1.635921833171353
471,ATP6V0C (OMIM:620465),39,4073.188093405156,5.4968800180906285,8.908303490334077,0.0002046419419841836,2.241396514783362
472,ATP6V1A (OMIM:617403),172,73189.24991337638,4.976829179476158,9.037924510461162,0.00036767347151116914,1.328212833822295
473,ATP6V1A (OMIM:618012),94,24032.803602392614,5.498239213542122,9.321355777969961,0.0005412573883512041,1.6087548575274946
474,ATP6V1B1 (OMIM:267300),22,1121.6902327262437,4.855801873273783,8.460098749247145,0.36055313953333146,1.8271359106422411
475,ATP6V1B2 (OMIM:124480),73,14135.211375385905,5.37869534832036,9.658443800277489,0.0001783490948577163,1.772148400420677
476,ATP6V1B2 (OMIM:616455),69,11444.858363337591,4.878456250357029,8.48275378567036,0.37543966712845633,1.4237602931153472
477,ATP6V1E1 (OMIM:617402),203,106138.79516140331,5.176744630610316,9.037924510461162,0.00012113826840601775,1.3952205606664443
478,ATP7A (OMIM:300489),29,1896.342029999439,4.67079317733852,8.902461791364527,0.7892231564100852,1.7060872467696093
479,ATP7A (OMIM:304150),170,70012.31862038202,4.873812643256667,8.921037215844558,0.0001473428281572063,1.3994691989669603
480,ATP7A (OMIM:309400),91,19165.624592850218,4.680250205824229,8.688067347038276,0.0005412573883512041,1.3689083328218659
481,ATP7B (OMIM:277900),210,118581.33706208874,5.403569699798986,9.147135265387071,4.6205325448638656e-05,1.5100470414926932
482,ATP8A2 (OMIM:615268),40,3394.5569893365373,4.351996140175048,8.173098167369986,0.6496269638126335,1.4615571212383247
483,ATP8B1 (OMIM:147480),31,2185.3121733833354,4.6995960717921195,8.805855302940941,0.15492920798274556,1.5966924576097759
484,ATP8B1 (OMIM:211600),72,12770.018318774306,4.99609480390231,9.065998347683713,8.678962776528191e-05,1.5930477162185421
485,ATP8B1 (OMIM:243300),39,3795.696024849499,5.122396794668689,8.94235871408567,8.678962776528191e-05,1.7527675880785039
486,ATP9A (OMIM:620242),142,51955.14419604105,5.1898056334073575,9.107138567489411,2.000000165480742e-10,1.5139131261713208
487,ATPAF2 (OMIM:604273),104,24289.12268498013,4.534937021094125,8.856545837089964,0.0001018499913121344,1.4965686143541816
488,ATR (OMIM:210600),221,124217.27189177596,5.109719123479061,9.04123604997162,0.00017796557473134708,1.4367735850047598
489,ATR (OMIM:614564),56,7280.696902087756,4.727725261095945,8.944169656360154,0.00014314292996547826,1.6964246071647437
490,ATRX (OMIM:300448),13,363.23708608112247,4.656885718988749,8.448753573707974,0.0012573389324259374,2.1719043395935795
491,ATRX (OMIM:301040),187,90147.37710019929,5.183564895647133,9.11345293491237,0.0001473428281572063,1.5050653683867825
492,ATRX (OMIM:309580),202,107471.80833247068,5.293916966281005,8.995747773179575,2.000000165480742e-10,1.4672596823319997
493,ATXN1 (OMIM:164400),119,40263.78893260394,5.734765550862261,9.022650362035247,0.0006461379115094649,1.44526427368782
494,ATXN10 (OMIM:603516),82,18730.376426792336,5.639980857209376,9.185597388711717,0.04404472892606272,1.4947362385294045
495,ATXN2 (OMIM:183090),106,31378.444488912846,5.6385344993554085,9.068155677871566,0.002178827915128416,1.473800261623071
496,ATXN3 (OMIM:109150),110,34473.436368053444,5.750364698591067,9.035148388412335,9.774864833445439e-05,1.5588003152380547
497,ATXN7 (OMIM:164500),73,13411.2410946546,5.103211984267352,8.376349879506762,0.00022026734555797406,1.4515299063478717
498,AUH (OMIM:250950),86,18152.963299896866,4.966611025963575,8.988765405710629,0.009198308701206151,1.4714547146760124
499,AURKC (OMIM:243060),14,470.71279865130964,5.172668117047358,8.566164424851095,0.000803149581822378,2.354042456704673
500,AUTS2 (OMIM:615834),138,47227.431179698935,4.996025725134765,9.056211837735058,0.00015294580467822567,1.4982922921834125
501,AVIL (OMIM:618594),19,763.0421669478922,4.462234894432118,7.2218479807888265,0.0007165373026079224,1.814979155683317
502,AVP (OMIM:125700),30,1858.6657660142519,4.272794864400579,9.136746828154523,0.03843057349470351,1.6964995629905237
503,AVPR2 (OMIM:300539),36,3293.720265023138,5.228127404798632,9.052196685791634,8.369844453416479e-05,1.9176846844850763
504,AVPR2 (OMIM:304800),59,9404.251948274446,5.49634830407624,8.779669477440638,7.419480645582617e-05,1.7171982662761425
505,AXIN1 (OMIM:607864),14,392.2192399401121,4.31010153780343,7.289467504145079,0.27415108276222677,1.6513942483038988
506,AXIN1 (OMIM:620558),97,21236.398400162092,4.561082130619006,8.759036933031833,0.00015304849304319395,1.39098815117223
507,AXIN2 (OMIM:608615),41,3633.6110940527733,4.431233041527772,8.481472865958315,0.007513143055003663,1.46343665628744
508,B2M (OMIM:241600),78,14776.120885714618,4.920453175396143,8.808823252816033,0.00010563534348670766,1.5502089797326029
509,B3GALNT2 (OMIM:615181),74,13888.570623937769,5.14201059753342,8.849306900077684,2.000000165480742e-10,1.5873198057255957
510,B3GALT6 (OMIM:271640),225,132574.21831626352,5.260881679216807,9.708845829755846,0.00017796557473134708,1.5041443527822944
511,B3GALT6 (OMIM:609465),100,23426.966452063727,4.73272049536641,9.174731855091684,0.0001473428281572063,1.560940074796706
512,B3GALT6 (OMIM:615349),165,65526.445603853885,4.8430484555693925,9.357398258441068,0.0002901132539534321,1.4259950055758364
513,B3GLCT (OMIM:261540),311,257952.31809438425,5.3511527454493155,9.244410785737713,0.0001473428281572063,1.415166373364688
514,B4GALNT1 (OMIM:609195),106,29938.41790724973,5.37976961495952,8.81248646573978,0.0010221449047190993,1.6264759655039533
515,B4GALT1 (OMIM:607091),60,8941.82609063562,5.051879147251763,8.624860483834674,2.000000165480742e-10,1.6167534577993836
516,B4GALT1 (OMIM:620364),19,872.9979857156641,5.1052513784541755,8.136923108041358,0.00020121163705395478,1.9439189628151403
517,B4GALT7 (OMIM:130070),162,65881.55187728675,5.051878834237156,8.767690261996519,7.104736562826131e-05,1.4469269935809543
518,B4GAT1 (OMIM:615287),128,42536.43809247005,5.233321615707437,8.571550427131134,9.990668968290492e-05,1.4111808787563231
519,B9D1 (OMIM:614209),38,3264.9065329655764,4.644248268798829,8.023209506845408,0.006411663286406157,1.560014273128297
520,B9D1 (OMIM:617120),61,8292.27210781695,4.531296233779755,8.369548152101572,0.15387084586234145,1.4676782050113415
521,B9D2 (OMIM:614175),121,34565.72938543816,4.761119750060352,8.33489920053658,2.000000165480742e-10,1.3794282994110254
522,BAAT (OMIM:619232),39,3433.2248173461257,4.633231872261978,8.870272353659333,8.678962776528191e-05,1.6015316918338622
523,BACH2 (OMIM:618394),80,16057.448033472083,5.081470896668381,8.806827765838545,0.0002931452936995604,1.6301048805333447
524,BAG3 (OMIM:612954),115,34762.50234629344,5.303204019266734,9.19562638520506,0.0008908169909166662,1.7030839878679178
525,BAG3 (OMIM:613881),11,240.28626857591556,4.368841246834828,7.860232416045132,0.6858069643877314,1.622251346193431
526,BAG5 (OMIM:619747),22,1137.960681645236,4.926236717078944,8.24545218396927,0.0001928074247934363,1.739081949916031
527,BANF1 (OMIM:614008),170,70888.5656532764,4.934811392500968,9.059547922758956,0.0001849738499394851,1.471439322522042
528,BAP1 (OMIM:606661),5,30.267529606511,3.0267529606511,4.710758741507187,0.7609453784098479,1.1502651619525415
529,BAP1 (OMIM:614327),29,1880.5051420011503,4.631786064042242,8.88050889691096,0.00012762636136547128,1.6257263044121946
530,BAP1 (OMIM:619762),164,67356.9586768193,5.039425308754997,8.885520883428894,0.00014468862235090667,1.4779162615577173
531,BBIP1 (OMIM:615995),34,2626.2163481302846,4.681312563512094,8.256825429059363,0.0007165373026079224,1.5219789906282053
532,BBS10 (OMIM:615987),39,3542.690980876693,4.780959488362609,8.76720483172997,0.006897913965728082,1.5455158021068978
533,BBS12 (OMIM:615989),68,10928.396195981099,4.797364440729192,8.956280203738162,0.0001473428281572063,1.5621559032437389
534,BBS2 (OMIM:615981),158,62713.4772547632,5.056315186226171,8.897573821460998,0.00017189252005425464,1.4108174196117862
535,BBS2 (OMIM:616562),38,3405.7855582359307,4.844645175300044,8.499927936380422,0.000147720855623706,1.4207154851323844
536,BBS4 (OMIM:615982),57,7180.792066060785,4.499243149160893,8.827394941773361,0.027293219589393354,1.4007500465292548
537,BBS5 (OMIM:615983),96,22569.6540093508,4.949485528366404,8.827394941773361,0.00015500775417016222,1.5007956930120943
538,BBS7 (OMIM:615984),53,6189.762950234355,4.491845392042348,8.995747773179575,0.05001721022996693,1.5331315677159048
539,BBS9 (OMIM:615986),99,23602.710972374894,4.865535141697566,8.716249089531008,0.00015500775417016222,1.464206045267851
540,BCAP31 (OMIM:300475),64,9778.236488688446,4.85031571859546,8.385219701354963,0.0012599449808452711,1.455882044373126
541,BCAS3 (OMIM:619641),127,38705.82838476318,4.837623845114758,8.561392742882122,0.0012599449808452711,1.3979413494114217
542,BCAT2 (OMIM:618850),26,1441.239787921413,4.4345839628351165,7.894782623778096,0.1470979436354091,1.621906423367906
543,BCHE (OMIM:617936),5,40.73230750686328,4.073230750686328,6.536104576182908,1.5668434446115362,1.4000136717810574
544,BCKDHA (OMIM:248600),69,11086.324152945246,4.725628368689363,8.676638353011707,0.0011777486855865352,1.517028701109964
545,BCKDHB (OMIM:620698),28,1510.9862798776253,3.9973182007344583,8.03416260308002,0.07970583462251685,1.3776686093221588
546,BCKDK (OMIM:614923),137,48086.891464551765,5.161753055447806,9.11345293491237,0.0001473428281572063,1.5296312269838788
547,BCL10 (OMIM:137245),8,83.10715540243436,2.9681126929440844,4.631013293646698,1.2526590476915307,1.0546510368581978
548,BCL10 (OMIM:616098),44,4284.575120396182,4.529149175894484,8.505616780713847,0.08854697781472262,1.4440514229627672
549,BCL11A (OMIM:617101),100,23564.71474163865,4.760548432654272,9.027263241917217,0.0005543272741829107,1.467627700951294
550,BCL11B (OMIM:617237),138,46619.564503450834,4.931721623130311,9.106960859620884,0.00045198453520349144,1.4818076804173121
551,BCL11B (OMIM:618092),94,22367.963472197596,5.117356090642324,8.676051886080515,0.0006217310747805367,1.481076623970602
552,BCO1 (OMIM:115300),10,163.3102507701687,3.6291166837815263,6.694988080346885,1.7889068280074423e-05,1.6591286451714025
553,BCOR (OMIM:300166),269,194598.4639058659,5.398614656435274,9.054649716855387,2.000000165480742e-10,1.4279117162889527
554,BCORL1 (OMIM:301029),96,22421.46442343653,4.916987812157133,8.602308674852328,0.0012599449808452711,1.4592888269058157
555,BCS1L (OMIM:124000),159,65599.52082336906,5.222475983072133,8.935163494691741,9.40336853774267e-05,1.4814758311109442
556,BCS1L (OMIM:262000),25,1465.0011389531232,4.883337129843744,8.76720483172997,0.0029555588328317216,1.752912820411917
557,BCS1L (OMIM:603358),38,3343.199380801519,4.755617895876983,8.48253193449081,0.000334057395126325,1.5070791912875692
558,BDP1 (OMIM:618257),7,67.17848022202988,3.198975248668089,4.662535130851787,0.3980917516456417,1.227516412457778
559,BEAN1 (OMIM:117210),35,2889.775805669988,4.8567660599495595,8.261086240861442,0.002871150469870118,1.5789833181406994
560,BEST1 (OMIM:153700),17,559.6696204187223,4.115217797196487,7.290344592248575,0.0027504536854089886,1.4622077492464989
561,BEST1 (OMIM:193220),66,11694.955429202832,5.452193673288034,8.89554383635284,0.00017449449899708947,1.5821402791206476
562,BEST1 (OMIM:611809),22,1124.0622297270265,4.8660702585585565,8.085889804122937,7.985349342145561e-05,1.686743386599192
563,BEST1 (OMIM:613194),24,1331.074591172916,4.822734025988826,7.981024797845407,0.11699635203353603,1.4718689232005042
564,BET1 (OMIM:254100),7,69.19382018750787,3.2949438184527557,6.398579363493442,1.2955453312813494,1.4788613679814748
565,BFSP1 (OMIM:611391),10,180.09678522581427,4.002150782795873,6.401532239623281,0.033672121072073846,2.0161904277181844
566,BFSP2 (OMIM:611597),12,254.5206808614327,3.85637395244595,7.7767328878054816,0.5854579498923579,1.6977313846231883
567,BGN (OMIM:300106),120,34105.70739962854,4.77670971983593,8.890761443237208,0.0009269033534250847,1.4839470103357542
568,BGN (OMIM:300989),136,43201.50377296607,4.706046162632469,9.056211837735058,0.00011167496831292306,1.4323607988034284
569,BHLHA9 (OMIM:607539),26,1451.840956718507,4.467202943749252,7.705713668476913,0.00017189252005425464,1.5569441503353236
570,BHLHA9 (OMIM:609432),64,10048.62989846028,4.98443943376006,8.942278420249739,0.0003123233468306971,1.771044078765725
571,BICC1 (OMIM:601331),18,619.1151246255612,4.046504082520007,7.616113715968738,0.0064513841775438955,1.7172485212968458
572,BICD2 (OMIM:615290),106,31708.42737326506,5.69783061514197,9.313606039717692,0.0005727427745271421,1.7601331937392235
573,BICD2 (OMIM:618291),167,69321.13206057047,5.001163845362561,8.802857696641523,0.0011250899271370543,1.499369747144377
574,BICRA (OMIM:619325),269,185263.7357636434,5.139647554892177,9.576610568278216,2.000000165480742e-10,1.4417993518044514
575,BIN1 (OMIM:255200),103,26351.802400517627,5.016524348090163,9.126221757608684,0.0006888527898926093,1.548277063780835
576,BLK (OMIM:613375),12,311.96459848923547,4.726736340745992,8.600558053194854,0.7400213448202568,1.733541687500139
577,BLM (OMIM:210900),185,86745.58434539297,5.096685331691714,9.250439054431581,0.00019109962496280627,1.4775506842426678
578,BLNK (OMIM:613502),53,6568.459569438703,4.766661516283529,8.419236891242159,0.0001641602704542467,1.557990950560912
579,BLOC1S3 (OMIM:614077),82,17311.903775331255,5.212858709825731,9.032940725055035,0.00014468862235090667,1.6046355072033414
580,BLOC1S5 (OMIM:619172),75,13577.886118365073,4.892931934545972,9.17761509528869,0.0607827130386186,1.56487316193306
581,BLOC1S6 (OMIM:614171),44,4401.371411713203,4.65261248595476,8.447425174824822,0.021118882200204435,1.473672265795546
582,BLTP1 (OMIM:617822),186,86930.34268844177,5.05262090604137,8.911759996930197,2.000000165480742e-10,1.4513567588162106
583,BLVRA (OMIM:614156),24,1290.7518826967614,4.6766372561476865,8.268216637928795,0.007372840637943587,1.5975854328861603
584,BMP1 (OMIM:614856),146,51019.73492710382,4.8200032996791515,9.15105123769202,0.00045323129845336723,1.4377485307467182
585,BMP15 (OMIM:300510),33,2582.7793652680975,4.8916275857350335,7.821195118680049,0.00011361266494711034,1.5847816858937682
586,BMP2 (OMIM:617877),148,53545.59784269974,4.922375238343421,8.658257267221751,0.00017796557473134708,1.4589035441900977
587,BMP4 (OMIM:600625),13,297.16030478527364,3.809747497247098,6.906666439583573,0.1698472034295444,1.493590678777527
588,BMP4 (OMIM:607932),206,112717.99490612547,5.338290073697631,8.927678539326276,0.00017449449899708947,1.429445693632884
589,BMP6 (OMIM:620121),23,1185.0662073060569,4.684056155359909,8.859958754567975,0.7400213448202568,1.5200083577387082
590,BMPER (OMIM:608022),159,61288.50949353773,4.879269922262377,8.81232598296254,0.00022366396974664592,1.4593777281011857
591,BMPR1A (OMIM:610069),13,316.5556047472845,4.05840518906775,7.982571871086094,0.36940524006644593,1.638462792632023
592,BMPR1B (OMIM:609441),110,29795.678067582227,4.970088084667594,8.805121066274861,0.00020062741195619893,1.5875528301547783
593,BMPR1B (OMIM:616849),49,5372.339433602454,4.568315844900046,8.326144358095426,0.023393953156607212,1.7332094888403478
594,BMPR2 (OMIM:178600),44,4589.2381289686455,4.851203096161359,8.892943800638054,0.0018778192033943957,1.7069019929233167
595,BMPR2 (OMIM:265450),31,2406.3124564453456,5.1748654977319255,8.612906831175044,0.00047789556007308404,1.8958026177582465
596,BMS1 (OMIM:107600),8,97.06678052256767,3.4666707329488453,5.730167823970338,0.18316446661760147,1.6398481725328646
597,BNC1 (OMIM:618723),13,327.27851412942624,4.195878386274695,7.588632401504125,0.002020772280251106,1.78445104249615
598,BNC2 (OMIM:618612),21,1073.5273453189948,5.112034977709499,8.587311823062246,0.0005096776994238028,2.011210374245487
599,BOLA3 (OMIM:614299),90,19736.716637502475,4.9280191354562985,9.20436982758174,0.07970583462251685,1.5096089075035317
600,BPGM (OMIM:222800),18,638.0895389027282,4.170519862109335,8.95164375707428,0.011899953646921032,1.9215168003404646
601,BPNT2 (OMIM:614078),117,32613.219862498077,4.805956360521379,8.74971894271173,0.0037890645697852402,1.420991419658312
602,BPTF (OMIM:617755),100,23274.948493815144,4.702009796730332,8.795029463371854,0.0002486465088485564,1.5186595658939603
603,BRAF (OMIM:115150),271,194938.43554758295,5.32837052200582,9.221985092824102,4.395661259112839e-05,1.4563970707586549
604,BRAF (OMIM:613706),132,43177.59306544872,4.993938591886273,8.748357956261225,0.002382364418602792,1.447238881392271
605,BRAF (OMIM:613707),102,25044.923980694868,4.862147928692461,8.825900426131785,2.000000165480742e-10,1.3966436453881395
606,BRAT1 (OMIM:614498),124,38841.232649760685,5.093264181715274,8.860622938536464,0.0001663034595149971,1.4999534164533055
607,BRAT1 (OMIM:618056),118,34773.0757372722,5.037386025970187,8.860628775566731,0.0007939638512107336,1.511698367266687
608,BRCA1 (OMIM:604370),17,519.0854298599286,3.8168046313230044,6.959408895455028,0.14432789991678685,1.591058137534347
609,BRCA1 (OMIM:617883),114,30614.75323180906,4.753105609658292,8.827352195497756,0.0025134926637532876,1.4171209594221363
610,BRCA2 (OMIM:605724),60,8338.843023552492,4.711210747769769,8.747097621762245,0.00025251922114869017,1.5588254786297955
611,BRCA2 (OMIM:612555),17,519.0854298599286,3.8168046313230044,6.959408895455028,0.14432789991678685,1.591058137534347
612,BRCA2 (OMIM:613029),30,2242.597935948526,5.155397553904657,8.285071018937218,0.00025251922114869017,1.7822666856822924
613,BRCA2 (OMIM:613347),6,47.69831018451453,3.179887345634302,4.854741550937868,1.5815794965532501,1.0676707108271757
614,BRD4 (OMIM:620568),162,63101.60836200361,4.838709329192823,8.568069512451574,0.00018869251796236437,1.4196031221442866
615,BRDT (OMIM:617644),19,926.3633611453024,5.41732959734095,8.566164424851095,0.000803149581822378,2.144419148063624
616,BRF1 (OMIM:616202),187,85456.384077831,4.91382807646662,8.795029463371854,0.0003215284981179281,1.3649730750224691
617,BRIP1 (OMIM:609054),39,3599.3666259038464,4.857444839276446,9.052469915753482,8.840919630067408e-05,1.6727123694211838
618,BRPF1 (OMIM:617333),109,27776.387565670542,4.719060068921261,8.789156748701284,0.00015294580467822567,1.4132372467021121
619,BRWD1 (OMIM:620438),62,9509.233572263154,5.028679837262376,8.589093017999366,8.084441465612328e-05,1.6574289939433005
620,BRWD3 (OMIM:300659),48,5155.568333497465,4.5705393027459795,8.795029463371854,0.006897913965728082,1.4292803443799587
621,BSCL2 (OMIM:269700),153,59051.05473148954,5.07835008010746,9.214757289333312,0.00024335669615791332,1.5699191888897377
622,BSCL2 (OMIM:270685),74,15302.890528193686,5.665638847905845,9.198946744088769,0.00035293325587614193,1.857289989994021
623,BSCL2 (OMIM:615924),68,10651.242059610931,4.675698884816037,8.820231812316363,0.047784109337295634,1.4971597915539612
624,BSCL2 (OMIM:619112),38,3754.195554763715,5.340249722281245,8.8018347070366,0.0009098333589426374,1.8661027230291531
625,BSND (OMIM:602522),89,21778.872950816574,5.561509946582373,9.285264362714903,0.00038532815235779185,1.6690383176701582
626,BTD (OMIM:253260),119,34658.407175655215,4.936391849544967,9.20436982758174,0.0007031720066138041,1.495304659617308
627,BTG4 (OMIM:619009),15,465.3961134759539,4.432343937866228,7.543700273579319,0.0003828231525103401,1.9179056515904895
628,BTK (OMIM:300755),154,61246.3087001199,5.198735990163815,9.058519423717039,0.00010563534348670766,1.4678436287721466
629,BTK (OMIM:307200),111,31027.560664738674,5.082319519203714,8.987883937311013,0.0001139653728373695,1.4679236531460587
630,BTNL2 (OMIM:612387),84,17722.747954859442,5.0839781855592205,9.218329734759083,0.001768497109292706,1.649893701188907
631,BUB1 (OMIM:620183),113,29558.72031269243,4.67109992299185,8.427287574170514,0.00040364886229316726,1.4119742294641784
632,BUB1B (OMIM:176430),4,10.748235428494786,1.7913725714157975,2.4563372495513573,0.7400213448202568,0.5505139182984984
633,BUB1B (OMIM:257300),206,111058.99170465171,5.259720184923121,9.081672155756934,2.000000165480742e-10,1.4446912317671337
634,BVES (OMIM:616812),44,4993.002807471481,5.278015652718268,9.159128235997676,0.01279329594845404,1.8892972760506257
635,C12orf57 (OMIM:218340),139,45401.86381008271,4.733798749878293,8.993876169253285,0.00012113826840601775,1.4516523131951677
636,C14orf39 (OMIM:619202),12,300.6866736103094,4.5558586910652945,7.2246585426890935,0.000803149581822378,2.1477792251853303
637,C14orf39 (OMIM:619203),30,1946.2115346345215,4.474049504906946,7.161320445864485,0.00011361266494711034,1.5289877870257764
638,C18orf32 (OMIM:619985),55,6281.966439199954,4.23028043043768,8.377241368110514,0.0001018499913121344,1.3603333100505266
639,C19orf12 (OMIM:614298),120,36389.169587807686,5.09652235123357,8.75687168944108,0.00022130642903701804,1.457683673764829
640,C19orf12 (OMIM:615043),76,14041.404869863301,4.926808726267825,8.802038284270553,0.0005149209235504193,1.5051281588187615
641,C1GALT1C1 (OMIM:300622),6,34.152409732130565,2.276827315475371,3.184439636174545,1.3363772845193072,0.5957314494406178
642,C1GALT1C1 (OMIM:301110),99,22891.589443406137,4.71894237134738,8.561882312909603,0.012300385715911384,1.4531008718039817
643,C1QA (OMIM:613652),27,1503.3064464747633,4.282924348930949,7.915963724217743,0.004158995174929635,1.5962783018020283
644,C1QB (OMIM:620321),83,16716.931802225496,4.9124101681532455,9.250514654752955,0.0008770502047779283,1.6474613416774346
645,C1QBP (OMIM:617713),100,25432.495223835114,5.137877822996993,9.05451169405972,0.00035005354757042197,1.5548752117182025
646,C1QC (OMIM:620322),25,1275.9050901920573,4.253016967306857,7.308771665767036,0.00010687755846964954,1.3998861075645483
647,C1QTNF5 (OMIM:605670),22,1187.85615882897,5.142234453805065,8.437531608118437,0.003736763488815703,1.6902488074822501
648,C1R (OMIM:130080),103,24515.359757856822,4.666925520246873,9.113551114493088,0.30108357039469835,1.498089501201651
649,C1S (OMIM:613783),19,682.346056292929,3.9903278145785324,7.3867087130547375,0.30889145566654236,1.5667368619684983
650,C1S (OMIM:617174),86,16745.425526123472,4.581511771853207,9.113551114493088,0.009681699201305237,1.475454574181424
651,C2 (OMIM:217000),16,441.70052365914586,3.6808376971595487,8.410927614876128,1.3363772845193072,1.510612784434142
652,C2CD3 (OMIM:615948),209,112452.86018330077,5.173576563456973,8.773552628256901,2.000000165480742e-10,1.3694427681989143
653,C2CD6 (OMIM:619805),13,397.76751438967955,5.099583517816405,8.566164424851095,0.000803149581822378,2.4157312877975605
654,C2orf69 (OMIM:619423),84,16167.379940550301,4.637802622074097,9.306608858764946,0.0012573389324259374,1.5599401457418818
655,C3 (OMIM:612925),48,6121.6628765213045,5.4270060962068305,8.532793082820541,8.907799783192584e-05,1.7746833754494193
656,C3 (OMIM:613779),49,5620.263905540167,4.779135974098781,8.449615513192835,0.004158995174929635,1.6992035834962023
657,C3orf52 (OMIM:620177),10,154.4212693757133,3.43158376390474,5.122826693496427,0.8062828653583465,1.0884178866537504
658,C4A (OMIM:614380),37,2886.321351610988,4.333815843259742,8.410927614876128,0.36055313953333146,1.5164297728477973
659,C4B (OMIM:614379),60,8292.709193197352,4.685146436834662,8.63618323715291,0.0001269232079222614,1.5226878863430087
660,C5 (OMIM:609536),26,1521.8322831536036,4.682560871241857,8.001942491302037,0.00010140920281185092,1.6125385971656783
661,C6 (OMIM:612446),12,259.9937833288906,3.939299747407433,6.846999738192916,0.00010140920281185092,1.6027059352929178
662,C7 (OMIM:610102),12,259.9937833288906,3.939299747407433,6.846999738192916,0.00010140920281185092,1.6027059352929178
663,C8A (OMIM:613790),15,433.0304246722568,4.124099282592922,8.238953564136674,1.574395402558284,1.3658721812357417
664,C8B (OMIM:613789),17,572.0076934986585,4.205938922784253,8.109251282693942,0.041091624413679334,1.445622350613278
665,C9 (OMIM:613825),6,48.12612441986353,3.2084082946575685,4.4171126991807474,1.616481115612072,0.812188622050001
666,C9 (OMIM:615591),9,106.57820098955177,2.960505583043105,5.237276650688817,0.4045212281205054,1.1594049069490238
667,C9orf72 (OMIM:105550),69,12091.150872180031,5.15394325327367,8.8913363581919,0.002585270563459331,1.6131317471468858
668,CA12 (OMIM:143860),23,1301.691179246739,5.145024423900154,8.578122802393457,0.00034954821993255067,2.060703154375458
669,CA2 (OMIM:259730),89,17971.716146061266,4.589304429535563,8.807179586060537,8.379238037743352e-05,1.562174772235378
670,CA5A (OMIM:615751),65,11002.258990728624,5.289547591696453,8.919466086335342,0.00016212543135581012,1.6592879151493345
671,CA8 (OMIM:613227),25,1374.9052287280797,4.583017429093599,8.06326240026922,0.006897913965728082,1.5029193491382409
672,CABP2 (OMIM:614899),5,36.198003799098124,3.6198003799098126,4.662535130851787,1.0324879018887914,1.0353674212367496
673,CABP4 (OMIM:610427),32,2452.5087946569747,4.944574182776159,8.279140059415415,0.0003596420094632147,1.5490961100589922
674,CACNA1A (OMIM:108500),54,7740.451375258205,5.4091204579023096,8.617468642690502,9.774864833445439e-05,1.6199481658045118
675,CACNA1A (OMIM:141500),64,10884.299988169372,5.398958327464967,8.542174796500957,0.00018869251796236437,1.6416271999076566
676,CACNA1A (OMIM:183086),70,13307.699988329789,5.51043477777631,8.945053305387994,0.0011901076561597205,1.5817330993238268
677,CACNA1A (OMIM:617106),57,8404.010836809015,5.265670950381589,8.915644428508728,0.025418230699425857,1.588548490246229
678,CACNA1B (OMIM:618497),106,29188.890781760565,5.245083698429571,9.11345293491237,0.0003375709275285942,1.602553736533701
679,CACNA1C (OMIM:601005),110,29964.149262935636,4.9981900355188715,8.859832521578053,0.00017189252005425464,1.5147822995669786
680,CACNA1C (OMIM:611875),17,764.5828038466782,5.621932381225575,9.043632319455332,0.0002823119181858066,2.056551040906206
681,CACNA1C (OMIM:618447),35,3051.1554227549614,5.127992307151196,9.043632319455332,0.0001928074247934363,1.923528830932079
682,CACNA1C (OMIM:620029),176,82281.80386156746,5.34297427672516,9.003542446415487,0.00017189252005425464,1.4674679921189442
683,CACNA1D (OMIM:614896),13,395.9553088899862,5.076350113974182,8.83776754690054,0.8732422561530806,1.9315223807512278
684,CACNA1D (OMIM:615474),83,18329.768875999645,5.3863558260357465,9.042595039340005,0.006511523664605808,1.6243403676416606
685,CACNA1E (OMIM:618285),92,20722.07032757183,4.9503273596683774,8.906110405645867,0.0005412573883512041,1.4591157092444307
686,CACNA1F (OMIM:300071),24,1524.9770900958804,5.5252793119415955,8.04571124795085,0.0003596420094632147,1.7240334108782465
687,CACNA1F (OMIM:300476),43,4530.750481446044,5.017442393627956,8.720601790602114,0.0017252892329913654,1.5011003124711684
688,CACNA1F (OMIM:300600),35,2938.865411499112,4.939269599158171,8.73923276760429,0.0014374282086192323,1.6642049533063064
689,CACNA1G (OMIM:616795),73,14811.830433223513,5.6361607432357355,8.981691954516924,9.774864833445439e-05,1.552900635047659
690,CACNA1G (OMIM:618087),119,35579.70391962836,5.067612009632297,8.839936367156065,0.0010976185592787876,1.4370376816486043
691,CACNA1H (OMIM:617027),10,215.15000228544048,4.781111161898678,8.240347067493309,0.44354859817978537,1.946147246886741
692,CACNA1I (OMIM:620114),86,18311.51754483187,5.009991120337037,8.72778131173998,0.0001018499913121344,1.4908981068294096
693,CACNA1S (OMIM:188580),36,2994.626783754569,4.753375847229474,8.607830706558488,0.03534568788695938,1.7127805187455216
694,CACNA1S (OMIM:601887),17,658.8877983711429,4.844763223317227,8.401077388130068,0.010282716780727584,1.9105249216093172
695,CACNA1S (OMIM:620246),44,4243.0026424789485,4.485203638984089,8.57086385389333,0.2201182347802289,1.5520630548353511
696,CACNA2D1 (OMIM:620149),121,37278.869105927806,5.134830455361957,8.743894847247049,0.00011853325674116622,1.5349643684624823
697,CACNA2D2 (OMIM:618501),56,7852.211445798743,5.098838601168015,8.953705511742415,0.00011853325674116622,1.5117054985273262
698,CACNA2D4 (OMIM:610478),30,2106.461292895009,4.842439753781631,8.223041860723374,0.0003596420094632147,1.5484097288172207
699,CACNB2 (OMIM:611876),12,311.98836841879137,4.727096491193809,8.533716979204343,0.0002823119181858066,1.9549777084734108
700,CACNB4 (OMIM:607682),54,8265.219717098891,5.775834882668687,8.910537308204573,0.00021484234446493225,1.715250966559325
701,CACNB4 (OMIM:613855),44,5245.798602177567,5.545241651350493,8.71608764359326,0.0956471500117658,1.6252170135414714
702,CACNG2 (OMIM:614256),9,140.42402208316014,3.9006672800877817,6.928783380508345,0.0011342589495837805,1.65674788975481
703,CAD (OMIM:616457),71,12331.075568590364,4.962203448124895,9.10892180949862,0.004928197432972791,1.6067982148220339
704,CADM3 (OMIM:619519),91,21004.846086542962,5.129388543722335,9.120746959343741,0.001107639007670092,1.7213475714021516
705,CALCRL (OMIM:618773),22,964.3028587625133,4.17447125005417,8.414213611694741,0.004469792754054722,1.5787730962859456
706,CALM1 (OMIM:614916),20,1092.6212027251822,5.750637909079907,9.043632319455332,0.0001928074247934363,2.0759115644564723
707,CALM1 (OMIM:616247),27,1907.2704887500379,5.4338190562679145,8.820583336641256,0.00016009294646799547,1.963273636826172
708,CALM2 (OMIM:616249),33,2856.8155560832156,5.410635522884878,8.64991647416083,0.0001928074247934363,2.0669455246986335
709,CALM3 (OMIM:618782),30,2127.8176908654514,4.891534921529773,7.920967345814949,0.00016009294646799547,1.7514212750672926
710,CAMK2A (OMIM:617798),180,82248.06690908202,5.105404525703415,8.908085989829646,2.000000165480742e-10,1.3902705354670457
711,CAMK2A (OMIM:618095),30,2223.271936364501,5.110969968654025,8.492577406218505,0.0012599449808452711,1.685331665750415
712,CAMK2B (OMIM:617799),189,95809.03871902339,5.392831178600889,9.066751898769898,0.00035697193889868843,1.4428040574604668
713,CAMK2G (OMIM:618522),101,22887.951790348023,4.532267681257034,8.598158479793616,0.0012599449808452711,1.4425934704699108
714,CAMLG (OMIM:620201),59,7714.847785304735,4.50897006739026,8.585121287077502,4.395661259112839e-05,1.4932738762360775
715,CAMSAP1 (OMIM:620316),115,31780.980256811148,4.848357018582936,8.885520883428894,0.00045198453520349144,1.361562209159544
716,CAMTA1 (OMIM:614756),202,107418.82660197819,5.291307157380335,8.964079417231831,2.000000165480742e-10,1.4718619085338642
717,CANT1 (OMIM:251450),191,96352.16232529876,5.31012192478913,9.477456283489829,0.001137044764433523,1.5701598845850064
718,CANT1 (OMIM:617719),52,5862.807333382393,4.42142332834268,8.889264004271626,0.0020477323601173726,1.57898752646284
719,CAP2 (OMIM:620462),18,704.1770571064922,4.602464425532628,7.914918124820625,0.05130359026450264,1.7141759049286445
720,CAPN1 (OMIM:616907),96,25179.464742111937,5.5218124434456,9.16883064934852,0.0010221449047190993,1.6462005640765152
721,CAPN15 (OMIM:619318),97,21496.664878966818,4.6169812884378905,8.611578723504511,0.00022366396974664592,1.3685608672891698
722,CAPN3 (OMIM:253600),66,9729.898792208493,4.536083353010953,9.05368204804913,0.2068602661757259,1.626040877151201
723,CAPN3 (OMIM:618129),39,3235.676367432484,4.366634773863002,8.910142571259092,0.058890989000992655,1.6913349267666404
724,CAPN5 (OMIM:193235),39,3474.2975920378676,4.688660717999821,8.601305783837542,0.00014106192714623223,1.6101129577280962
725,CAPNS1 (OMIM:620777),65,11123.114361923039,5.347651135539922,9.19510534736391,0.0018778192033943957,1.6326347133353123
726,CAPRIN1 (OMIM:620636),65,10164.449379922436,4.886754509578094,8.488966155162577,0.0006888527898926093,1.4737081591886008
727,CAPRIN1 (OMIM:620782),149,57221.64724642171,5.189701364631027,8.973354788365825,0.0005412573883512041,1.4806086413256903
728,CARD10 (OMIM:619632),60,8926.633450327405,5.043295734648251,9.027526536944952,0.0012573389324259374,1.7022811124516908
729,CARD11 (OMIM:615206),37,3173.6580907475545,4.7652523885098415,8.55367753168735,0.026169438432655054,1.556395977410038
730,CARD11 (OMIM:616452),34,2591.704040945543,4.61979329936817,8.205764751562299,0.00018664127441571447,1.5455559240881727
731,CARD11 (OMIM:617638),66,11587.759608845026,5.402218931862484,8.832193187133845,0.0002931452936995604,1.579507834619585
732,CARD14 (OMIM:173200),38,3294.637127765788,4.686539299809087,8.686459489135022,0.0005535315145993702,1.664490626021628
733,CARD14 (OMIM:602723),17,591.2569544706947,4.347477606402167,7.992066034662073,0.5789848082407059,1.640958414121777
734,CARD8 (OMIM:619079),33,2636.8270326476795,4.993990592135757,8.449341912835623,0.0030598302601334447,1.6402213946472803
735,CARD9 (OMIM:212050),75,14786.999514132018,5.3286484735610875,8.895638177471003,0.00018590157716362067,1.574432138208489
736,CARMIL2 (OMIM:618131),152,62522.9240950665,5.448146052201682,9.212302466567023,4.9346129758286674e-05,1.5299993054112262
737,CARS1 (OMIM:618891),194,96270.05475455994,5.142356431523954,9.126221757608684,2.000000165480742e-10,1.4216135447751181
738,CARS2 (OMIM:616672),115,33970.64593980756,5.182402126591542,9.11345293491237,0.0016094262110088685,1.4983538927928997
739,CASK (OMIM:300422),39,3536.965883720782,4.773233311364079,8.64198020110445,0.14566549635316983,1.5936427239383235
740,CASK (OMIM:300749),150,60345.69487426904,5.400062181142643,8.954523087157757,0.0001663034595149971,1.4820281192247928
741,CASP10 (OMIM:603909),99,26326.134840533174,5.426950080505705,9.082580782637375,0.00018664127441571447,1.5871918713807973
742,CASP14 (OMIM:617320),6,56.56211819133935,3.7708078794226236,5.998582609185882,1.5615295258888247,1.4673270503283502
743,CASP2 (OMIM:620653),88,17997.565115234924,4.701558285066595,8.642704534035794,0.04582841245223828,1.3587070807451087
744,CASP8 (OMIM:607271),74,13807.77123524115,5.112095977505054,8.894744762872842,0.0010415847290327434,1.599781722048148
745,CASQ1 (OMIM:616231),25,1520.3106559593316,5.067702186531105,8.960539771365319,0.21933332318734505,1.8592260053377387
746,CASQ2 (OMIM:611938),15,477.09457064443313,4.543757815661268,9.024781183244007,0.0006251143036868903,1.9212550367260743
747,CASR (OMIM:145980),40,3788.8567647993013,4.857508672819617,8.638286335311214,4.601228545832103e-05,1.750114073546158
748,CASR (OMIM:239200),89,20297.22614112887,5.183152742882756,9.251279145337637,4.6205325448638656e-05,1.7337647294624792
749,CASR (OMIM:601198),69,12262.3640433792,5.226924144662916,8.895178083358955,0.0002871235509014397,1.7035931803525017
750,CASR (OMIM:612899),18,672.1984344464411,4.39345381991138,8.540667695729933,0.0956471500117658,2.121617432477069
751,CAST (OMIM:616295),56,7775.454167667294,5.04899621277097,8.739816766884697,0.00032762122591724937,1.649651246253507
752,CAT (OMIM:614097),13,283.04101317689333,3.6287309381652992,6.908999383685258,0.0008770502047779283,1.6443353447729514
753,CATIP (OMIM:619379),25,1680.1208341956556,5.600402780652185,8.566164424851095,0.00019393250834450767,2.0044166073696292
754,CAV1 (OMIM:606721),163,70159.5540126884,5.313910021410922,9.16883064934852,0.00019612912418796554,1.5284300421141017
755,CAV1 (OMIM:612526),63,10000.347707988622,5.120505738857461,8.757119374907873,0.0012817528951234228,1.6058677573507587
756,CAV1 (OMIM:615343),13,374.6412686482629,4.803093187798242,7.879244407419846,0.7753024549580086,1.659636225773309
757,CAV3 (OMIM:123320),26,1864.8690292435072,5.738058551518484,9.093673376212415,0.00017065646204790044,1.9898673355739058
758,CAV3 (OMIM:606072),28,2104.6869213713817,5.567954818442809,9.114327368073754,0.0002451405801352978,1.9460998462022274
759,CAV3 (OMIM:611818),18,851.2830458959136,5.56394147644388,9.235549052995463,0.01279329594845404,2.171634602869171
760,CAV3 (OMIM:614321),40,3949.039524265425,5.062871184955673,8.815202749449414,0.0009840809308529958,1.789963374110698
761,CAVIN1 (OMIM:613327),155,62730.07678729431,5.255976270405891,9.107112983547811,0.0001657766422300117,1.591712271957696
762,CBFB (OMIM:620099),98,21954.606211201495,4.619105030759835,9.576610568278216,0.0690584849641257,1.570024066913231
763,CBL (OMIM:613563),181,80875.41533826954,4.964727767849572,9.107138567489411,0.00016194096168394945,1.497703320757749
764,CBLB (OMIM:620430),77,14872.165155781659,5.082763211135221,8.633550435793826,0.011062529308141045,1.6243894092681586
765,CBLIF (OMIM:261000),32,2509.344429854735,5.059162156965192,8.975466878990153,0.0007671796951079812,1.696836155633035
766,CBS (OMIM:236200),166,65676.4618385786,4.795652562145206,8.983513150344777,0.0007234721597415179,1.4801803453756976
767,CBX2 (OMIM:613080),18,592.5029034470958,3.8725679963862474,7.574411423183236,0.5898174695073903,1.4528474919920682
768,CC2D1A (OMIM:608443),52,5855.576157153061,4.415969952604119,8.608484621439692,0.0001663034595149971,1.5306606820269253
769,CC2D2A (OMIM:612284),79,15886.62049553206,5.1563195376605195,8.40200894968933,0.00013219989403481355,1.5325256892734627
770,CC2D2A (OMIM:612285),66,10566.584912639333,4.92614681241927,8.952054107758826,0.0007165373026079224,1.6190602978887942
771,CC2D2A (OMIM:619111),74,13796.179610950032,5.10780437280638,8.860628775566731,0.00045198453520349144,1.7007384094584792
772,CC2D2A (OMIM:619845),19,793.6642886479399,4.641311629520116,7.984582827600555,0.03761681248991073,1.5373082412454866
773,CCBE1 (OMIM:235510),247,152983.29628211795,5.035492455222605,9.328367191295827,0.0001473428281572063,1.4314020840901072
774,CCDC103 (OMIM:614679),39,3313.1108882676126,4.471134801980583,9.057964148003466,0.0001641602704542467,1.6841313421138295
775,CCDC115 (OMIM:616828),79,15349.219634900579,4.981895369977468,8.870272353659333,0.000151751107741131,1.572570387697916
776,CCDC134 (OMIM:619795),62,8442.24946611409,4.464436523592855,8.668702380584365,0.001107639007670092,1.5566994997457728
777,CCDC174 (OMIM:616816),83,16212.680051656638,4.764231575567628,8.594115279646426,0.0006217310747805367,1.4142586968297095
778,CCDC22 (OMIM:300963),179,79924.10192963862,5.0168917161282165,8.896395064633179,2.000000165480742e-10,1.4372562197058922
779,CCDC32 (OMIM:619123),134,42247.1186743245,4.741007594470261,8.658477481710708,0.030182697791721932,1.4581683847299032
780,CCDC34 (OMIM:620084),22,1266.1012359493043,5.4809577313822695,8.566164424851095,8.084441465612328e-05,2.1146304843136168
781,CCDC39 (OMIM:613807),66,11500.974067053834,5.361759471819969,9.154018952776479,0.0001389659282769288,1.749570220634916
782,CCDC40 (OMIM:613808),62,9885.826320573131,5.227829889250731,9.153546586428673,0.0001389659282769288,1.7733376026910554
783,CCDC47 (OMIM:618268),277,202338.57907842018,5.293218727526296,9.311668996122625,6.377830462530904e-05,1.4843245912865635
784,CCDC50 (OMIM:607453),12,306.20620827680364,4.6394880041939945,7.810172152642902,0.3980917516456417,1.880678472080476
785,CCDC62 (OMIM:619803),13,397.76751438967955,5.099583517816405,8.566164424851095,0.000803149581822378,2.4157312877975605
786,CCDC65 (OMIM:615504),46,4893.734267450652,4.728245669034446,8.949630983132362,0.0001641602704542467,1.7075286851987392
787,CCDC78 (OMIM:614807),30,2101.637495992838,4.831350565500777,8.911550766086647,0.46443555168908324,1.7539459490531406
788,CCDC8 (OMIM:614205),79,13678.041114280877,4.439481049750365,8.606189903507149,0.030182697791721932,1.4719518868104322
789,CCDC88A (OMIM:617507),121,35080.901709304715,4.832080125248583,8.908303490334077,0.00011853325674116622,1.4370877589482174
790,CCDC88C (OMIM:236600),14,335.92461094465324,3.6914792411500357,7.831418634040675,1.046009439364104,1.4896375371064283
791,CCDC88C (OMIM:616053),60,8962.995020730223,5.063838994762838,8.186110997122345,0.0011901076561597205,1.635105270498371
792,CCM2 (OMIM:603284),26,1186.552449209274,3.6509306129516124,8.214536776474098,0.6358983499778939,1.2871633583779165
793,CCN6 (OMIM:208230),78,13436.40893215837,4.474328648737386,8.376063339492667,0.0013767302025706244,1.4553029589813131
794,CCND2 (OMIM:615938),63,9090.316370286571,4.654539872138542,8.266508608664779,0.0012599449808452711,1.4876483897283352
795,CCNF (OMIM:619141),30,1938.2530925945632,4.455754235849571,9.1254331046243,0.0029392195486610383,1.666677874876425
796,CCNK (OMIM:618147),91,19991.720284007042,4.881982975337495,8.795029463371854,0.0002046419419841836,1.5487139406519226
797,CCNO (OMIM:615872),36,2914.1136126170086,4.625577162884141,9.153546586428673,0.000803149581822378,1.6354507096198547
798,CCNQ (OMIM:300707),168,73262.07331896966,5.222560116835591,9.210102916068523,5.822618850128371e-05,1.4507147709773116
799,CCR2 (OMIM:219600),15,407.61553961846283,3.8820527582710747,7.605714823184753,0.0006090516962336616,1.6663741092678357
800,CCT5 (OMIM:256840),71,12995.35656110054,5.229519742897602,8.892736745097405,0.0005152206030376481,1.7343050269340112
801,CD151 (OMIM:609057),46,4953.981901703783,4.786455943675152,8.70654513494572,0.0005464706385911856,1.606647072161452
802,CD164 (OMIM:616969),8,112.28833917036721,4.0102978275131145,7.810172152642902,0.3980917516456417,1.8551731799335855
803,CD19 (OMIM:613493),65,9767.28777566017,4.695811430605851,8.6508209721804,0.011062529308141045,1.4706806446379024
804,CD247 (OMIM:610163),64,10949.883054427257,5.43148961033098,8.810659962521163,0.000955190167537979,1.6508831120714493
805,CD27 (OMIM:615122),87,18967.411180749943,5.070144662055585,9.057948430092358,0.0004317326973326853,1.686281068111126
806,CD2AP (OMIM:607832),27,1498.4241682174497,4.269014724266238,8.15920527809197,0.002088083035473771,1.5330121579160156
807,CD320 (OMIM:613646),21,797.473097951955,3.797490942628357,6.9716323285687976,0.7400213448202568,1.1205787599282468
808,CD36 (OMIM:608404),11,237.6625502380168,4.32113727705485,8.34264095231757,0.0016755542924666625,1.94085192776579
809,CD3D (OMIM:615617),36,3188.1041707384857,5.060482810696009,8.921844382409917,0.000955190167537979,1.809416471968688
810,CD3E (OMIM:615615),47,5726.477258604749,5.29738876836702,8.899437283532054,2.000000165480742e-10,1.821699653368759
811,CD3G (OMIM:615607),83,17883.742142201412,5.255287141405058,8.95777241722601,9.033604054157647e-05,1.555999726091102
812,CD4 (OMIM:613949),8,80.05278747815296,2.8590281242197486,4.263105766331713,0.4607885899805385,0.8072122941713695
813,CD4 (OMIM:619238),55,6467.219492965074,4.355029961592643,8.569507789203993,0.12871499364286615,1.445592518108907
814,CD40 (OMIM:606843),39,3247.1171835133537,4.3820744716779405,8.522070981936519,0.008087157051441167,1.5957581340532572
815,CD40LG (OMIM:308230),144,53796.758719238074,5.225015415621414,8.921844382409917,0.0004605722303507187,1.526924395752096
816,CD46 (OMIM:612922),48,6012.021715410849,5.329806485293306,8.532793082820541,8.907799783192584e-05,1.7433265262891071
817,CD55 (OMIM:226300),97,23352.28087808123,5.015524243574148,9.063690136945583,0.00010890756155596845,1.6302836123472242
818,CD55 (OMIM:613793),7,58.24867447165823,2.7737464034122965,5.428584823772814,1.3122648525512113,1.132409134270393
819,CD59 (OMIM:612300),44,4312.455981226829,4.55862154463724,8.856476530545047,0.00014775659025959595,1.6110970795006596
820,CD70 (OMIM:618261),50,6174.137184787502,5.040111987581634,8.904866254678021,0.0002066025159796314,1.7159699107508537
821,CD79A (OMIM:613501),52,6589.358442841411,4.9693502585531,8.642907658923765,0.00010563534348670766,1.4681381435584133
822,CD79B (OMIM:612692),70,11806.61044726528,4.8888656096336565,8.467433522292827,0.00010563534348670766,1.5493404295538322
823,CD81 (OMIM:613496),82,16202.826271429498,4.878899810728545,9.066651572596335,0.0001473428281572063,1.5470688156474155
824,CD8A (OMIM:608957),31,2090.1497309510837,4.494945657959319,8.32942688867004,0.00022427818665746516,1.6899422715899117
825,CD96 (OMIM:211750),186,82493.25784366214,4.794725826426164,8.973271492861352,0.00015294580467822567,1.3776962475262973
826,CDAN1 (OMIM:224120),71,12612.191634962275,5.075328625739346,9.133679514606659,0.00019109498643675617,1.6604137437244915
827,CDC14A (OMIM:608653),24,1548.1639691257021,5.609289743209065,8.724741450632266,0.000803149581822378,2.107255147546478
828,CDC20 (OMIM:620276),8,109.51327751700872,3.9111884827503114,6.957128747041759,0.0003828231525103401,2.476173920827913
829,CDC40 (OMIM:619302),89,20578.93422664722,5.255090456242906,8.908085989829646,5.9439822204979764e-05,1.5782471402812555
830,CDC42 (OMIM:616737),216,117323.04164757286,5.052671905580226,8.943031795034024,0.0001473428281572063,1.4166992741698337
831,CDC42BPB (OMIM:619841),315,264218.7495681921,5.342609434196585,9.09550804198585,2.000000165480742e-10,1.4456666378654046
832,CDC45 (OMIM:617063),220,126397.79389842658,5.246898874986575,8.988886168693101,2.000000165480742e-10,1.4068514279330795
833,CDC6 (OMIM:613805),113,31127.407458365968,4.918996121739249,8.768368056973944,7.104736562826131e-05,1.4542227500209175
834,CDC73 (OMIM:145000),13,358.9105849274458,4.601417755480075,8.009945450911857,0.0004251209583607234,1.8490382012997204
835,CDC73 (OMIM:145001),53,7245.965963638245,5.2583207283296405,8.88993644014938,0.00019612912418796554,1.7721592638397463
836,CDC73 (OMIM:608266),17,634.6548124488627,4.666579503300461,8.3084943821952,0.007075287477192974,1.8404192356223024
837,CDCA7 (OMIM:616910),99,23363.49485927818,4.816222399356459,8.693810297728785,0.014310385930276094,1.4013623928343932
838,CDH1 (OMIM:119580),74,13304.154021669448,4.925640141306719,8.516657745095673,0.00017189252005425464,1.4306739102630759
839,CDH1 (OMIM:137215),24,1196.2887822084174,4.334379645682672,7.887928972841458,0.1698472034295444,1.4197348319018614
840,CDH11 (OMIM:211380),152,59676.23291218275,5.200090006289887,9.018576486729762,0.00016194096168394945,1.4366073123371719
841,CDH11 (OMIM:619736),97,23086.932434035472,4.9585335983753165,8.770477618249148,0.001593650296769844,1.5438124478862287
842,CDH15 (OMIM:612580),10,182.07375600148276,4.046083466699617,8.35151082614376,0.04614900387743423,1.8235406992158998
843,CDH2 (OMIM:618920),23,1298.043915730462,5.130608362570996,8.875091452878019,0.0012452160951542386,1.9454288812403857
844,CDH2 (OMIM:618929),161,66725.1364771841,5.180523018414915,8.8398610114984,0.00045198453520349144,1.4570678433350885
845,CDH2 (OMIM:619957),17,590.2717551260853,4.340233493574156,8.017744947538702,7.104736562826131e-05,1.8351451341956357
846,CDH23 (OMIM:617540),7,87.18218253305184,4.1515325015738975,7.520043157472363,0.5268759526990981,1.8613537411560468
847,CDH3 (OMIM:225280),77,13291.790539988706,4.542648851670781,8.677544308777165,0.00017189252005425464,1.4632426726435037
848,CDH3 (OMIM:601553),60,8428.384338047174,4.761799061043601,8.822281036332129,2.000000165480742e-10,1.5449842749514062
849,CDHR1 (OMIM:613660),30,2119.4401674856704,4.872276247093495,8.447163633763404,0.0008069303612503042,1.6219624707515454
850,CDIN1 (OMIM:615631),50,6004.624276967061,4.9017341036465805,9.133679514606659,0.00027414783043571854,1.684219143769873
851,CDK10 (OMIM:617694),174,73030.77129805493,4.852220536712173,8.972676003191545,0.0002337228745607196,1.398896098732916
852,CDK13 (OMIM:617360),181,84461.45547381286,5.184865283843638,8.825900426131785,0.00016194096168394945,1.4100962211020855
853,CDK19 (OMIM:618916),82,15524.657257248255,4.674693543284629,8.8398610114984,0.00015294580467822567,1.43617184595359
854,CDK4 (OMIM:609048),13,295.9023360116278,3.793619692456767,7.901147800727266,0.11935106625386957,1.7126596973108876
855,CDK5 (OMIM:616342),105,25383.001403241717,4.6489013559050765,8.418234988089738,0.00035697193889868843,1.3876262848929035
856,CDK5RAP2 (OMIM:604804),65,10012.647654122273,4.813772910635708,8.62905716839489,5.9439822204979764e-05,1.566956149638788
857,CDK6 (OMIM:616080),28,1506.6066374820603,3.9857318451906356,8.232308486184055,0.00040364886229316726,1.5745076055275786
858,CDK8 (OMIM:618748),123,38735.61349938372,5.162683393227205,9.062552408228713,0.00016212543135581012,1.5301795753733027
859,CDKL5 (OMIM:300672),101,26425.06448101824,5.232686035845195,9.08316548962287,0.0001663034595149971,1.60786973309579
860,CDKN1B (OMIM:610755),46,5584.859617899914,5.395999630821173,9.296644806456097,0.0004251209583607234,1.9472745829847717
861,CDKN1C (OMIM:614732),89,19429.195642626968,4.9614902049609215,9.04196163328047,0.0019071621965142454,1.4600499355638723
862,CDKN2A (OMIM:155601),5,29.586581560907746,2.9586581560907748,4.816739939253521,0.8954429315708131,1.3526389900250813
863,CDKN2A (OMIM:155755),10,190.09978890100393,4.224439753355643,8.710653991600315,0.1710658970244448,2.0536098375258143
864,CDKN2A (OMIM:606719),16,506.9495461306442,4.224579551088701,8.23451463797828,0.00014314292996547826,1.84161539422222
865,CDON (OMIM:614226),59,7440.492639910117,4.348622232559975,8.61957836433832,0.00045198453520349144,1.4283948047600112
866,CDSN (OMIM:146520),16,418.3663280020114,3.4863860666834285,5.425622315623566,0.7388212240972487,1.090773230019282
867,CDSN (OMIM:270300),65,10393.595330133889,4.996920831795139,9.138993654350442,0.09051122362700281,1.6141362954234084
868,CDT1 (OMIM:613804),90,18960.308185165733,4.734159347107549,8.995888854625257,0.0004892114312078,1.48947176052284
869,CEACAM16 (OMIM:614614),12,290.1244630878218,4.39582519830033,7.810172152642902,0.3980917516456417,1.6131895333720054
870,CEACAM16 (OMIM:618410),8,112.28833917036721,4.0102978275131145,7.810172152642902,0.3980917516456417,1.8551731799335855
871,CEBPE (OMIM:245480),41,3626.638310648567,4.422729647132399,8.36885124927148,0.12871499364286615,1.4658573927590188
872,CEBPE (OMIM:260570),48,5144.243467072974,4.5604995275469635,8.852444417911675,4.9346129758286674e-05,1.617398425011619
873,CEL (OMIM:609812),23,1179.1856268278848,4.660812754260414,9.052915261377967,6.377830462530904e-05,1.702225911506865
874,CELA2A (OMIM:618620),45,5176.5599004238475,5.228848384266513,9.20663737372593,0.000151751107741131,1.9566309628047571
875,CELF2 (OMIM:619561),60,9226.08826746434,5.212479247154994,8.915644428508728,0.0003375709275285942,1.5889556619839484
876,CELSR1 (OMIM:619319),14,330.2507222413073,3.6291288158385417,7.022500880054198,0.004948772307653733,1.529364694477763
877,CENATAC (OMIM:620153),27,1278.7823009530139,3.6432544186695552,8.115013150975653,7.104736562826131e-05,1.4019291062516632
878,CENPE (OMIM:616051),99,22309.924174479558,4.599036111003826,8.269832271865308,5.9439822204979764e-05,1.4044330795259388
879,CENPF (OMIM:243605),128,41606.10243899123,5.118861028419197,8.896835128589764,0.0001473428281572063,1.4612241861509478
880,CENPJ (OMIM:608393),51,5832.404129756722,4.574434611573899,8.561392742882122,0.0011342589495837805,1.501786296914396
881,CENPJ (OMIM:613676),55,6942.179457426609,4.6748683214994,8.385607883795547,0.00017796557473134708,1.6024348046534134
882,CENPT (OMIM:618702),96,21725.388658121905,4.764339618009189,8.921541190430817,6.004631081718618e-05,1.5218682387695963
883,CEP104 (OMIM:616781),31,2139.8242521655625,4.601772585302285,8.50224240174787,0.3850952692825773,1.591842607222274
884,CEP104 (OMIM:619988),36,2940.567912970445,4.667568115826103,8.629718455113052,0.04077221744082616,1.618792394819147
885,CEP112 (OMIM:619044),33,2875.8825659741315,5.4467472840419155,8.593998861735125,0.000803149581822378,1.846622111611805
886,CEP120 (OMIM:616300),177,80406.2822014954,5.162190690902375,8.860676571801262,2.000000165480742e-10,1.379419829802539
887,CEP120 (OMIM:617761),39,3571.8828680981624,4.820354747770799,8.269049184986788,0.00033296623504988637,1.588500784850326
888,CEP135 (OMIM:614673),23,1091.1911854662935,4.313008638206694,8.232308486184055,0.00040364886229316726,1.7411642908364038
889,CEP152 (OMIM:613823),136,44229.577498636594,4.818036764557363,8.795029463371854,0.00017796557473134708,1.4198047616506
890,CEP152 (OMIM:614852),36,2505.9372107672193,3.9776781123289195,7.9322673520793945,0.0454015306599506,1.3401269311768378
891,CEP164 (OMIM:614845),58,7912.143964107541,4.786535973446789,8.376002209713507,0.003858363741813922,1.5597512185627085
892,CEP19 (OMIM:615703),66,11826.399459944445,5.513472941699042,9.09948084785028,0.000151751107741131,1.7546192689219429
893,CEP250 (OMIM:618358),20,889.9494577428503,4.683944514436054,8.544897405534424,0.003806233877976767,1.7354351714139948
894,CEP290 (OMIM:610188),97,25168.79538334229,5.405669111542588,8.985832664434763,0.0001692096978716535,1.6237988284194784
895,CEP290 (OMIM:610189),30,1974.4127011316205,4.538879772716369,7.885002298720229,0.0007165373026079224,1.5861478800816629
896,CEP290 (OMIM:611134),100,24565.46990076779,4.962721192074301,8.705876236402291,0.010215083214663839,1.364454994916434
897,CEP290 (OMIM:611755),10,172.83957985458724,3.840879552324161,6.909399973113435,1.046009439364104,1.4036259612294368
898,CEP295 (OMIM:620767),120,33279.847702321735,4.661043095563268,8.866607263978617,0.00040364886229316726,1.3716494091759817
899,CEP41 (OMIM:614464),59,8461.308906308881,4.945241909005775,8.599968061072842,0.0019071621965142454,1.5548573876832976
900,CEP55 (OMIM:236500),133,44460.531630206475,5.0649956288683615,8.658477481710708,0.00017189252005425464,1.523873293938118
901,CEP57 (OMIM:614114),163,65456.688149888694,4.957713258341944,8.890705948247707,0.00012113826840601775,1.4531864534532717
902,CEP63 (OMIM:614728),26,1443.049966375399,4.440153742693536,8.232308486184055,0.00040364886229316726,1.4611853806707995
903,CEP78 (OMIM:617236),32,2410.6087897594716,4.860098366450548,8.544897405534424,0.3980917516456417,1.6632677132276867
904,CEP83 (OMIM:615862),54,6656.457167629902,4.651612276470931,8.374591355895678,0.0007165373026079224,1.4843458227384845
905,CEP85L (OMIM:618873),100,26075.87581820535,5.267853700647545,8.908085989829646,0.0001123572373457795,1.5659544480063212
906,CERKL (OMIM:608380),23,1137.9162040028853,4.4976925059402575,7.5215074773291795,0.7609453784098479,1.3110785203440587
907,CERS1 (OMIM:616230),52,6990.823114147084,5.272113962403533,8.908085989829646,0.00037868868455093207,1.6225453684534483
908,CERS3 (OMIM:615023),41,3657.334226183193,4.460163690467309,8.549771736475256,0.001862257631737183,1.5594676027641414
909,CERT1 (OMIM:616351),106,27275.719702214774,4.901297340919097,9.11345293491237,0.00016194096168394945,1.5535803855100092
910,CES1 (OMIM:618057),2,0.7400213448202568,0.7400213448202568,0.7400213448202568,0.7400213448202568,0.0
911,CETP (OMIM:143470),8,113.08947990593784,4.038909996640637,7.302679411753732,0.7400213448202568,1.777082092952034
912,CFAP251 (OMIM:618152),21,1122.7841199851482,5.3465910475483245,8.566164424851095,8.084441465612328e-05,2.289980250066336
913,CFAP298 (OMIM:615500),55,7276.053456074347,4.899699297019763,9.249794655572087,0.000803149581822378,1.6835846537879091
914,CFAP300 (OMIM:618063),48,5679.911677030227,5.035382692402684,9.153546586428673,0.0001641602704542467,1.750023552214543
915,CFAP410 (OMIM:602271),95,21692.018386905453,4.858234801098646,8.809382787340638,0.0013767302025706244,1.4721776675008107
916,CFAP410 (OMIM:617547),49,6198.597475245714,5.2709162204470354,8.827394941773361,0.00015500775417016222,1.6255888360860182
917,CFAP418 (OMIM:614500),47,5353.195945650767,4.9520776555511254,8.447163633763404,0.00015500775417016222,1.5651919330158224
918,CFAP418 (OMIM:617406),89,19766.43044045652,5.047607364774392,8.689409250751249,0.00022366396974664592,1.4843299071944998
919,CFAP43 (OMIM:236690),32,2356.843900556287,4.751701412411869,8.420238654259318,0.008060153990820385,1.5527891776728766
920,CFAP43 (OMIM:617592),21,1122.7841199851482,5.3465910475483245,8.566164424851095,8.084441465612328e-05,2.289980250066336
921,CFAP44 (OMIM:617593),16,595.448161193714,4.962068009947616,8.566164424851095,8.084441465612328e-05,2.5457332868004965
922,CFAP45 (OMIM:619608),59,8001.254309718126,4.676361373301067,8.524036859864859,0.0001641602704542467,1.514023625884521
923,CFAP47 (OMIM:301059),23,1381.690182117139,5.461226016273277,8.566164424851095,8.084441465612328e-05,2.1642026161386383
924,CFAP52 (OMIM:619607),44,4352.55629322849,4.601010880791216,8.615706089761913,0.0001641602704542467,1.6957861382177242
925,CFAP53 (OMIM:614779),41,3846.055671857135,4.690311794947726,8.152575925557374,0.00015343317411067644,1.5928349442605716
926,CFAP58 (OMIM:619144),21,1122.7841199851482,5.3465910475483245,8.566164424851095,8.084441465612328e-05,2.289980250066336
927,CFAP61 (OMIM:620409),23,1381.690182117139,5.461226016273277,8.566164424851095,8.084441465612328e-05,2.1642026161386383
928,CFAP65 (OMIM:618664),24,1509.3577160126476,5.468687376857419,8.566164424851095,8.084441465612328e-05,2.1884096923354437
929,CFAP69 (OMIM:617959),19,848.2335036476298,4.960429845892572,7.921330994687017,0.00016497883746718805,1.9297524168334725
930,CFAP70 (OMIM:618670),24,1538.04370720022,5.572622127537029,8.566164424851095,0.0002298947821411958,2.037040533288099
931,CFAP74 (OMIM:620197),54,7085.268071135673,4.951270489962036,9.154018952776479,0.00019393250834450767,1.7042786406897663
932,CFAP91 (OMIM:619177),21,1065.4940836081655,5.073781350515074,7.921330994687017,8.084441465612328e-05,1.9000712327129878
933,CFB (OMIM:612924),42,4608.388268357585,5.352367326780006,8.532793082820541,8.907799783192584e-05,1.8344953704541793
934,CFB (OMIM:615561),32,2196.2719634968,4.427967668340322,8.109251282693942,0.00010140920281185092,1.558343249724225
935,CFC1 (OMIM:605376),64,9377.878909884883,4.651725649744486,8.436464586826238,0.00045198453520349144,1.4678086819824687
936,CFD (OMIM:613912),9,118.17568485091861,3.282657912525517,5.586768871269809,1.445813320187009,0.9837768163473846
937,CFH (OMIM:126700),13,324.7009341445024,4.162832489032082,7.6102439808147055,0.030896185296058608,1.7511896766343926
938,CFH (OMIM:609814),30,1919.4277339768405,4.412477549372047,8.179875574844724,0.0014380709874326273,1.606744004803043
939,CFH (OMIM:610698),9,106.57820098955177,2.960505583043105,5.237276650688817,0.4045212281205054,1.1594049069490238
940,CFI (OMIM:610984),84,16858.31144026049,4.836004429219877,8.581431030750355,0.00010140920281185092,1.4828233401164457
941,CFI (OMIM:612923),46,5550.061186021203,5.362377957508409,8.532793082820541,8.907799783192584e-05,1.7513944265372596
942,CFI (OMIM:615439),23,1154.252520976525,4.562262928760968,7.909079711846373,0.030896185296058608,1.670693030238402
943,CFL2 (OMIM:610687),101,27187.67198375053,5.3836974225248575,9.21315399138524,0.0004892114312078,1.68242309940346
944,CFP (OMIM:312060),7,63.67383433062664,3.032087349077459,5.1759486622782305,0.7400213448202568,1.171445476578199
945,CFTR (OMIM:277180),17,684.2911663294446,5.031552693598858,7.905921956541114,0.0002487030284261157,2.0220051200535623
946,CHAMP1 (OMIM:616579),137,46303.57298017514,4.970327713629791,8.934854006997885,0.0005727427745271421,1.4581801927818523
947,CHAT (OMIM:254210),61,9997.70560588345,5.463227107040137,8.929418855261877,9.309337643604373e-06,1.6296008483716302
948,CHCHD10 (OMIM:615048),47,5148.787179919946,4.762985365328349,8.802038284270553,0.00031792342844160594,1.7195480511226775
949,CHCHD10 (OMIM:615911),67,11311.574501110395,5.1160445504796,8.695357596086875,0.00046514196955248867,1.4800582119919128
950,CHCHD10 (OMIM:616209),36,3074.5154994597906,4.880183332475858,9.17195567434848,0.0009840809308529958,1.717977010768207
951,CHCHD2 (OMIM:616710),50,6184.220761602299,5.048343478859019,8.460724009154571,0.000762189151311748,1.5369358442784276
952,CHD1 (OMIM:617682),57,7439.396438988646,4.6612759642786,8.972676003191545,0.0005689965370294645,1.5843498478314006
953,CHD2 (OMIM:615369),41,4712.973495210223,5.747528652695394,8.915644428508728,0.000978121968435484,1.9351208339139019
954,CHD3 (OMIM:618205),158,64515.28343188025,5.201586989589636,8.969313948678833,0.0004395559339724585,1.4924231119400546
955,CHD4 (OMIM:617159),169,69020.31885863963,4.86195540001688,8.946139864562545,2.000000165480742e-10,1.3726720530068595
956,CHD5 (OMIM:619873),79,14893.118900825564,4.83385877988496,8.454310624022849,0.004741949544191963,1.426532118782191
957,CHD7 (OMIM:214800),321,278673.3345831564,5.425882682693855,9.169767926615972,0.0001473428281572063,1.4582235636698497
958,CHD7 (OMIM:612370),33,2462.684644054302,4.664175462224057,8.468702691061825,0.007263534526213137,1.5879145201356806
959,CHD8 (OMIM:615032),94,22224.724173455466,5.084585718017723,9.08184982722414,0.0005543272741829107,1.487994184952547
960,CHEK1 (OMIM:620610),9,146.56319168324308,4.071199768978975,6.957128747041759,0.0003828231525103401,2.309323788043062
961,CHEK2 (OMIM:609265),30,2053.9471564791074,4.721717601101396,9.009428731327718,0.14432789991678685,1.637732641764351
962,CHKA (OMIM:620023),101,24821.039720958586,4.915057370486848,8.821531924588221,0.0001018499913121344,1.4709208239621752
963,CHKB (OMIM:602541),75,12942.304717819688,4.663893592007095,8.771567589291417,0.0006888527898926093,1.5104335289569828
964,CHMP1A (OMIM:614961),164,69021.925340522,5.163992618623522,9.126221757608684,0.00030206516417093,1.4782570005954485
965,CHMP2B (OMIM:600795),81,16749.893933802327,5.16972034993899,8.776416341533308,0.00022026734555797406,1.4886558433372408
966,CHMP4B (OMIM:605387),11,248.91524670038027,4.525731758188732,6.9590909452861505,0.0011611630296369602,1.9771419953500187
967,CHN1 (OMIM:604356),12,317.42781941232744,4.809512415338294,7.7330306018756465,0.00033296623504988637,1.7078290586854392
968,CHP1 (OMIM:618438),77,14871.863294572693,5.082660045992035,8.792352869423427,0.00031792342844160594,1.5531821271151585
969,CHRDL1 (OMIM:309300),37,3667.968352456207,5.507459988672983,8.763479054081268,4.189843108750679e-05,1.6324602939998099
970,CHRM3 (OMIM:100100),82,17060.15679029948,5.137054137398217,8.747972866523574,0.0001473428281572063,1.6243020228830132
971,CHRNA1 (OMIM:601462),64,10204.641433190076,5.0618261077331725,9.054406053055844,9.309337643604373e-06,1.5980083550230455
972,CHRNA1 (OMIM:608930),100,25562.72683122442,5.164187238631196,8.964734206947517,9.309337643604373e-06,1.569746280540406
973,CHRNA2 (OMIM:610353),13,302.27678492866664,3.8753433965213673,8.484287946223814,1.046009439364104,1.5550301646252929
974,CHRNA3 (OMIM:191800),59,8532.415906550705,4.986800646727472,8.754645460516903,0.0001473428281572063,1.4795329966300808
975,CHRNA4 (OMIM:600513),7,78.8219653117668,3.753426919607943,7.306097423653687,0.9432735785493727,1.6561482383063926
976,CHRNB1 (OMIM:616313),89,19512.263838366718,4.9827027166411435,8.957638019335564,0.0001327613358585333,1.572466969832008
977,CHRNB1 (OMIM:616314),23,1148.146548479072,4.538128650114909,8.201665326403253,0.0001327613358585333,1.60611433250893
978,CHRNB2 (OMIM:605375),4,14.685934795838552,2.447655799306425,3.6830562217649034,1.046009439364104,0.7790292986566246
979,CHRND (OMIM:616321),38,3681.6754543106777,5.237091684652458,8.505158906772744,0.0001327613358585333,1.6606442786885958
980,CHRND (OMIM:616322),48,5381.2913887861705,4.770648394313981,8.786241094659076,0.20439110626138998,1.5652794680985873
981,CHRND (OMIM:616323),45,4490.288154046547,4.535644600047017,8.542812852169247,0.01234268101192586,1.5468961338787266
982,CHRNE (OMIM:605809),55,8658.215094558287,5.830447875123426,8.991790732688134,9.309337643604373e-06,1.7135422184083986
983,CHRNE (OMIM:616324),43,4302.770167608787,4.764972500120473,8.786241094659076,0.0001327613358585333,1.6475116434259733
984,CHRNG (OMIM:265000),225,132420.62472716052,5.254786695522243,9.05574125391044,0.0007660873712183492,1.465290824529218
985,CHST11 (OMIM:618167),86,18755.68482319855,5.131514315512599,9.103279037847985,0.0002486465088485564,1.7165219172070945
986,CHST14 (OMIM:601776),219,126372.59677653309,5.293980008233132,9.054649716855387,0.00012113826840601775,1.5100918205523781
987,CHST3 (OMIM:143095),242,160555.64375133082,5.505834633631591,9.116469774104093,0.00010061562736080588,1.5194551744149842
988,CHST6 (OMIM:217800),28,1668.0835600393773,4.412919471003644,8.105971036727992,0.00043503920607854075,1.5938329493598626
989,CHSY1 (OMIM:605282),112,29818.626137803825,4.797076276995467,8.765736900359698,0.0010568224105257178,1.4455756875584953
990,CHUK (OMIM:613630),64,8495.033385389268,4.2138062427526135,8.757494733819115,0.00022366396974664592,1.4025998072376307
991,CHUK (OMIM:619339),74,12204.30747672954,4.518440383831744,8.668659189379179,0.00017189252005425464,1.4256614620583576
992,CIB1 (OMIM:618267),21,902.5209285955168,4.297718707597699,8.322225276690263,0.677206333651081,1.6602834084685987
993,CIB2 (OMIM:609439),9,142.93760062621394,3.9704889062837205,7.831977317500024,0.001488733334007875,2.01648022851964
994,CIB2 (OMIM:614869),17,569.5259174523093,4.187690569502274,7.387317318045884,0.7609453784098479,1.3832141417436588
995,CIBAR1 (OMIM:618219),29,1477.0490507660115,3.6380518491773683,6.905439576602517,0.12046623507016672,1.5306968893298287
996,CIC (OMIM:617600),105,27860.606316206955,5.102675149488453,8.908085989829646,0.0005543272741829107,1.5433628369522145
997,CIDEC (OMIM:615238),47,5180.769234803281,4.792570985016911,9.045309766479564,0.047784109337295634,1.5972625210591636
998,CILK1 (OMIM:612651),186,89508.58281440445,5.202475025539346,8.901186583103856,0.00016194096168394945,1.4442993235736528
999,CILK1 (OMIM:617924),15,452.81380220497266,4.31251240195212,7.826797065347226,0.025418230699425857,2.127180522647531
1000,CIROP (OMIM:619702),70,12934.245477236855,5.355795228669505,8.662337384669035,7.393453312369341e-05,1.5442971265672802
1001,CISD2 (OMIM:604928),65,10681.544239296532,5.135357807354102,9.093188221685669,0.0013598250934187413,1.511148309769297
1002,CIT (OMIM:617090),108,28674.441883450527,4.962693299316464,8.811903386874734,0.00030206516417093,1.3995712834643652
1003,CITED2 (OMIM:614431),8,108.32326344107896,3.8686879800385343,5.951632449991709,0.0004395559339724585,1.533283508534571
1004,CITED2 (OMIM:614433),15,391.1647966721981,3.7253790159256965,7.392905465381837,0.473594995891922,1.5029465315518997
1005,CKAP2L (OMIM:272440),114,30631.0293531802,4.755632565312871,8.849292385707647,0.00017189252005425464,1.4204825296843884
1006,CLCC1 (OMIM:609913),35,2808.313001123625,4.71985378340105,8.447163633763404,0.00015500775417016222,1.5352486578514382
1007,CLCF1 (OMIM:610313),60,8128.102719526876,4.592148429111229,8.365771427945836,0.003303224205639112,1.5480624927084585
1008,CLCN1 (OMIM:160800),27,1690.1525778969594,4.8152495096779475,9.107112983547811,0.0019332443328618017,1.6522860296146944
1009,CLCN1 (OMIM:255700),37,2975.2351663036115,4.467320069524942,9.107112983547811,0.0019332443328618017,1.5052403244445964
1010,CLCN2 (OMIM:605635),17,676.0291848073853,4.970802829466068,8.476105301695288,0.03534568788695938,2.0509693997716814
1011,CLCN2 (OMIM:607628),13,266.267348794716,3.4136839589066152,5.894415664782804,0.003451083160099084,1.4875426327856396
1012,CLCN2 (OMIM:615651),39,3563.3301182905425,4.80881257529088,8.226229959873011,2.000000165480742e-10,1.5575629356419676
1013,CLCN3 (OMIM:619512),255,170796.86855784972,5.273949932309703,9.11345293491237,5.9439822204979764e-05,1.421640318328125
1014,CLCN3 (OMIM:619517),94,21268.796779994573,4.865888075953917,8.721098869547218,5.9439822204979764e-05,1.5048887690212565
1015,CLCN4 (OMIM:300114),109,29714.384688505925,5.048315441472294,8.915644428508728,0.00102680255120379,1.4610856924198485
1016,CLCN5 (OMIM:300009),84,17925.751545188155,5.142212147214043,8.921946389128312,4.6205325448638656e-05,1.6587332022887877
1017,CLCN5 (OMIM:300554),78,14986.188261713254,4.9904056815561955,8.921946389128312,0.00036636557699795333,1.639796803281192
1018,CLCN5 (OMIM:308990),41,4257.161747516251,5.191660667702745,8.809934687955854,8.369844453416479e-05,1.7098946481921031
1019,CLCN5 (OMIM:310468),34,2833.810253054684,5.051355174785533,8.15920527809197,0.00036636557699795333,1.6808389910569232
1020,CLCN6 (OMIM:619173),86,19064.651460616802,5.216046911249467,8.8039145452737,4.395661259112839e-05,1.5461061080437335
1021,CLCN7 (OMIM:166600),65,8737.804536107215,4.200867565436161,9.130203971716059,0.0013984767725301699,1.6014740268100345
1022,CLCN7 (OMIM:611490),68,10255.69060703966,4.50205909000863,9.133679514606659,0.00027414783043571854,1.5944654546681578
1023,CLCN7 (OMIM:618541),90,18126.563716432633,4.5259834497959135,9.136065882335949,0.0010976185592787876,1.4371701137941788
1024,CLCNKB (OMIM:607364),57,8458.232076193459,5.299644158015951,8.863963311019043,0.0002603912870453802,1.7613062286703813
1025,CLDN1 (OMIM:607626),81,15973.5663295829,4.93011306468608,9.004244913203674,0.0009189324407240284,1.5948472997133365
1026,CLDN10 (OMIM:617671),60,9384.873088084523,5.302188185358488,8.785062749745597,4.601228545832103e-05,1.7673520115671182
1027,CLDN11 (OMIM:619328),91,20111.7985113908,4.911306107787741,8.836793142824723,0.0005974451415905798,1.5157399322787826
1028,CLDN14 (OMIM:614035),7,67.17848022202988,3.198975248668089,4.662535130851787,0.3980917516456417,1.227516412457778
1029,CLDN16 (OMIM:248250),173,79579.26481029266,5.348787794750145,8.964000283603562,8.369844453416479e-05,1.6471494081295541
1030,CLDN19 (OMIM:248190),70,12291.615655750247,5.089695923706106,8.86463968509121,0.0007165373026079224,1.694437674010376
1031,CLDN2 (OMIM:301060),21,1066.0067872288932,5.0762227963280635,7.836581413017971,0.000803149581822378,1.8825380458693162
1032,CLDN9 (OMIM:619093),14,430.1230336822295,4.726626743760764,8.405881591175914,0.36201212601023636,1.8589003916663058
1033,CLEC3B (OMIM:619977),17,554.3586203403909,4.076166326032286,8.06539105812293,0.7609453784098479,1.5897693589331008
1034,CLEC7A (OMIM:613108),13,310.4836734046082,3.980559915443695,6.663018548371819,0.20058492775948517,1.5272351686436947
1035,CLIC2 (OMIM:300886),66,10490.586678028181,4.8907164000131385,9.147923784674484,0.0006912747598399878,1.551224068321049
1036,CLIC5 (OMIM:616042),9,163.94831688023814,4.554119913339949,8.113435610767535,0.3980917516456417,2.02761838615375
1037,CLMP (OMIM:615237),39,4262.875726651422,5.752868726924996,9.078103639481398,8.091248143822315e-05,1.8367546444245701
1038,CLN3 (OMIM:204200),89,19578.476453530275,4.999610943189549,8.908085989829646,0.00018869251796236437,1.4668825914611143
1039,CLN5 (OMIM:256731),73,13203.589792177165,5.024197028986745,8.603990962250164,0.030896185296058608,1.5600901237124292
1040,CLN6 (OMIM:204300),46,4625.7384755333305,4.4693125367471795,8.540667695729933,0.17902336261100305,1.525609868804838
1041,CLN6 (OMIM:601780),27,1458.1115365327055,4.1541639217455995,8.371287394311342,0.030896185296058608,1.5503893026717324
1042,CLN8 (OMIM:600143),47,5158.58491478949,4.772048949851516,8.448230027457507,0.030896185296058608,1.568122739696226
1043,CLN8 (OMIM:610003),43,4334.110594968903,4.79967950716379,8.908085989829646,0.006829839193248843,1.636221493334482
1044,CLP1 (OMIM:615803),149,55023.30537778036,4.990323360945071,8.896248423949645,0.0001663034595149971,1.421002660138834
1045,CLPB (OMIM:616271),175,77449.53272497286,5.08699722331513,8.899393371576567,0.00037868868455093207,1.434241316669998
1046,CLPB (OMIM:619813),27,1420.0377753183411,4.045691667573622,8.580578790016917,0.7609453784098479,1.2697078163789872
1047,CLPB (OMIM:619835),74,13119.49441118975,4.857273014139115,8.727451759984316,0.025418230699425857,1.4612702114893992
1048,CLPP (OMIM:614129),56,7169.164007917475,4.655301303842516,8.795155143875997,0.0002603386054333028,1.4969433386632607
1049,CLPX (OMIM:618015),15,378.80991025429455,3.6077134309932815,7.530684694869339,0.004883727133326189,1.6008840764949803
1050,CLRN1 (OMIM:276902),19,773.2698624322406,4.52204597913591,7.981024797845407,0.7609453784098479,1.4891592447564908
1051,CLRN1 (OMIM:614180),22,1072.6417028771637,4.643470575225817,7.906962867292998,0.00015500775417016222,1.567086384644881
1052,CLRN2 (OMIM:619174),8,112.28833917036721,4.0102978275131145,7.810172152642902,0.3980917516456417,1.8551731799335855
1053,CLTC (OMIM:617854),129,43252.50630836564,5.238917915257466,8.72778131173998,0.0011655871444842389,1.4916539753905922
1054,CLXN (OMIM:620642),90,19119.995715427238,4.774031389619784,8.311678799451395,0.0001641602704542467,1.4530640102509262
1055,CNBP (OMIM:602668),111,30821.902182001784,5.048632626044518,8.910142571259092,9.309337643604373e-06,1.5066587915530454
1056,CNGA1 (OMIM:613756),25,1455.5133655033574,4.851711218344525,7.981024797845407,0.00015500775417016222,1.574378902301364
1057,CNGA3 (OMIM:216900),50,6478.898206725334,5.288896495285987,8.45721390059145,0.00011738054055120839,1.6266292555259614
1058,CNGB1 (OMIM:613767),22,1056.1111396783297,4.571909695577185,7.6237547624042445,0.00015500775417016222,1.589231747732048
1059,CNGB3 (OMIM:262300),33,2858.378558134936,5.41359575404344,8.720743863755816,0.00011738054055120839,1.8968858256294705
1060,CNKSR2 (OMIM:301008),51,6476.139293577538,5.079324936139246,8.575145525423508,0.001107639007670092,1.673338074026372
1061,CNNM2 (OMIM:613882),27,1606.5008970658487,4.576925632666236,7.925749378888665,0.002436140289989846,1.5836138278370933
1062,CNNM2 (OMIM:616418),47,4939.600063970079,4.569472769630045,8.264012517141257,0.002436140289989846,1.507913897392429
1063,CNNM4 (OMIM:217080),60,8592.56972864957,4.854559168728571,8.75109582991366,0.00015500775417016222,1.5786526682794877
1064,CNOT1 (OMIM:618500),131,43065.94822931055,5.057656867799242,9.093188221685669,6.377830462530904e-05,1.4990930326170284
1065,CNOT1 (OMIM:619033),55,6694.982753877404,4.5084058948669385,8.804883618278335,0.37543966712845633,1.4399361031373643
1066,CNOT2 (OMIM:618608),98,22733.856190167142,4.783054111122899,8.72778131173998,0.030182697791721932,1.5250019087351125
1067,CNOT3 (OMIM:618672),138,47753.958117563925,5.051725179050452,9.013265320832058,0.0010976185592787876,1.5331030546052533
1068,CNP (OMIM:619071),88,19341.337184838365,5.052595920804171,8.601131196268465,0.0001663034595149971,1.5233279178094887
1069,CNPY3 (OMIM:617929),51,6549.119859411898,5.136564595617175,8.915862472076086,0.0005412573883512041,1.7514855204639277
1070,CNTN1 (OMIM:612540),101,23900.096605431518,4.732692397115152,9.306500637050805,0.00020730474885900254,1.5610924419083052
1071,CNTN2 (OMIM:615400),30,2108.5281494605324,4.847191148185132,8.617772111080257,0.008850471676097593,1.7054500721561117
1072,CNTNAP1 (OMIM:616286),75,12741.86604184626,4.591663438503157,8.421760279435025,0.02126094445351756,1.3781937811975278
1073,CNTNAP1 (OMIM:618186),150,55389.75656405622,4.9565777685956345,8.84939032163348,0.00020062741195619893,1.442514515544537
1074,CNTNAP2 (OMIM:610042),92,21372.078359349252,5.105608781497671,8.908085989829646,0.0010149124115293858,1.4588878338310156
1075,COA3 (OMIM:619058),39,3343.9142067880985,4.512704732507555,8.897573821460998,0.2490680073016388,1.5310945123154782
1076,COA5 (OMIM:616500),12,244.52524079593024,3.704927890847428,7.952724524135358,0.7400213448202568,1.5192211765267525
1077,COA6 (OMIM:616501),53,7438.760913743803,5.398229980946156,8.77067141957425,0.00012113826840601775,1.823768215195785
1078,COA7 (OMIM:618387),75,13850.735714988572,4.991256113509396,9.098517465112112,0.00031792342844160594,1.5816839526573143
1079,COA8 (OMIM:619061),43,4306.261596875716,4.768838977713972,8.109653930835043,0.07303794237485907,1.4958659744831342
1080,COASY (OMIM:615643),86,19044.520066888064,5.210539005988527,8.968337425560547,0.0008585106956950381,1.5673125898821976
1081,COASY (OMIM:618266),74,12894.908075217309,4.7741236857524285,8.77590202015793,0.00030206516417093,1.6803407241196904
1082,COCH (OMIM:601369),20,1024.9006915964985,5.394214166297361,8.088711642665194,0.00019055189456244724,1.7722408746162377
1083,COCH (OMIM:618094),8,112.28833917036721,4.0102978275131145,7.810172152642902,0.3980917516456417,1.8551731799335855
1084,COG1 (OMIM:611209),268,188000.89291973825,5.2546507048951385,9.107138567489411,7.104736562826131e-05,1.4731745326056094
1085,COG2 (OMIM:617395),65,9916.665287445048,4.767627542040889,8.826450121329573,0.0007031720066138041,1.5723725191523732
1086,COG3 (OMIM:620546),105,26017.393881533895,4.765090454493388,8.624911000038004,0.025418230699425857,1.4048848518593602
1087,COG4 (OMIM:613489),112,29920.68300192159,4.813494691428827,9.116483739735825,0.005176429020931227,1.5010300673879284
1088,COG4 (OMIM:618150),143,48974.69357166992,4.823667248268484,8.98796525665059,0.0011193901156878417,1.437670006883218
1089,COG5 (OMIM:613612),63,9382.748736241403,4.804274826544497,8.634637861122874,0.0454015306599506,1.4733696135441106
1090,COG6 (OMIM:614576),196,94496.99762698225,4.944897835006921,9.065699330095148,2.000000165480742e-10,1.400090274576856
1091,COG6 (OMIM:615328),57,6838.611660247134,4.284844398651086,8.676444709847171,0.0454015306599506,1.4486244159908654
1092,COG7 (OMIM:608779),200,99670.40608147465,5.008563119672093,9.181781892504443,0.00011853325674116622,1.4196946489772073
1093,COG8 (OMIM:611182),248,160899.90056101338,5.253359689206392,9.214679967371058,2.000000165480742e-10,1.5073026156728524
1094,COL10A1 (OMIM:156500),76,14299.67284291482,5.01742906768941,8.889264004271626,0.0013767302025706244,1.662540478764825
1095,COL11A1 (OMIM:154780),151,55378.45842210903,4.889930103497487,8.880008808790905,0.00012943476669520794,1.4644212917874173
1096,COL11A1 (OMIM:228520),148,53687.707506362625,4.935439189774097,8.90892132841683,0.0002327990288024711,1.4871575333494187
1097,COL11A1 (OMIM:604841),88,19281.80060492149,5.037043000240724,8.972899310928259,0.00014468862235090667,1.542476659132949
1098,COL11A1 (OMIM:618533),7,67.17848022202988,3.198975248668089,4.662535130851787,0.3980917516456417,1.227516412457778
1099,COL11A2 (OMIM:184840),44,4350.105529760816,4.598420221734478,8.677823722302271,0.06898475067363027,1.530588410503779
1100,COL11A2 (OMIM:215150),113,30065.965018926254,4.751258694520584,8.982678031299352,0.0005881457664332432,1.487958467601579
1101,COL11A2 (OMIM:601868),7,67.17848022202988,3.198975248668089,4.662535130851787,0.3980917516456417,1.227516412457778
1102,COL11A2 (OMIM:609706),7,67.17848022202988,3.198975248668089,4.662535130851787,0.3980917516456417,1.227516412457778
1103,COL11A2 (OMIM:614524),49,5361.992309080993,4.559517269626695,8.660543627351807,0.0010465776658136754,1.5513761170492666
1104,COL12A1 (OMIM:616470),52,6111.274945522166,4.608804634632101,8.419578300624604,0.0017700310267440155,1.5241429647975218
1105,COL12A1 (OMIM:616471),70,11499.963276244818,4.761889555380877,8.626600266239661,0.001107639007670092,1.5907057054763452
1106,COL13A1 (OMIM:616720),92,20843.32756629783,4.9792946885565765,9.126221757608684,0.0001327613358585333,1.5495046976372988
1107,COL17A1 (OMIM:122400),23,1196.2466097500176,4.728247469367658,8.906380084075632,0.7609453784098479,1.6385490803462048
1108,COL17A1 (OMIM:619787),33,2469.286079589187,4.676678181040127,9.104902842735882,0.0015105945099440441,1.6227729396970758
1109,COL18A1 (OMIM:267750),169,76409.59201430062,5.382473373788435,8.970860013038015,2.000000165480742e-10,1.4252883415046347
1110,COL18A1 (OMIM:618880),20,982.6334507620123,5.171755004010591,8.671898471735437,0.0001197871677958315,1.926604554741213
1111,COL1A1 (OMIM:114000),37,2662.02795953857,3.9970389782861413,8.377098355612823,0.0006463772126764641,1.609737761544202
1112,COL1A1 (OMIM:130060),107,29080.103259094696,5.127861622129201,8.939473413195284,0.0018404324111691655,1.5334924662719287
1113,COL1A1 (OMIM:166200),94,20138.715970898556,4.607347511072651,8.887399600823853,0.00021856978104179122,1.4557217675572396
1114,COL1A1 (OMIM:619115),61,8773.864534484996,4.794461494254096,8.887399600823853,0.37543966712845633,1.4928009501471606
1115,COL1A2 (OMIM:225320),66,10828.594751857589,5.048295921611929,8.988659850511239,0.00012113826840601775,1.6509305252078028
1116,COL1A2 (OMIM:617821),84,17906.795368085433,5.1367743454060335,8.914917602151116,0.0018404324111691655,1.6081151190661882
1117,COL1A2 (OMIM:619120),43,4238.397895664579,4.69368537725867,8.887399600823853,0.37543966712845633,1.5349508972847203
1118,COL25A1 (OMIM:616219),9,161.24061629452856,4.478906008181349,6.7810184267442715,0.00033296623504988637,1.5779651204154426
1119,COL27A1 (OMIM:615155),94,21267.31106939767,4.865548174193015,8.6191958931963,0.0013767302025706244,1.511745437347933
1120,COL2A1 (OMIM:108300),108,29734.264132827124,5.1461170184885985,8.983513150344777,0.00010109795539299207,1.534679346289453
1121,COL2A1 (OMIM:132450),62,8953.500911692745,4.73479688614106,8.858841843383727,0.008149278405766236,1.415319300642058
1122,COL2A1 (OMIM:150600),10,187.34130335059024,4.16314007445756,7.289088931299915,0.015145095972942467,2.1653842295310466
1123,COL2A1 (OMIM:151210),105,27210.1482549559,4.983543636438809,9.251256638088163,0.0007660873712183492,1.5206593449052053
1124,COL2A1 (OMIM:156550),132,42127.917950312796,4.8725327261523015,9.056211837735058,0.0005881457664332432,1.4989755328069712
1125,COL2A1 (OMIM:183900),125,39846.33786528836,5.141462950359789,8.830192662383979,0.0004107911592513726,1.5940706029270528
1126,COL2A1 (OMIM:184250),98,23500.483443839108,4.944347452943217,9.149769115534742,0.001009589551926798,1.572484720239347
1127,COL2A1 (OMIM:200610),76,13081.563307872915,4.5900222132887425,8.821347721051744,0.0010465776658136754,1.5387891401606928
1128,COL2A1 (OMIM:271700),114,32685.65833272212,5.074624799366887,9.424748773280818,0.00014468862235090667,1.627031724255244
1129,COL2A1 (OMIM:604864),40,3380.814324961437,4.33437733969415,8.597172718216592,0.0004915082918591009,1.381791815095344
1130,COL2A1 (OMIM:608805),17,563.2582149172141,4.141604521450104,9.22721099146522,0.0007234721597415179,2.0193365498600024
1131,COL2A1 (OMIM:609162),63,8771.715801097154,4.491405940141912,8.509794692887501,0.0013767302025706244,1.554830755385213
1132,COL2A1 (OMIM:609508),20,870.2513623704111,4.580270328265322,8.810625430682554,0.7609453784098479,1.6546241750518706
1133,COL2A1 (OMIM:616583),53,6570.636441806506,4.7682412494967386,9.16831416550558,0.004652465187464556,1.625497186369952
1134,COL2A1 (OMIM:619248),34,2157.9692260965535,3.846647461847689,6.921628669462526,0.37543966712845633,1.2616901756220726
1135,COL3A1 (OMIM:130050),175,79466.657450342,5.219484890006043,9.552151742999076,0.0002901687872694364,1.5178358382961425
1136,COL3A1 (OMIM:618343),142,49247.05788110681,4.919294564090182,9.060715471569642,2.000000165480742e-10,1.452311912069517
1137,COL4A1 (OMIM:175780),149,60515.452246559624,5.488432092015203,9.027772999406254,0.00017449449899708947,1.5229099979413114
1138,COL4A1 (OMIM:180000),32,2312.8527466981145,4.663009569955876,8.81101298270526,0.001820225755410116,1.6581160528941452
1139,COL4A1 (OMIM:611773),71,11761.990461834743,4.733195356875148,8.771567589291417,0.001820225755410116,1.5254334935945315
1140,COL4A1 (OMIM:618564),17,490.25085781882217,3.6047857192560455,7.51984913849749,1.046009439364104,1.4209183185472125
1141,COL4A2 (OMIM:614483),60,8129.115309184155,4.592720513663364,8.419843727826734,0.009198308701206151,1.4681647846460117
1142,COL4A3 (OMIM:104200),62,10068.666572632259,5.324519604776445,8.919555841518696,0.0007165373026079224,1.6681960353007452
1143,COL4A3 (OMIM:620320),22,1064.7039486084955,4.609108002634179,8.55014279492617,0.010693266476898243,1.6214287057697654
1144,COL4A3 (OMIM:620536),32,2603.190155325836,5.248367248640798,8.919555841518696,0.0007165373026079224,1.821587199466959
1145,COL4A4 (OMIM:141200),16,438.17961574370264,3.651496797864189,7.2163340038577735,0.0013415620802362316,1.4205582793534508
1146,COL4A4 (OMIM:203780),52,6641.896764970823,5.00897191928418,8.919555841518696,0.0007165373026079224,1.6448354355460233
1147,COL4A5 (OMIM:301050),73,13749.618295434735,5.231970432052791,8.919555841518696,0.0007165373026079224,1.6254431251592185
1148,COL4A6 (OMIM:300914),10,199.59565598203838,4.435459021823075,7.197168879038099,0.014035786517923171,1.7435710283595283
1149,COL5A1 (OMIM:130000),142,50150.49163975619,5.0095386714370385,9.370018825224461,0.00019964475810250836,1.5114426249059463
1150,COL5A1 (OMIM:619329),101,23946.758355375325,4.741932347599074,8.977820944280442,0.00011167496831292306,1.5013961853809008
1151,COL5A2 (OMIM:130010),79,14449.820530499113,4.6899774522879305,8.845884018960723,0.00019964475810250836,1.5742591842709557
1152,COL6A1 (OMIM:158810),155,63837.82319769537,5.348791218910379,9.086737374112248,0.00025006395324224406,1.5364882069142498
1153,COL6A1 (OMIM:254090),130,43630.33571679983,5.2033793341442856,8.881585010738874,0.00025006395324224406,1.5309999377682864
1154,COL6A2 (OMIM:255600),55,7170.331107729231,4.828505796450661,8.852039410392932,0.003303224205639112,1.676107764326439
1155,COL6A2 (OMIM:620725),38,3370.813338379533,4.794898063128781,8.52746849670156,0.21664128984231404,1.638361892708728
1156,COL6A2 (OMIM:620727),126,38995.8206266225,4.951850238301271,8.92862045851947,0.0009840809308529958,1.5043357690335508
1157,COL6A3 (OMIM:616411),23,1248.5666893396033,4.935046202923333,8.397378239887194,0.0008585106956950381,1.6732929022097325
1158,COL6A3 (OMIM:620726),20,746.9750348976469,3.9314475520928784,8.27849464184548,0.4041854816099413,1.529878642978981
1159,COL6A3 (OMIM:620728),76,14535.904194628432,5.100317261273134,8.968856709458434,0.0009840809308529958,1.5971703476523924
1160,COL7A1 (OMIM:131705),15,508.5929092486297,4.843741992844093,8.825104117839443,1.5615295258888247,1.7547151863309634
1161,COL7A1 (OMIM:131750),14,432.8148675763522,4.75620733600387,8.825104117839443,1.5615295258888247,1.6734017292525818
1162,COL7A1 (OMIM:131850),19,845.1985085768176,4.942681336706536,8.825104117839443,0.38548843440992836,1.666490288202915
1163,COL7A1 (OMIM:132000),15,487.22754246124833,4.640262309154746,8.433244531396612,0.3774269857155515,1.7901774417416432
1164,COL7A1 (OMIM:604129),12,283.61447532929964,4.2971890201409035,8.478086005512326,1.5615295258888247,1.71947372502047
1165,COL7A1 (OMIM:607523),6,54.750828711760576,3.650055247450705,6.146849546579645,0.10953086452218977,1.867206244919264
1166,COL8A2 (OMIM:136800),13,397.9468878176878,5.101883177149844,8.105491742375728,0.0003797032882271751,2.32297424732218
1167,COL8A2 (OMIM:609140),7,73.95581132959457,3.521705301409265,6.2483275232220175,0.7609453784098479,1.4902625864580044
1168,COL9A1 (OMIM:614134),90,19907.919039079796,4.970766301892583,8.858983833144197,0.00014468862235090667,1.4675121083967901
1169,COL9A1 (OMIM:614135),34,2241.2606745007424,3.9951170668462432,8.301342680490865,0.001382426141994541,1.464777333164528
1170,COL9A2 (OMIM:600204),64,9606.426873951186,4.765092695412295,8.889264004271626,0.0009466132864818706,1.6668996627122965
1171,COL9A2 (OMIM:614284),34,2804.2387979642317,4.998643133626081,8.810767335931924,0.00014468862235090667,1.612615402083128
1172,COL9A3 (OMIM:600969),60,8228.03710625871,4.648608534609441,8.603475482466726,0.00025006395324224406,1.608380641600015
1173,COL9A3 (OMIM:620022),42,4093.28832573146,4.754109553695076,8.810767335931924,0.00014468862235090667,1.669001471393989
1174,COLEC10 (OMIM:248340),121,35132.36940545157,4.83916933959388,8.843190027873167,0.00022366396974664592,1.394042211208906
1175,COLEC11 (OMIM:265050),135,44361.05583562773,4.904483785033469,8.896395064633179,0.00022366396974664592,1.4277919175365017
1176,COLGALT1 (OMIM:618360),54,6451.909242009944,4.5086717274702615,8.376286662108228,0.0012599449808452711,1.5257611410891927
1177,COLQ (OMIM:603034),66,11204.3318640906,5.223464738503776,8.964734206947517,9.309337643604373e-06,1.612683666612899
1178,COMP (OMIM:132400),82,15745.074648398226,4.741064332549902,8.939473413195284,0.001137044764433523,1.5809953214011132
1179,COMP (OMIM:177170),119,35847.033660576926,5.105687745417594,8.961237387471652,0.00010061562736080588,1.5400204829814101
1180,COMP (OMIM:619161),29,1942.480646526668,4.784435089967162,8.329195119951871,0.0001380030334658678,1.648261257221493
1181,COMT (OMIM:167870),8,85.85694545593,3.0663194805689287,5.194124978779566,1.046009439364104,1.0399871666557534
1182,COPA (OMIM:616414),54,6661.453958879942,4.655104094255725,9.226538891619565,0.0013904007721469388,1.6346227907970208
1183,COPB1 (OMIM:619255),120,35088.34656021536,4.9143342521310025,8.82779181929101,0.001107639007670092,1.4404342574380118
1184,COPB2 (OMIM:617800),54,6340.183897563738,4.430596713881019,8.385219701354963,0.0001018499913121344,1.4101607306406518
1185,COPB2 (OMIM:619884),56,6764.089458449635,4.392265882110152,8.804883618278335,0.0454015306599506,1.481789978758484
1186,COQ2 (OMIM:146500),82,17394.930702720336,5.237859290189803,8.891271016001461,0.024818716554544165,1.4633126209045664
1187,COQ2 (OMIM:607426),138,50325.57711198092,5.323767810428533,9.292488982645475,0.00016212543135581012,1.5394789979631145
1188,COQ4 (OMIM:616276),73,12711.1953337084,4.836832318762709,8.915644428508728,0.0011342589495837805,1.5851135449964775
1189,COQ4 (OMIM:620666),75,14489.725295397202,5.2215226289719645,8.725356263937227,0.003231293569885766,1.5782633704288915
1190,COQ5 (OMIM:619028),65,10922.564801083665,5.25123307744407,8.64112992303638,0.056546347156114424,1.5932505956578096
1191,COQ6 (OMIM:614650),34,2663.0188624527027,4.746914193320325,8.32922566329423,0.0007165373026079224,1.635884554673187
1192,COQ7 (OMIM:616733),88,19010.974152344425,4.966294188177749,8.854978145030525,0.0007660873712183492,1.4993364363782131
1193,COQ7 (OMIM:620402),48,5711.8222456424155,5.063672203583701,9.313606039717692,0.0006888527898926093,1.873008624088658
1194,COQ8A (OMIM:612016),64,10312.57641034533,5.11536528290939,8.828238455734567,0.0008490127402368342,1.6758608090844145
1195,COQ8B (OMIM:615573),29,1790.3989683119598,4.409849675645221,8.083639940233253,0.0007165373026079224,1.5699210893107207
1196,COQ9 (OMIM:614654),78,14022.598843501806,4.669530084416186,8.860622938536464,0.019538305154274842,1.4683611925086815
1197,CORIN (OMIM:620734),25,1514.2996429464024,5.047665476488008,8.099345212362609,0.00020110568398922692,1.7234755368671257
1198,CORO1A (OMIM:615401),78,14443.179588624755,4.809583612595656,8.6508209721804,0.0004605722303507187,1.4885636967003686
1199,COX10 (OMIM:619046),92,20761.13935933893,4.959660620960088,8.755342747970113,0.00035697193889868843,1.484453039438929
1200,COX11 (OMIM:620275),108,28897.52984364781,5.001303192047042,8.907736149518625,0.0007644814594371429,1.4970062661291912
1201,COX14 (OMIM:619053),66,9707.192973426127,4.52549788970915,8.96358751564049,0.0006353231604271463,1.5095750509971606
1202,COX15 (OMIM:615119),78,14406.08404043679,4.797230782696234,8.674998877481197,0.0001469875513899424,1.5508086787466873
1203,COX16 (OMIM:619355),87,19044.783796035612,5.090826997069129,9.146981367476801,9.40336853774267e-05,1.5679202371721939
1204,COX20 (OMIM:619054),84,18158.716843245347,5.209040976260857,8.949934225980941,0.00037868868455093207,1.4840882516712728
1205,COX4I1 (OMIM:619060),95,20453.587838647843,4.5808707365392705,8.758319797340576,0.0005412573883512041,1.508875203703959
1206,COX4I2 (OMIM:612714),83,16134.818334925727,4.741351259161248,9.051382881482878,6.377830462530904e-05,1.6010519560175869
1207,COX5A (OMIM:619064),81,15187.154191001777,4.687393268827709,8.825116156796453,0.0012541389199276578,1.5529148030600148
1208,COX6A1 (OMIM:616039),31,2102.8740137108366,4.522309706905025,9.072852201496532,0.7200760784143808,1.6446269708611547
1209,COX6A2 (OMIM:619062),36,2729.2780711473997,4.332187414519682,8.550388852496352,0.019538305154274842,1.5133410100609792
1210,COX6B1 (OMIM:619051),87,19774.65326410073,5.285927095455955,8.925115761859821,0.0010855653860684738,1.5768883531556552
1211,COX7B (OMIM:300887),119,33353.67293586179,4.7505587431792895,9.433940709348333,0.00016194096168394945,1.4469443913084
1212,COX8A (OMIM:619059),105,26269.67747511279,4.811296240863148,8.865866017024482,0.0004882882588597252,1.5353858821997153
1213,CP (OMIM:604290),68,10585.580364688063,4.646874611364383,8.122309705055343,0.00018590157716362067,1.3365234188395787
1214,CPA6 (OMIM:614417),21,1030.820745940336,4.908670218763505,8.908085989829646,0.12163535650251811,1.8703676559149989
1215,CPA6 (OMIM:614418),26,1400.1596783298814,4.308183625630404,7.826797065347226,0.017078697462184662,1.7358158057710422
1216,CPAMD8 (OMIM:617319),32,2302.722050033374,4.642584778293093,7.91938659842939,0.00018580865589602608,1.546665579904031
1217,CPE (OMIM:619326),94,22963.544082212502,5.253613379595631,9.360985230622335,0.0013598250934187413,1.5476859768248534
1218,CPLANE1 (OMIM:277170),205,108631.47065904387,5.19519228402888,9.062552408228713,0.00017796557473134708,1.474748867162507
1219,CPLANE1 (OMIM:614615),42,4013.12857567831,4.661008798697224,8.80684436694241,0.00017189252005425464,1.563494257788288
1220,CPLX1 (OMIM:617976),103,26909.718129116947,5.122733319839511,9.060746890807224,0.0002486465088485564,1.5968653688492827
1221,CPN1 (OMIM:212070),26,1328.3896237719773,4.087352688529161,9.046826966988512,0.7400213448202568,1.5100299752126354
1222,CPOX (OMIM:121300),82,16471.978994834997,4.959945496788617,8.990131251010503,0.0008523336844331948,1.4768263115124938
1223,CPOX (OMIM:618892),57,8153.801653992382,5.1088982794438484,9.133679514606659,0.00019109498643675617,1.715278716244749
1224,CPS1 (OMIM:237300),57,7931.216972368631,4.969434193213428,8.737619939006404,0.0011777486855865352,1.6211338884028241
1225,CPSF1 (OMIM:618827),9,158.16018610738226,4.39333850298284,7.628862588697495,0.00014468862235090667,1.8735737359599645
1226,CPSF3 (OMIM:619876),112,29809.241647493764,4.795566545607105,8.579362884355552,0.0454015306599506,1.4215399819532868
1227,CPT1A (OMIM:255120),84,18659.0498019015,5.352567355680293,8.968120660502317,0.0002008305779029798,1.5988045385428122
1228,CPT1C (OMIM:616282),37,3233.762127883112,4.855498690515184,8.39712267213261,0.0010221449047190993,1.6745194354248591
1229,CPT2 (OMIM:255110),21,962.2962320312654,4.582363009672692,9.107112983547811,0.7400213448202568,1.835677747446446
1230,CPT2 (OMIM:600649),60,9481.640221448666,5.356858882174388,8.898790569300129,0.0008771266049050804,1.639702065133254
1231,CPT2 (OMIM:608836),220,126538.33726621541,5.252732970785198,9.164078412867404,0.0001473428281572063,1.5129936041420893
1232,CPT2 (OMIM:614212),20,795.9770181465383,4.189352727087043,8.329515966456588,0.0011777486855865352,1.7825979277365493
1233,CR2 (OMIM:614699),45,5016.140798658807,5.066808887534149,9.001768540254723,0.23056663978585112,1.639347234486952
1234,CRADD (OMIM:614499),35,2538.239297326377,4.26594839886786,8.908085989829646,0.7154510495873228,1.3582842829846329
1235,CRAT (OMIM:617917),47,5380.515301078049,4.977349954743801,8.195865017636347,0.019538305154274842,1.5297830405279036
1236,CRB1 (OMIM:172870),24,1361.9872775504282,4.9347365128638705,8.462099266770975,0.00015500775417016222,1.8225666793162085
1237,CRB1 (OMIM:600105),36,3394.272199108456,5.387733649378501,8.75109582991366,0.00015500775417016222,1.6188746361022244
1238,CRB1 (OMIM:613835),52,6925.143613045831,5.222581910290974,8.35656902538462,2.000000165480742e-10,1.632377438419071
1239,CRB2 (OMIM:219730),52,5921.771896737349,4.46589132483963,8.424920426905738,0.017774270290215735,1.4443892498335351
1240,CRB2 (OMIM:616220),15,397.46288663060324,3.785360825053364,6.49183403123724,0.0008411024489901056,1.6444028750494448
1241,CRBN (OMIM:607417),33,2690.7942607154887,5.096201251355092,8.190656160684348,0.001107639007670092,1.7640077269532586
1242,CREB1 (OMIM:612160),3,4.9398012227287715,1.6466004075762573,2.4264157568807425,0.7126650421225125,0.7080725540116973
1243,CREB3L1 (OMIM:616229),95,21339.178323622502,4.779211270688131,8.952636016247064,0.009931296854663717,1.5108475683395521
1244,CREB3L3 (OMIM:619324),12,313.2711719421311,4.746532908214108,7.62494558422163,0.0012817528951234228,2.1105863557109132
1245,CREBBP (OMIM:618332),160,65314.29608309403,5.134771704645757,8.939945598133225,0.00017189252005425464,1.451547762437542
1246,CRELD1 (OMIM:606217),25,1218.9204537638975,4.0630681792129915,8.05775643345911,0.002226543944795525,1.5707676519418783
1247,CRELD1 (OMIM:620771),320,280214.50659321854,5.490096132312275,8.973599504640335,0.00029590237751387434,1.4737716792707238
1248,CRIPT (OMIM:615789),138,46411.47344036767,4.909708393141614,8.869628698090292,0.00011853325674116622,1.5308195278199432
1249,CRLF1 (OMIM:272430),137,45317.71426010609,4.864503462870984,9.013265320832058,0.0037890645697852402,1.5278333472814256
1250,CRLS1 (OMIM:620167),112,31372.776877693417,5.047100527299456,9.129874744431515,0.00016031828208005656,1.5981498182277145
1251,CRPPA (OMIM:614643),126,41469.46909582081,5.265964329628039,8.849306900077684,5.9439822204979764e-05,1.497411770211612
1252,CRPPA (OMIM:616052),46,4701.0777712646595,4.542104126825758,9.354376266383621,0.034298969772904774,1.7164363231276798
1253,CRTAP (OMIM:610682),112,30308.070280759697,4.875815682232899,8.890705948247707,0.0001473428281572063,1.494463869495883
1254,CRX (OMIM:120970),36,3333.3126663585854,5.290972486283469,8.198960939271464,2.000000165480742e-10,1.6296571923980785
1255,CRX (OMIM:613829),27,1666.1376178499058,4.746830820085202,8.275495712726885,0.02464529186207756,1.6043156322679724
1256,CRY1 (OMIM:614163),6,46.503633940220375,3.100242262681358,6.241270985053904,1.046009439364104,1.4073284888629192
1257,CRYAA (OMIM:604219),29,2107.7500129669525,5.191502494992494,8.395342150584257,0.00017449449899708947,1.727434543480869
1258,CRYAB (OMIM:608810),80,16885.557561808655,5.343530873990081,9.313606039717692,0.0012002776397479471,1.7830796260515847
1259,CRYAB (OMIM:613763),20,832.7691307362588,4.382995424927678,8.025440728858923,0.00014468862235090667,1.733363785879166
1260,CRYAB (OMIM:613869),22,1099.8836615210503,4.7614011321257586,8.613489089834825,0.46443555168908324,1.6866266829852061
1261,CRYAB (OMIM:615184),33,2793.9186044296866,5.291512508389558,8.531555559728073,0.0024505065415623057,1.7249781936532966
1262,CRYBA1 (OMIM:600881),12,275.3739312677324,4.17233229193534,7.74183223029352,0.00045591926357315673,2.173727347808208
1263,CRYBA2 (OMIM:115900),12,253.57168098669496,3.8419951664650753,7.631945709893598,0.5854579498923579,1.6076237622912184
1264,CRYBA4 (OMIM:610425),12,302.768758447449,4.5874054310219545,7.8893977180110095,0.00017449449899708947,2.032539278128596
1265,CRYBB1 (OMIM:611544),23,1276.199295583043,5.04426599044681,7.953049372102515,0.00017449449899708947,1.8986827825475991
1266,CRYBB2 (OMIM:601547),16,471.72606317874465,3.9310505264895386,7.80354846903699,0.00016774338959743947,2.58310835600343
1267,CRYBB3 (OMIM:609741),12,267.8688155760131,4.05861841781838,7.86510411645458,0.20449388658108741,1.8761047619122628
1268,CRYGB (OMIM:615188),12,288.70364801835535,4.374297697247808,7.741017573278611,0.005720886757084395,1.9334614187021542
1269,CRYGC (OMIM:604307),32,2514.64398026528,5.0698467344058065,8.409644018269807,0.00017449449899708947,1.881395728921462
1270,CRYGD (OMIM:115700),6,33.683625767103464,2.245575051140231,4.2648670286593475,0.5854579498923579,0.963957410153354
1271,CRYGS (OMIM:116100),11,214.55810231560102,3.9010564057382004,6.401532239623281,0.00045591926357315673,2.167327423843588
1272,CRYM (OMIM:616357),13,350.27509878393795,4.490706394665871,8.392788919899694,0.3980917516456417,1.7800941889007176
1273,CSF1R (OMIM:221820),76,14201.322092567127,4.982920032479694,8.725356263937227,0.00046514196955248867,1.4469219205138322
1274,CSF1R (OMIM:618476),163,63585.57841203184,4.815994729382099,8.651704011431198,2.000000165480742e-10,1.347120181624712
1275,CSF2RA (OMIM:300770),20,1034.537903914046,5.444936336389715,8.819394218459525,0.3245832684103207,1.893837786603824
1276,CSF2RB (OMIM:614370),20,964.0697173647936,5.07405114402523,8.301498477637688,0.06544335909737108,1.7712156751043746
1277,CSF3R (OMIM:162830),30,1924.2634241004635,4.42359407839187,8.691650953245361,0.7400213448202568,1.5190321409754721
1278,CSF3R (OMIM:617014),17,496.8948257860703,3.6536384248975757,6.84413069828688,0.2068602661757259,1.1174743069396587
1279,CSGALNACT1 (OMIM:618870),193,91395.24532115452,4.932817644708254,8.772969191326226,0.0005881457664332432,1.4438544765197916
1280,CSNK1D (OMIM:615224),10,189.0742183955635,4.201649297679189,8.054458718126913,0.000256167438774069,2.1088092048877423
1281,CSNK2A1 (OMIM:617062),177,77381.5578669073,4.967999349441917,8.996978643317815,0.0005543272741829107,1.4826003964778633
1282,CSNK2B (OMIM:618732),37,3086.712442398369,4.634703366964518,8.510912239695806,0.001107639007670092,1.6535156086121992
1283,CSPP1 (OMIM:615636),129,42909.64134984564,5.197388729390218,9.138849586855367,0.0001641602704542467,1.5260427092661784
1284,CSRP3 (OMIM:607482),16,649.423136898266,5.411859474152217,8.80023960979233,0.0002615512942008121,1.9569723466330171
1285,CSRP3 (OMIM:612124),28,2042.5054475120714,5.40345356484675,8.519015242516122,8.736249828716642e-05,1.713351446329991
1286,CST3 (OMIM:105150),27,1402.667653471513,3.9962041409444815,8.685061414271187,0.6358983499778939,1.5684554869378737
1287,CST3 (OMIM:611953),9,106.57820098955177,2.960505583043105,5.237276650688817,0.4045212281205054,1.1594049069490238
1288,CST6 (OMIM:618535),58,7415.154517212737,4.485876900915146,8.911410240251124,0.0006982854539680614,1.4998687128584645
1289,CSTA (OMIM:607936),29,1954.9223910931726,4.815079781017666,8.81921850903908,0.0006982854539680614,1.723528157495531
1290,CSTB (OMIM:254800),35,3099.0277325962265,5.20844997074996,8.908085989829646,0.0015682711898302283,1.6249788565624235
1291,CSTF2 (OMIM:301116),15,461.67010197058806,4.3968581140056004,7.87201227944119,0.006897913965728082,1.5702789763171092
1292,CT55 (OMIM:301106),19,928.3424003808632,5.428902926203878,8.566164424851095,0.000803149581822378,2.139050879372969
1293,CTBP1 (OMIM:617915),70,11534.44068228784,4.776165913990824,8.72707944187443,0.0005974451415905798,1.5028375760906654
1294,CTC1 (OMIM:612199),167,66405.50636352821,4.790816417540452,9.223393158840036,0.00034846550864526177,1.3785604206263202
1295,CTCF (OMIM:615502),306,248589.98909819132,5.327118592053816,9.126221757608684,0.001107639007670092,1.409462312017029
1296,CTDP1 (OMIM:604168),128,42662.716091713504,5.248857786874201,9.088982985998237,0.00017449449899708947,1.5987031510817655
1297,CTH (OMIM:219500),7,56.371191036107874,2.684342430290851,4.699920633739699,0.7400213448202568,0.9523356287389978
1298,CTLA4 (OMIM:140300),8,100.87532907222449,3.6026903240080173,7.249768404789127,0.30889145566654236,1.8323485557600825
1299,CTLA4 (OMIM:616100),76,14840.252829789242,5.2071062560664005,9.066651572596335,0.011062529308141045,1.5664530857095833
1300,CTNNA1 (OMIM:608970),19,712.8976100615115,4.168991871704746,7.198761588776574,0.0008360327275604761,1.6422474997548002
1301,CTNNA2 (OMIM:618174),124,41204.16004684201,5.40311566310543,8.957244018559804,0.0001018499913121344,1.5177882818968844
1302,CTNNA3 (OMIM:615616),19,811.2073850536167,4.743902836570858,7.834613898055471,0.0012452160951542386,1.8480877698694154
1303,CTNNB1 (OMIM:132600),4,19.320840100215673,3.220140016702612,5.065989399327448,1.5826473284860818,1.4037081039235328
1304,CTNNB1 (OMIM:615075),102,25114.3009025949,4.875616560395049,8.676051886080515,0.00040364886229316726,1.480263726890252
1305,CTNNB1 (OMIM:617572),18,719.6344063458052,4.703492851933367,8.144213704004095,0.00010109795539299207,1.7366048116942159
1306,CTNNBL1 (OMIM:619846),52,6222.889823619833,4.692978750844519,8.469477806478237,0.021118882200204435,1.5578892761723377
1307,CTNND1 (OMIM:617681),41,3830.2622710841115,4.671051550102575,8.025587774960837,0.00017189252005425464,1.4271767342222272
1308,CTNS (OMIM:219750),28,1692.5320500107136,4.477598015901359,8.273878748604778,0.012300385715911384,1.6834900833101751
1309,CTNS (OMIM:219800),224,133408.92709122118,5.341484909161642,9.190102281869036,4.6205325448638656e-05,1.5308171796739352
1310,CTNS (OMIM:219900),44,4404.8772376170855,4.656318432999034,8.389499589053425,0.0007165373026079224,1.5396698565458333
1311,CTPS1 (OMIM:615897),47,5020.3410082217,4.6441637448859385,8.826438678596094,2.000000165480742e-10,1.5247989942360904
1312,CTSA (OMIM:256540),84,15943.700019687094,4.573637412417411,8.748994044757065,0.001137044764433523,1.4965599933400393
1313,CTSB (OMIM:148370),20,705.6520673722478,3.7139582493276198,8.436267411337731,0.15654984159592678,1.500386037298846
1314,CTSC (OMIM:170650),34,2319.924746854171,4.13533822968658,8.09898879432216,0.0010325620119701557,1.4341067139169472
1315,CTSC (OMIM:245000),43,3754.4210391917795,4.157719866214595,8.456986316516522,0.0010325620119701557,1.4698063401166983
1316,CTSC (OMIM:245010),41,3534.6225301382315,4.31051528065638,8.686433678957387,0.00039145022455493297,1.6559342616230388
1317,CTSD (OMIM:610127),99,23764.886098449333,4.8989664189753315,8.898045538887766,2.000000165480742e-10,1.499518944082851
1318,CTSF (OMIM:615362),60,8981.648212636437,5.074377521263524,8.899284965990233,0.0007031720066138041,1.534667890422586
1319,CTSK (OMIM:265800),71,10701.085610881604,4.30627187560628,7.917542590134311,0.0009189324407240284,1.3710609748947762
1320,CTU2 (OMIM:618142),144,51762.91371496307,5.02747802204381,8.789577059748458,0.00020062741195619893,1.4802164177826012
1321,CUBN (OMIM:261100),37,3415.502132999409,5.128381581080193,8.202493655811793,0.0007671796951079812,1.6726412098494539
1322,CUBN (OMIM:618884),13,313.36749549119133,4.017531993476812,7.946987999966627,0.36055313953333146,1.7555584003067737
1323,CUL3 (OMIM:614496),23,1286.6079403455437,5.0854068788361415,8.3675190899466,0.00034954821993255067,1.9476681144187051
1324,CUL3 (OMIM:619239),109,29961.07171519483,5.09022625130731,9.44385750326001,0.0005412573883512041,1.6039293025817505
1325,CUL4B (OMIM:300354),175,79149.74067373322,5.198669338176238,9.360985230622335,0.00015294580467822567,1.4223644615896802
1326,CUL7 (OMIM:273750),134,42246.743426853085,4.740965483879821,8.972676003191545,0.018579040197278462,1.4684785012638342
1327,CUX1 (OMIM:618330),107,26970.52410783441,4.755867414536133,8.384350262326066,2.000000165480742e-10,1.3487560438759325
1328,CUX2 (OMIM:618141),56,8344.19298504944,5.4183071331489865,8.915644428508728,0.0005412573883512041,1.791564691565519
1329,CWC27 (OMIM:250410),184,82675.74245515405,4.910652319740677,9.013265320832058,2.000000165480742e-10,1.3349776880177753
1330,CWF19L1 (OMIM:616127),84,18514.97718576623,5.3112384353890505,9.22262344026356,0.0001904789742400047,1.612129815081583
1331,CXCR2 (OMIM:619407),32,2141.413420205314,4.317365766542972,8.399050521648412,0.0009777109361906733,1.507431139352052
1332,CXCR4 (OMIM:193670),57,7352.0037315362715,4.606518628782125,8.804837483435872,0.0009777109361906733,1.4294674602998578
1333,CYB561 (OMIM:618182),26,1437.9180747849682,4.424363307030672,8.089346800875662,0.001052594550388013,1.5673265768248474
1334,CYB5A (OMIM:250790),36,2976.2058332141505,4.724136243197064,8.500745207173118,0.0016280014507058837,1.5864448503001183
1335,CYB5R3 (OMIM:250800),63,8684.216976447193,4.446603674576136,8.808430033996816,0.0016280014507058837,1.5575156498173774
1336,CYBA (OMIM:233690),78,15329.953024663313,5.104879462092345,9.024754086574896,0.0001238454922430653,1.6191617438018555
1337,CYBB (OMIM:300645),9,129.30421585550724,3.59178377376409,7.671956188341451,0.9810779080275438,1.588742149385143
1338,CYBB (OMIM:306400),91,21580.457169039146,5.26995291063227,9.180070604563081,0.0001238454922430653,1.6357784546984535
1339,CYBC1 (OMIM:618935),107,29631.654119150735,5.225119752980204,8.736205490972425,0.00024335669615791332,1.5730176736949597
1340,CYC1 (OMIM:615453),61,10270.01000711629,5.612027326293055,8.929119835478097,0.0011777486855865352,1.7339776741638175
1341,CYCS (OMIM:612004),7,81.30047260010986,3.8714510761957075,5.277343440730407,0.021118882200204435,1.3322556384042918
1342,CYFIP2 (OMIM:618008),69,10798.955309790967,4.603135255665373,8.731490580595633,0.0005412573883512041,1.4071875501540196
1343,CYLD (OMIM:132700),6,36.95389461022143,2.463592974014762,3.6908954693195706,0.8954429315708131,0.7636003128675767
1344,CYLD (OMIM:601606),5,32.75469534302709,3.275469534302709,6.08244415919151,0.8954429315708131,1.7550786985526918
1345,CYLD (OMIM:605041),7,71.18520116100585,3.3897714838574213,6.342124214568701,1.5615295258888247,1.3353924250445897
1346,CYLD (OMIM:619132),36,3101.1324319267687,4.922432431629792,8.8913363581919,0.0003034016255382604,1.8046477880042622
1347,CYP11A1 (OMIM:613743),29,1824.1109100481137,4.492884014896831,8.490724579771296,0.44354859817978537,1.6501237073204365
1348,CYP11B1 (OMIM:103900),18,829.5801444222043,5.42209244720395,8.615521315393911,0.44354859817978537,1.8891405324434312
1349,CYP11B1 (OMIM:202010),77,16269.258112942141,5.560238589522263,8.944038710381614,0.0002603386054333028,1.6002680993772833
1350,CYP11B2 (OMIM:203400),42,4753.458875120787,5.520858159257592,8.899455483627488,0.00034954821993255067,1.8677900097713256
1351,CYP11B2 (OMIM:610600),35,3086.8185645778735,5.1879303606350815,8.899455483627488,0.00034954821993255067,1.8368891336023427
1352,CYP17A1 (OMIM:202110),34,2944.7428559118816,5.249095999842926,9.255441520705128,0.0013598250934187413,1.740460283005377
1353,CYP19A1 (OMIM:139300),9,145.7182433202166,4.047728981117128,7.495598980294753,1.4778030279168342,1.5792742488997646
1354,CYP19A1 (OMIM:613546),21,918.7086200967592,4.37480295284171,8.537486261128628,0.0013598250934187413,1.616529807673062
1355,CYP1B1 (OMIM:231300),14,444.47211481525375,4.884308954013777,8.416965693898147,0.00018764551122922086,2.2339295590144697
1356,CYP1B1 (OMIM:617315),14,462.81109400894024,5.085836197900442,8.046953375614423,0.00032553097681344684,1.9824846504631835
1357,CYP21A2 (OMIM:201910),52,6721.357639511094,5.068897164035516,9.255441520705128,0.34401566703979003,1.5586342580102002
1358,CYP24A1 (OMIM:143880),55,7751.7102581383415,5.220006907837267,8.866659704103514,0.000357002530703531,1.70124718523554
1359,CYP26B1 (OMIM:614416),45,4290.981692472814,4.334324941891731,8.688843401494056,0.1253397780001638,1.5040469288709553
1360,CYP26C1 (OMIM:614974),5,32.13200756672571,3.2132007566725713,6.148778823800788,1.2272785033855085,1.6834933372398604
1361,CYP27A1 (OMIM:213700),136,45868.71808051542,4.996592383498411,9.094829222073336,0.0033538733804290314,1.3791085378390198
1362,CYP2D6 (OMIM:608902),3,5.987838509778393,1.995946169926131,2.8214014080773935,0.7400213448202568,0.9025939622003263
1363,CYP2R1 (OMIM:600081),88,18461.51884451576,4.822758318839018,8.921946389128312,0.31921979263906985,1.5371398909052523
1364,CYP2U1 (OMIM:615030),60,9044.472733150349,5.109871600649915,8.36744498957386,0.0010221449047190993,1.6627068224066783
1365,CYP3A4 (OMIM:619073),55,7090.4511946724215,4.774714609207018,8.956189279705173,0.001107639007670092,1.607906441046468
1366,CYP4F22 (OMIM:604777),37,3204.2138648815962,4.811131929251646,8.25583942362304,0.0006982854539680614,1.7265765801284105
1367,CYP4V2 (OMIM:210370),33,2882.04455917371,5.4584177257077835,8.439469214337,0.00014468862235090667,1.6781415086991636
1368,CYP7B1 (OMIM:270800),113,33320.55768317073,5.265574855115475,9.16883064934852,0.0010221449047190993,1.5765597378699112
1369,CYP7B1 (OMIM:613812),75,14855.362253141093,5.3532836948256195,9.051382881482878,7.554577520314774e-05,1.6981984799865313
1370,D2HGDH (OMIM:600721),98,24025.36161164208,5.054778374004225,8.908085989829646,0.00012113826840601775,1.5714518327731066
1371,DAAM2 (OMIM:619263),16,469.2383259537626,3.910319382948022,7.2218479807888265,0.0008411024489901056,1.7008524201876245
1372,DAB1 (OMIM:615945),39,3428.205203712962,4.626457764794821,8.375812208890144,0.6496269638126335,1.4704387464469197
1373,DACT1 (OMIM:617466),61,9276.257458803662,5.068993146887247,8.772843857968397,0.018579040197278462,1.4637130154665965
1374,DAG1 (OMIM:613818),61,8958.645523599183,4.895434712349281,8.771567589291417,0.0005149209235504193,1.6766668001597909
1375,DAG1 (OMIM:616538),89,19883.8279438944,5.077586298236568,8.733863081732023,0.00014468862235090667,1.5684781338522988
1376,DALRD3 (OMIM:618910),51,6048.328917927378,4.743787386609708,8.365812709174069,4.395661259112839e-05,1.6116507529041648
1377,DARS1 (OMIM:615281),90,19972.710970973494,4.986944062665042,8.517397647367288,0.00026741715183565954,1.4349171400442722
1378,DARS2 (OMIM:611105),61,8285.187682290292,4.5274249630001595,8.171941504928915,0.7154510495873228,1.3151156317361539
1379,DAW1 (OMIM:620570),65,10493.084023668658,5.044751934456086,9.089363160525641,0.014185094008210306,1.556355169212438
1380,DBH (OMIM:223360),98,23295.8213929302,4.901287900890006,8.475972582814519,0.00012219665354924216,1.4388956729171642
1381,DBR1 (OMIM:619441),19,723.3300891459257,4.2300005213212035,8.296989750455374,7.104736562826131e-05,1.5422279729579742
1382,DBR1 (OMIM:620510),111,28641.97524932203,4.691560237399186,9.065048128256931,0.001862257631737183,1.4348002517826084
1383,DBT (OMIM:620699),23,1059.2658828531776,4.186821671356433,7.819616595467556,0.07970583462251685,1.5531131755734608
1384,DCAF17 (OMIM:241080),104,28052.278510008684,5.237542664303339,8.981993727377484,0.00018869251796236437,1.5071851476276101
1385,DCAF8 (OMIM:610100),65,10991.398572165872,5.284326236618208,8.833435774201245,0.00031792342844160594,1.6407051506097525
1386,DCC (OMIM:157600),20,697.0149306833197,3.6684996351753667,8.056103499025479,0.00045198453520349144,1.5713241799537523
1387,DCC (OMIM:617542),66,10531.095660525367,4.909601706538632,8.38049765112117,0.0001538606393905965,1.512200508780119
1388,DCDC2 (OMIM:610212),5,31.6197773772308,3.16197773772308,4.292913998756952,0.8486277359217859,0.9175972989607464
1389,DCDC2 (OMIM:616217),31,2328.7549988870906,5.008075266423851,8.482847449156315,0.0007165373026079224,1.6960585664729158
1390,DCDC2 (OMIM:617394),70,12405.681137822481,5.136928007379909,8.875055534834347,7.554577520314774e-05,1.641696285635598
1391,DCHS1 (OMIM:601390),199,99194.476963864,5.034997054152784,8.8443149909399,0.00017189252005425464,1.419252098300685
1392,DCHS1 (OMIM:607829),14,416.8920913422504,4.581231772991763,7.773415808655595,0.0024505065415623057,2.0929253303676854
1393,DCLRE1B (OMIM:620133),95,22242.482837431304,4.981519112526608,9.383021153308427,0.00010563534348670766,1.6196605134830526
1394,DCLRE1C (OMIM:602450),98,25790.895977322063,5.426235215089851,9.164999342259263,0.00010563534348670766,1.587437444420334
1395,DCN (OMIM:610048),24,1340.5587613509774,4.857096961416585,8.41095502034762,0.030896185296058608,1.6902221196104537
1396,DCPS (OMIM:616459),96,21413.236279326633,4.6958851489751385,8.64905771353506,0.0005974451415905798,1.4238580970552186
1397,DCT (OMIM:619165),39,3306.2553550767975,4.461883070279079,8.405318905418387,0.10425156032034069,1.4725163089236932
1398,DCTN1 (OMIM:168605),79,16175.011501122983,5.2499225904326465,8.92611849239404,0.0006778198740530075,1.5203157462798669
1399,DCTN1 (OMIM:607641),35,2801.1232371583483,4.707770146484619,8.804115644854543,0.2382445001550021,1.819785501177273
1400,DCX (OMIM:300067),63,9204.590803021481,4.713052126483094,8.682535608312621,0.00045198453520349144,1.3620261416791657
1401,DCXR (OMIM:260800),6,44.005984830062985,2.933732322004199,4.699920633739699,1.6796980592464121,0.8590723231679731
1402,DDB1 (OMIM:619426),155,59613.25335056738,4.9948264223349295,9.239629623864346,0.0001473428281572063,1.4421698524801096
1403,DDB2 (OMIM:278740),58,7090.781509950894,4.289643986661158,8.8235053126039,0.00010349237996709834,1.5076583387999494
1404,DDC (OMIM:608643),117,36873.71411466242,5.433792236171886,8.980655474325062,0.00015009975661354563,1.5936025652241126
1405,DDHD1 (OMIM:609340),46,5220.022430436065,5.043499932788469,9.16883064934852,0.0010221449047190993,1.8145585253806236
1406,DDHD2 (OMIM:615033),119,35586.17959929198,5.068534339736787,9.05705810300091,0.0010221449047190993,1.5592770019751612
1407,DDOST (OMIM:614507),48,5285.145516254186,4.685412691714704,8.62047673317005,0.001107639007670092,1.5989704412805632
1408,DDR2 (OMIM:271665),193,91800.44052479262,4.9546869886006375,8.740907116024355,0.0004107911592513726,1.4673587327978301
1409,DDR2 (OMIM:618175),133,42066.358401531164,4.792248621728317,8.770477618249148,0.0005149209235504193,1.4211883348285774
1410,DDRGK1 (OMIM:602557),89,18494.430093276053,4.72278602994792,9.029908678742133,0.0013767302025706244,1.4764432331971924
1411,DDX11 (OMIM:613398),119,33131.1757672389,4.718868504093277,8.790500646376174,0.00015294580467822567,1.4434155328690013
1412,DDX3X (OMIM:300958),97,22440.852734288463,4.819770776264704,8.843456652150403,0.002175267080299759,1.4597749375082598
1413,DDX41 (OMIM:616871),40,4018.3329680291536,5.15170893337071,9.019894228937922,0.0013984767725301699,1.780978828238169
1414,DDX59 (OMIM:174300),211,111231.7304729682,5.020615232361462,9.11345293491237,0.00017189252005425464,1.4323933129758144
1415,DDX6 (OMIM:618653),194,91742.46743670985,4.900511053720947,8.995747773179575,5.822618850128371e-05,1.3879174365457354
1416,DEAF1 (OMIM:615828),94,20926.495026070676,4.787576075513767,8.642704534035794,0.00017189252005425464,1.4339645311042388
1417,DEAF1 (OMIM:617171),48,5597.739629854475,4.9625351328497125,8.908085989829646,0.03356323160771202,1.601191916087707
1418,DEF6 (OMIM:619573),184,92654.8288924826,5.503375439087824,9.03587989160184,0.00017851427268566979,1.5064013868397736
1419,DEGS1 (OMIM:618404),103,27219.148382554034,5.181638755483349,8.639157712775612,4.395661259112839e-05,1.5101567333782078
1420,DENND5A (OMIM:617281),141,51006.2171441135,5.167803155431965,9.059786273101013,2.000000165480742e-10,1.4518155583790442
1421,DEPDC5 (OMIM:604364),24,1155.5333277117866,4.186714955477488,8.866166611549176,0.0005157462223478919,1.8116619203819793
1422,DEPDC5 (OMIM:620504),145,52509.82098529857,5.0296763395879855,9.089958309365686,0.0001018499913121344,1.5058644968489143
1423,DES (OMIM:181400),36,2986.8865507421247,4.741089763082737,9.23988252939998,0.006395773016566448,1.7385952907346456
1424,DES (OMIM:601419),53,6999.402262196754,5.079392062552071,9.157542369480112,0.0012002776397479471,1.6521187652852867
1425,DES (OMIM:604765),21,1118.5085395838764,5.326231140875602,8.91750133585167,0.05130359026450264,1.915650702482672
1426,DGAT1 (OMIM:615863),31,2377.704201165899,5.113342368098707,8.489897739538694,0.00017851427268566979,1.6974610759843893
1427,DGKE (OMIM:615008),42,4206.048937619912,4.8850742597211525,8.528580536293704,8.907799783192584e-05,1.71676480912136
1428,DGUOK (OMIM:251880),125,40524.845312090074,5.229012298334203,8.870272353659333,0.00025276387251265363,1.541049221865432
1429,DGUOK (OMIM:617068),28,1691.3377301398555,4.474438439523428,8.825116156796453,0.11812255668057281,1.7046077905995114
1430,DGUOK (OMIM:617070),69,11767.637788670758,5.016043388180203,8.748292943523282,0.00035005354757042197,1.5114601302507367
1431,DHCR24 (OMIM:602398),161,61301.27685208656,4.759415904665105,8.92308327495935,5.9439822204979764e-05,1.3915980157081047
1432,DHCR7 (OMIM:270400),406,453018.53390583314,5.510168873147639,9.173657543269869,2.000000165480742e-10,1.4410799373986376
1433,DHDDS (OMIM:613861),78,14934.033203321706,4.973038029744158,8.825116156796453,0.00044538129837211403,1.45615123832447
1434,DHDDS (OMIM:617836),58,8619.91503267971,5.214709638644712,8.915644428508728,2.000000165480742e-10,1.563965568399076
1435,DHFR (OMIM:613839),100,25479.216497672776,5.147316464176319,9.092486593846525,0.0018646679343534583,1.5848662608065431
1436,DHH (OMIM:233420),35,2797.914476146355,4.7023772708342095,7.713823677092204,0.0002603386054333028,1.6913996315012856
1437,DHH (OMIM:607080),35,3055.838601912089,5.135863196490906,8.900942011988676,0.0013598250934187413,1.7449179165430264
1438,DHODH (OMIM:263750),143,50894.14733911946,5.012720116135079,8.902033352382247,0.0001657766422300117,1.468029276103463
1439,DHPS (OMIM:618480),127,37262.763619339574,4.657263294505634,9.163399330089712,0.0005543272741829107,1.4094243701297182
1440,DHTKD1 (OMIM:204750),52,5640.568225736,4.25382219135445,8.115013150975653,7.104736562826131e-05,1.4132835644480786
1441,DHTKD1 (OMIM:615025),28,1763.1358032720857,4.664380431936735,8.81248646573978,0.0021463902431097556,1.833904217998529
1442,DHX16 (OMIM:618733),144,52635.341019488966,5.1122126087304745,9.11345293491237,0.00045198453520349144,1.5047390679409127
1443,DHX30 (OMIM:617804),177,78019.82832713249,5.008977165326945,9.407829826617535,0.00024154765399423707,1.422860227998582
1444,DHX37 (OMIM:273250),29,1994.0795427580433,4.911525967384343,8.453247798219863,0.00044777207730900884,1.739014018241596
1445,DHX37 (OMIM:618731),96,23361.216383034007,5.1230737682092125,8.959837814839425,0.018621012382801783,1.4786740970731844
1446,DHX38 (OMIM:618220),30,2020.265927516938,4.644289488544685,8.227734239301457,0.00015500775417016222,1.5972392410854022
1447,DIABLO (OMIM:614152),8,90.71911191350983,3.2399682826253513,4.985368300333607,0.3980917516456417,1.346498073791611
1448,DIAPH1 (OMIM:124900),26,1818.1659116525204,5.594356651238525,9.076946164168842,0.021118882200204435,1.8591690839845765
1449,DIAPH1 (OMIM:616632),59,7450.792255021241,4.354641879030532,8.118416693872,0.03466662980603024,1.2725730097164698
1450,DIAPH2 (OMIM:300511),19,697.4360874724393,4.078573610949937,6.995962450408339,0.00011361266494711034,1.473458906035894
1451,DIAPH3 (OMIM:609129),18,716.4461203688942,4.68265438149604,7.69507761712399,0.19758338043511225,1.7405677468866565
1452,DICER1 (OMIM:138800),12,287.66934679509717,4.358626466592382,8.160588531097774,0.0011669022655097488,2.0843208523602033
1453,DICER1 (OMIM:180295),32,2470.885193047167,4.981623373078966,8.8828592099293,4.726896763721234e-05,1.8844790853810653
1454,DICER1 (OMIM:601200),26,1289.5169136222532,3.967744349606933,8.42979611306569,0.2790069274728386,1.4074179071079846
1455,DICER1 (OMIM:618272),92,20994.03409597095,5.015297204006438,8.969313948678833,0.0005689965370294645,1.5104126330637788
1456,DIO1 (OMIM:619855),12,243.74654418102978,3.6931294572883298,6.563142530538045,0.0012817528951234228,1.583374212846997
1457,DIP2B (OMIM:136630),32,1944.0573323254123,3.919470428075428,8.431421101704531,0.5789848082407059,1.401740514726794
1458,DIS3L2 (OMIM:267000),113,30183.557463431494,4.769841571338731,8.919061481232369,0.00045198453520349144,1.4481631523782956
1459,DKC1 (OMIM:301108),84,17187.749134492853,4.930507496985902,9.052469915753482,8.400973837208595e-05,1.5180445742927986
1460,DKC1 (OMIM:305000),188,90941.61441661313,5.173604187997106,9.28744752910232,6.004631081718618e-05,1.5028424223632877
1461,DLAT (OMIM:245348),83,17658.492462235034,5.189095639798717,8.676638353011707,0.00035697193889868843,1.5999628365715741
1462,DLD (OMIM:246900),76,13647.462821075329,4.7885834459913434,8.870272353659333,0.0454015306599506,1.5000365874950732
1463,DLG3 (OMIM:300850),65,9601.749828452881,4.616225879063885,8.271143140919136,0.04582841245223828,1.3955700166572858
1464,DLG4 (OMIM:618793),59,7840.1314464208845,4.58219254612559,8.795029463371854,0.04614900387743423,1.566021888144616
1465,DLG5 (OMIM:620703),83,15156.49410758761,4.453862505902912,8.860771044816515,5.439506619406904e-05,1.4863218774749583
1466,DLL1 (OMIM:618709),62,8608.490835850627,4.552348406055329,8.35151082614376,0.0454015306599506,1.4497651843861155
1467,DLL4 (OMIM:616589),82,16669.36511720714,5.019381245771497,8.907861882957553,0.0006353231604271463,1.6166655579532085
1468,DLST (OMIM:618475),12,231.92615336345898,3.5140326267190756,7.4242619393570815,0.8954429315708131,1.3922440169663135
1469,DLX3 (OMIM:104510),23,1004.3573784357973,3.9697920096276573,7.036396367717922,0.0019587674577635403,1.546216102005987
1470,DLX3 (OMIM:190320),35,2393.4406773748788,4.022589373739292,8.634884564475554,0.12394729675618306,1.4892870852953455
1471,DLX4 (OMIM:616788),81,15672.479670330438,4.837185083435321,8.51995915301302,0.0002771984820330607,1.3098817635652609
1472,DLX5 (OMIM:183600),60,7949.574195191568,4.4912848560404335,8.960787923304393,0.023231022830959073,1.6136657302190964
1473,DLX5 (OMIM:220600),36,2741.3220676504297,4.3513048692863965,8.87275474497338,0.001137044764433523,1.736299553666826
1474,DMD (OMIM:300376),34,2341.2147274052527,4.173288284144835,8.910142571259092,0.46443555168908324,1.4342701132711608
1475,DMD (OMIM:302045),19,726.1856602120926,4.246699767322179,7.854255509659169,0.46443555168908324,1.5278081003592037
1476,DMD (OMIM:310200),92,22038.824587939802,5.264888816994697,8.98229852650647,0.0005727427745271421,1.653714650772663
1477,DMGDH (OMIM:605850),20,788.3119261737672,4.14901013775667,7.930655984705423,0.46443555168908324,1.5235570882476024
1478,DMP1 (OMIM:241520),30,1940.1285830673937,4.460065708200905,8.012540473545535,0.3614217161478918,1.5933093371582931
1479,DMPK (OMIM:160900),95,22036.210745220684,4.935321555480556,8.76720483172997,2.000000165480742e-10,1.4886110405824569
1480,DMXL2 (OMIM:616113),82,17336.24799388335,5.220189097826965,9.092805898427383,0.00025564093999664455,1.6063860239085883
1481,DMXL2 (OMIM:617605),8,112.28833917036721,4.0102978275131145,7.810172152642902,0.3980917516456417,1.8551731799335855
1482,DMXL2 (OMIM:618663),63,10318.541127293618,5.283431196770926,8.999708365007265,0.0006217310747805367,1.6881759719473979
1483,DNA2 (OMIM:615156),86,19220.17537952319,5.258597915054224,9.10289688877191,0.00035005354757042197,1.676870765177526
1484,DNA2 (OMIM:615807),52,5890.8731042573545,4.442589068067386,8.293513910105343,0.0454015306599506,1.5212907386696337
1485,DNAAF1 (OMIM:613193),43,4198.230223715817,4.649202905554615,9.153546586428673,0.000803149581822378,1.6906547391901965
1486,DNAAF11 (OMIM:614935),53,6722.091199463183,4.87815036245514,9.250266961658205,0.00022214785473814938,1.7477402222992644
1487,DNAAF2 (OMIM:612518),36,2857.0314879982775,4.534970615870281,8.847950109566542,0.0001641602704542467,1.6278060570037667
1488,DNAAF3 (OMIM:606763),51,6237.552954425697,4.8921983956279975,9.153546586428673,0.00022214785473814938,1.636533721714425
1489,DNAAF4 (OMIM:127700),11,222.91451610675634,4.052991201941024,6.637275943830787,0.0002506308815066901,1.5217382321287802
1490,DNAAF4 (OMIM:615482),77,14600.465196651608,4.989906082245936,9.153546586428673,0.000803149581822378,1.70774851387576
1491,DNAAF5 (OMIM:614874),59,8367.286288344483,4.890290057477781,9.250266961658205,0.000803149581822378,1.7071026601993124
1492,DNAAF6 (OMIM:300991),52,6535.868759120551,4.929011130558485,8.75775338219154,0.000803149581822378,1.6924800754266385
1493,DNAH1 (OMIM:617576),21,1122.7841199851482,5.3465910475483245,8.566164424851095,8.084441465612328e-05,2.289980250066336
1494,DNAH1 (OMIM:617577),46,5338.719073246168,5.158182679464896,9.058519423717039,0.0001389659282769288,1.7517921788093587
1495,DNAH10 (OMIM:619515),23,1381.690182117139,5.461226016273277,8.566164424851095,8.084441465612328e-05,2.1642026161386383
1496,DNAH11 (OMIM:611884),36,3078.2108372739413,4.886048948053875,9.057964148003466,0.5789848082407059,1.8686276414774978
1497,DNAH17 (OMIM:618643),25,1664.0759690479717,5.546919896826572,8.566164424851095,8.084441465612328e-05,2.0692217876734205
1498,DNAH2 (OMIM:619094),21,1122.7841199851482,5.3465910475483245,8.566164424851095,8.084441465612328e-05,2.289980250066336
1499,DNAH5 (OMIM:608644),37,2978.237369887952,4.471827882714643,8.847950109566542,0.14899747745250042,1.640975962195222
1500,DNAH7 (OMIM:620356),42,4275.614620547371,4.96587063942784,8.572431014437713,0.0001641602704542467,1.7682579642827443
1501,DNAH8 (OMIM:619095),21,1122.7841199851482,5.3465910475483245,8.566164424851095,8.084441465612328e-05,2.289980250066336
1502,DNAH9 (OMIM:618300),61,9074.306276699212,4.9586373096717,9.153546586428673,0.00015343317411067644,1.6122846835214737
1503,DNAI1 (OMIM:244400),78,15385.334320854976,5.123321452166159,9.154018952776479,9.990668968290492e-05,1.6589767797571748
1504,DNAI2 (OMIM:612444),59,8684.954312141528,5.075952257242273,9.154018952776479,0.0001641602704542467,1.7456327273939383
1505,DNAJB11 (OMIM:618061),32,2400.1057337694665,4.838922850341667,8.377025121546284,0.0006348976444134446,1.747837199871799
1506,DNAJB13 (OMIM:617091),51,6452.807801761774,5.061025726871979,9.154018952776479,0.000803149581822378,1.7164126507106519
1507,DNAJB2 (OMIM:614881),30,2065.8384514534714,4.749053911387291,9.072852201496532,0.0015990505493633342,1.8028059948748207
1508,DNAJB4 (OMIM:620326),65,9698.517560455048,4.66274882714185,8.823833882896107,0.0017700310267440155,1.5483675030451243
1509,DNAJB6 (OMIM:603511),69,11722.043507108549,4.996608485553516,9.056217712095465,0.0006888527898926093,1.6745091945407389
1510,DNAJC12 (OMIM:617384),52,6615.4679099059085,4.989040656037639,8.679741242839922,0.006897913965728082,1.5800307046947062
1511,DNAJC19 (OMIM:610198),97,24342.075805283708,5.2281090647087005,9.19945232737294,0.00038240747760994777,1.5576772138488393
1512,DNAJC21 (OMIM:617052),209,110900.63706716856,5.1021640167081594,9.223393158840036,6.377830462530904e-05,1.535253039946185
1513,DNAJC3 (OMIM:616192),71,12872.697418141765,5.180159926817612,9.131448651992068,0.0006461379115094649,1.6360721353136602
1514,DNAJC30 (OMIM:619382),29,1695.2520497016008,4.175497659363549,8.310099568863302,0.0017252892329913654,1.438475651369402
1515,DNAJC5 (OMIM:162350),43,4297.221752461284,4.758828075815376,8.540667695729933,0.025418230699425857,1.6424940481876298
1516,DNAJC6 (OMIM:615528),55,7115.999611463451,4.791918930278419,8.679741242839922,0.025697212858548604,1.5273168349261828
1517,DNAL1 (OMIM:614017),42,4086.5366668650586,4.746267905766619,8.847950109566542,0.0001641602704542467,1.6803949727781906
1518,DNAL4 (OMIM:616059),9,121.43302158205462,3.373139488390406,6.475829473995822,0.8139074677042408,1.3822703240106788
1519,DNALI1 (OMIM:620354),18,817.3350702120292,5.342059282431563,8.566164424851095,0.000803149581822378,2.210672908269075
1520,DNASE1L3 (OMIM:614420),13,335.0048237694729,4.294933638070166,7.911833414458263,0.4085684965594758,1.625878638841353
1521,DNASE2 (OMIM:619858),94,22014.645358319867,5.036523760768673,9.028139524371463,0.004158995174929635,1.585180661361635
1522,DNHD1 (OMIM:619712),23,1381.690182117139,5.461226016273277,8.566164424851095,8.084441465612328e-05,2.1642026161386383
1523,DNM1 (OMIM:616346),53,7405.372775050026,5.374000562445592,8.915644428508728,0.0005412573883512041,1.7934521420879586
1524,DNM1 (OMIM:620352),116,33944.9173433775,5.089193005004123,8.773172054520955,0.0001018499913121344,1.471163352659865
1525,DNM1L (OMIM:610708),30,2353.1059538728787,5.409438974420411,8.226927723794072,0.0017252892329913654,1.6687519100825499
1526,DNM1L (OMIM:614388),127,40074.47175507857,5.008682884024318,9.721497917613123,0.019538305154274842,1.5184705761910369
1527,DNM2 (OMIM:606482),33,2579.1305538718916,4.884716958090704,8.802038284270553,0.0006529628222895659,1.7742299630555867
1528,DNM2 (OMIM:615368),79,13936.69324791054,4.523431758490925,8.215241334045023,0.001362946333419783,1.3228523281489721
1529,DNMBP (OMIM:618415),22,1216.184797977924,5.264869255315689,8.412806861125906,0.150900650815032,1.7604190399481148
1530,DNMT1 (OMIM:604121),72,13423.502892269098,5.251761694940962,8.605097543802232,2.000000165480742e-10,1.5405728132983647
1531,DNMT1 (OMIM:614116),66,10519.338985994722,4.9041207393914785,8.718535441978212,0.0028733601467088605,1.566625232808177
1532,DNMT3A (OMIM:615879),126,39457.90589901463,5.010527733208207,8.97679826041432,0.0010855653860684738,1.4571538673924318
1533,DNMT3A (OMIM:618724),77,12695.495665420909,4.338857028510222,8.41017403575365,0.00017796557473134708,1.3596301459154503
1534,DNMT3B (OMIM:242860),95,22701.24002868994,5.084264284141084,9.04290736854279,0.0002066025159796314,1.5497370051682868
1535,DNMT3B (OMIM:619478),14,331.34986609183824,3.64120731969053,6.868100671326756,0.1516386957418106,1.5791312462245035
1536,DOCK11 (OMIM:301109),161,69424.78447175541,5.3901230179934325,9.107138567489411,9.033604054157647e-05,1.6091519847133515
1537,DOCK2 (OMIM:616433),102,28198.828857718872,5.474437751449985,9.162891701389023,0.0004605722303507187,1.6046988494777366
1538,DOCK3 (OMIM:618292),78,14599.267247163665,4.861560854866355,8.731367529150354,0.00015304849304319395,1.4829452538382821
1539,DOCK6 (OMIM:614219),155,59776.79873884173,5.008529429312253,9.067433542428109,2.000000165480742e-10,1.411431440916366
1540,DOCK7 (OMIM:615859),104,27152.245836525384,5.0695007163042165,8.734552822596223,0.0002976885287748033,1.499276662731088
1541,DOCK8 (OMIM:243700),148,56662.06005935062,5.208867444323462,9.081014544656604,0.0002066025159796314,1.534798621566834
1542,DOHH (OMIM:620066),139,49935.65294289202,5.206511619527893,8.908085989829646,0.00012113826840601775,1.5270935900820104
1543,DOK7 (OMIM:254300),60,8857.62966186952,5.004310543429107,8.938455733497962,0.00025006395324224406,1.7016639773541575
1544,DOK7 (OMIM:618389),53,5948.421029693628,4.316706117339352,8.594386038696415,0.0014414616470545855,1.6092197590311594
1545,DOLK (OMIM:610768),100,22916.420487164316,4.629579896396831,8.66636633509419,0.0005412573883512041,1.4340149716542585
1546,DONSON (OMIM:251230),134,42744.26522828603,4.796797803645609,9.451317993472744,0.00036094220643242167,1.480848819280769
1547,DONSON (OMIM:617604),109,28128.051166727317,4.778805838723636,8.811720951623414,0.00017796557473134708,1.5046005446796982
1548,DPAGT1 (OMIM:608093),140,48265.778686340054,4.960511684104836,8.930348435071414,0.0005412573883512041,1.4651458431895215
1549,DPAGT1 (OMIM:614750),37,3436.5412441066837,5.1599718379980235,8.27849464184548,0.0001327613358585333,1.6684950039742081
1550,DPF2 (OMIM:618027),159,63846.295794586025,5.082899115881381,8.939945598133225,2.000000165480742e-10,1.4679064082202298
1551,DPH1 (OMIM:616901),125,38605.195026216745,4.981315487253774,8.795029463371854,2.000000165480742e-10,1.4645718153953107
1552,DPH2 (OMIM:620062),86,16510.65703663704,4.517279626986878,8.284748909618315,0.0010976185592787876,1.347559451539948
1553,DPH5 (OMIM:620070),166,69438.82938241879,5.070378195138283,9.013265320832058,0.00014468862235090667,1.4867106433851578
1554,DPM1 (OMIM:608799),187,85922.31767914665,4.940619727396162,8.832365073046146,0.0001018499913121344,1.4838144102930595
1555,DPM2 (OMIM:615042),108,28450.12947109277,4.923871490324121,8.75084628154465,0.0006217310747805367,1.4889017455254894
1556,DPM3 (OMIM:612937),39,3715.463114681829,5.014120262728515,8.940388997501158,0.0006888527898926093,1.7893729848865025
1557,DPM3 (OMIM:618992),34,2617.3390279963064,4.665488463451527,8.410217008535321,0.0008625150018967554,1.7766382759842037
1558,DPP6 (OMIM:612956),12,337.69207000747645,5.116546515264795,8.519015242516122,0.0001928074247934363,2.358172990512925
1559,DPP6 (OMIM:616311),53,5958.441166098757,4.323977624164555,8.232308486184055,0.0454015306599506,1.376777615990814
1560,DPP9 (OMIM:620331),143,53128.30439686493,5.232769072871558,9.048987465045299,0.014566809922073501,1.5613877182825049
1561,DPY19L2 (OMIM:613958),13,397.76751438967955,5.099583517816405,8.566164424851095,0.000803149581822378,2.4157312877975605
1562,DPYD (OMIM:274270),89,18894.077209304796,4.824840962539529,8.74832263769285,0.00045198453520349144,1.4505610101315272
1563,DPYS (OMIM:222748),111,30500.439629301283,4.995977007256557,8.98359128733105,0.0005689965370294645,1.5741708429433705
1564,DPYSL5 (OMIM:619435),187,89120.19620264703,5.124500960419011,8.964079417231831,2.000000165480742e-10,1.4123107358724984
1565,DRAM2 (OMIM:616502),24,1188.0381179777892,4.304485934702135,8.279140059415415,0.19604394948175022,1.6416157904821758
1566,DRC1 (OMIM:615294),34,2632.7454219883384,4.6929508413339365,9.009868809325386,0.0001641602704542467,1.792877010523085
1567,DRC1 (OMIM:620222),22,1254.0092057404859,5.428611280261843,8.566164424851095,8.084441465612328e-05,2.1599431668252973
1568,DRD3 (OMIM:190300),17,550.7084801578219,4.049327059983985,6.828943116117548,0.001714411138164288,1.7929057370571617
1569,DRD5 (OMIM:606798),15,405.98517077008233,3.866525435905546,6.551588530760525,0.0878155377573282,1.3874663302819974
1570,DRG1 (OMIM:620641),113,28729.527789373507,4.540064442062818,8.95777241722601,0.0454015306599506,1.4270320810909038
1571,DSC2 (OMIM:610476),44,4548.179389269236,4.807800622906169,9.043632319455332,0.0006982854539680614,1.6566010597245382
1572,DSC3 (OMIM:613102),40,3300.6995227990005,4.231666054870513,8.438037544119815,0.0008916968854408925,1.363790113654253
1573,DSE (OMIM:615539),134,43998.40515225207,4.937538452727199,8.907282785230416,0.00020062741195619893,1.4791974401397103
1574,DSG1 (OMIM:148700),37,3420.2862533684233,5.135564944997633,8.733548566756898,0.0006982854539680614,1.7093582822060946
1575,DSG1 (OMIM:615508),115,31613.364132303643,4.822786290206506,8.92260976153696,0.00029590237751387434,1.5149993306708263
1576,DSG2 (OMIM:610193),36,3338.1271656182053,5.298614548600326,8.936583356676485,0.0001849738499394851,1.8882510454659382
1577,DSG2 (OMIM:612877),22,1161.3033968064249,5.027287432062446,8.161757633338947,0.05130359026450264,1.6535824116468096
1578,DSG3 (OMIM:619226),15,405.13865335740337,3.8584633653086033,6.5414373364944725,0.4717651528530012,1.4533182228656683
1579,DSG4 (OMIM:607903),28,1604.4171626498162,4.244489848279937,8.483503943663607,0.0029555588328317216,1.5572257078589868
1580,DSP (OMIM:605676),73,12683.759908998623,4.82639265943631,9.184889212376302,0.0006982854539680614,1.5411593843326041
1581,DSP (OMIM:607450),23,1328.2835968743768,5.250132793969869,9.19945232737294,0.0001928074247934363,2.0049019571354747
1582,DSP (OMIM:609638),59,8171.887283975929,4.7760884184546635,8.391486902358537,0.0005670439116028207,1.6506426346851566
1583,DSP (OMIM:612908),24,1075.8125884954143,3.8978716974471532,7.937672569415251,0.0006982854539680614,1.3781828177019375
1584,DSP (OMIM:615821),54,6834.347496397377,4.775924176378321,9.215339144184146,0.0006982854539680614,1.5717938199275725
1585,DSPP (OMIM:125420),16,444.88919583976065,3.7074099653313386,7.0176425046382045,0.0047348190404315075,1.6186561293601274
1586,DSPP (OMIM:125490),14,298.3856362712709,3.278963035948032,7.015154824319731,0.35822014713948613,1.4382952763528833
1587,DSPP (OMIM:125500),21,922.8597583472935,4.394570277844254,8.41046737717774,0.0012508654631617168,1.9750212220145955
1588,DSPP (OMIM:605594),23,1086.9315024797088,4.296171946560114,8.435919620109647,0.007663143125940271,1.7620447510648332
1589,DST (OMIM:614653),140,50224.384490655044,5.161807244671639,9.137009298176322,0.00010061562736080588,1.6015766204240798
1590,DST (OMIM:615425),31,2158.387417798287,4.64169337160922,8.834633950959084,0.10953086452218977,1.6102255882435095
1591,DSTYK (OMIM:270750),86,17773.659922161965,4.862834452027897,8.608907841620045,0.00017184060928174597,1.6185144992649576
1592,DSTYK (OMIM:610805),24,1287.8142473184853,4.665993649704657,7.54837881914114,0.00016616905487054265,1.9468195819453153
1593,DTNA (OMIM:604169),49,6858.105497185295,5.831722361552122,9.19945232737294,0.00016031828208005656,1.814812103149366
1594,DTNBP1 (OMIM:614076),52,6598.673939786682,4.976375520201118,8.949866959185153,0.0010925781096296247,1.6507055968444564
1595,DTYMK (OMIM:619847),128,43269.11978843772,5.32346454090031,8.903547679073126,0.00040364886229316726,1.5298460667236182
1596,DUOX2 (OMIM:607200),6,57.245037530216614,3.816335835347774,6.519532760380378,0.0016707541304117972,1.881443733924978
1597,DUOXA2 (OMIM:274900),15,418.8500167204039,3.989047778289561,8.634924396245863,0.7400213448202568,1.7240562760654123
1598,DUSP6 (OMIM:615269),25,1261.7190706390923,4.2057302354636406,8.801503037796039,0.007263534526213137,1.7185617545264744
1599,DUT (OMIM:620044),33,2434.014533038632,4.609876009542864,8.827881504577327,0.00025251922114869017,1.7442970862062592
1600,DVL1 (OMIM:616331),143,52640.6124730985,5.184734804796465,9.671646010455351,0.00015294580467822567,1.5185562341328043
1601,DVL3 (OMIM:616894),186,88536.80671062104,5.145992834095963,9.576610568278216,0.0008104782024593274,1.4055389219544399
1602,DYM (OMIM:223800),182,83204.77890275401,5.051592429285047,9.148994019498556,0.0001018499913121344,1.538084779229283
1603,DYM (OMIM:607326),93,19776.53275921911,4.622845432262531,8.808912063734166,0.0004107911592513726,1.4337687267966601
1604,DYNC1H1 (OMIM:158600),36,3265.166602645555,5.1828041311834205,8.821500425156811,0.001107639007670092,1.8388317535955225
1605,DYNC1H1 (OMIM:614228),40,3962.7087446258943,5.080395826443454,9.072852201496532,0.09459494695065138,1.6632818407761258
1606,DYNC1H1 (OMIM:614563),106,26920.769449760814,4.837514725922878,8.53814579657728,0.0001450324633516059,1.5099457621647052
1607,DYNC1I2 (OMIM:618492),102,25591.176322100382,4.968195752688873,8.918425113216793,0.0001018499913121344,1.450742024905277
1608,DYNC2H1 (OMIM:613091),139,48065.956909358894,5.011568857195172,8.87736937195486,2.000000165480742e-10,1.4542102884893324
1609,DYNC2I1 (OMIM:615503),79,14530.697691467874,4.71622774796101,8.719594657731415,0.0007660873712183492,1.4383292848135492
1610,DYNC2I2 (OMIM:615633),68,10270.320483467629,4.508481336026176,8.220761531108606,0.10078501578372445,1.2669160072610088
1611,DYNC2LI1 (OMIM:617088),118,31782.8756640149,4.604212033031276,8.745573561645484,0.00022366396974664592,1.3185589759321485
1612,DYNLT2B (OMIM:617405),52,5672.725809273562,4.278073762649745,7.952476330939059,0.04836220413110236,1.5227181812795503
1613,DYRK1A (OMIM:614104),186,87230.94438906419,5.070092670099633,8.908085989829646,0.0001018499913121344,1.4322718114119954
1614,DYRK1B (OMIM:615812),47,5709.786651163315,5.281948798485953,8.768209571203581,0.000151751107741131,1.8594752622562603
1615,DYSF (OMIM:253601),30,2199.159768831024,5.055539698462124,9.05451169405972,0.004239304276640087,1.8162061282208593
1616,DYSF (OMIM:254130),38,3763.9198046651522,5.35408222569723,9.21315399138524,0.004239304276640087,1.9331454240488
1617,DYSF (OMIM:606768),20,869.4977711121202,4.576304058484843,8.626600266239661,0.034298969772904774,1.7952874170423638
1618,DZIP1 (OMIM:610840),14,416.8920913422504,4.581231772991763,7.773415808655595,0.0024505065415623057,2.0929253303676854
1619,DZIP1 (OMIM:619102),23,1386.4577779478234,5.480070268568472,8.566164424851095,8.084441465612328e-05,2.1471140814120013
1620,DZIP1L (OMIM:617610),27,1670.4092635001443,4.759000750712662,8.482671831524826,0.0007165373026079224,1.8317213770342657
1621,EARS2 (OMIM:614924),113,31898.54833377434,5.0408578277140235,8.825116156796453,0.00045198453520349144,1.4987988525819727
1622,EBF3 (OMIM:617330),160,65558.61627276946,5.153979266727159,8.738042786928267,0.0006217310747805367,1.4267756975142578
1623,EBP (OMIM:300960),186,88407.34003478164,5.138467889263681,8.78720403398921,2.000000165480742e-10,1.3816855685839113
1624,EBP (OMIM:302960),187,88374.88102014564,5.081644587438654,9.107138567489411,2.000000165480742e-10,1.5093552310885765
1625,ECE1 (OMIM:613870),100,22777.579201161367,4.6015311517497715,8.374148715641223,0.0019071621965142454,1.290434046409005
1626,ECEL1 (OMIM:615065),125,37837.34650411393,4.882238258595345,8.876180524575485,0.0002901687872694364,1.4544579549967902
1627,ECHS1 (OMIM:616277),82,16183.76094906865,4.8731589729204,8.860622938536464,0.0001018499913121344,1.5206548557971726
1628,ECM1 (OMIM:247100),61,8834.26890907222,4.827469349219792,8.647430739874693,0.0008523336844331948,1.4891236230438225
1629,EDA (OMIM:305100),98,24691.738203302895,5.19497963461033,9.037708815102263,0.00023618935680156885,1.585719916623379
1630,EDA (OMIM:313500),37,2765.6844863056813,4.15267940886739,8.123882477893485,0.0009189324407240284,1.6391572288734702
1631,EDARADD (OMIM:614940),34,2769.759794050852,4.937183233602232,8.688295439127238,0.00023618935680156885,1.775102405789173
1632,EDARADD (OMIM:614941),57,7550.533282803958,4.730910578197968,8.688295439127238,0.00019863002875500322,1.53844400016708
1633,EDC3 (OMIM:616460),37,3037.850869185888,4.561337641420252,8.392788919899694,0.006897913965728082,1.5918816365760982
1634,EDEM3 (OMIM:619493),116,32226.330799463492,4.831533852993028,8.885520883428894,0.002382364418602792,1.4353782411084182
1635,EDN1 (OMIM:612798),8,123.65486489324694,4.416245174758819,7.595380768754197,1.0324879018887914,1.6775846566258037
1636,EDN1 (OMIM:615706),48,5205.619757288443,4.614911132347911,8.597329020128873,0.004146423137876037,1.4818416176369347
1637,EDN3 (OMIM:613265),36,2947.2430518824863,4.6781635744166445,8.03062267584088,0.024047497157232447,1.4629229564273363
1638,EDN3 (OMIM:613712),14,358.36046181849395,3.938027052950483,5.943324976764741,0.024047497157232447,1.4117416903414268
1639,EDNRA (OMIM:616367),92,21450.702461598346,5.124391414619767,8.760791474656191,0.0007793272867358937,1.4427060089357584
1640,EDNRB (OMIM:277580),69,11685.998547821235,4.981244052779725,8.383231049976686,0.0013663154309970131,1.5001633618243146
1641,EDNRB (OMIM:600155),14,358.36046181849395,3.938027052950483,5.943324976764741,0.024047497157232447,1.4117416903414268
1642,EDNRB (OMIM:600501),46,5071.083749880234,4.899597825971241,8.684607601089848,0.024047497157232447,1.5730824155431116
1643,EED (OMIM:617561),153,55924.28130524815,4.809449716653607,9.470282449623195,2.000000165480742e-10,1.4300387303350324
1644,EEF1A2 (OMIM:616393),96,22775.497229907523,4.994626585506036,8.828430065411231,0.00024330234796083214,1.5412780193074418
1645,EEF1A2 (OMIM:616409),60,9616.003998279632,5.432770620496967,8.972086557956118,0.0005412573883512041,1.5687175607023547
1646,EEF2 (OMIM:609306),35,2964.1543973497305,4.981772096386102,8.081871119802187,0.002178827915128416,1.6274930469149664
1647,EFEMP1 (OMIM:126600),15,406.64743620316864,3.872832725744463,6.403644385850314,0.7609453784098479,1.183977878628641
1648,EFEMP1 (OMIM:611276),22,1170.8290094917343,5.068523850613568,8.38923673271126,0.00018764551122922086,1.8162389274472999
1649,EFEMP1 (OMIM:620780),155,58556.77198201064,4.906306827147938,8.919978767039279,0.00014468862235090667,1.446885560004857
1650,EFEMP2 (OMIM:614437),149,54540.578947283524,4.946542621738031,8.755065652398084,0.00011167496831292306,1.4753787611057172
1651,EFHC1 (OMIM:254770),25,1538.3998129685915,5.127999376561972,8.908085989829646,0.000978121968435484,1.8625353408704075
1652,EFHC1 (OMIM:607631),21,1034.9457933920125,4.9283133018667264,8.430067370194983,0.0012423163241799917,2.0338829476544698
1653,EFL1 (OMIM:617941),122,37154.57523678301,5.033813201027368,9.069849117635385,6.377830462530904e-05,1.493446565964052
1654,EFNB1 (OMIM:304110),176,78146.38265402481,5.074440432079533,9.09327034889566,0.00017189252005425464,1.4675263773123588
1655,EFTUD2 (OMIM:610536),138,48341.50081677848,5.113879278195122,8.814653792255434,0.0001663034595149971,1.4908687382320553
1656,EGF (OMIM:611718),17,620.4433443581231,4.562083414397964,8.264012517141257,0.0011342589495837805,1.822963946220075
1657,EGFR (OMIM:616069),68,11157.866596704622,4.898097715849263,8.695442161799026,0.09051122362700281,1.588740539416431
1658,EGLN1 (OMIM:609820),7,100.40271824606899,4.78108182124138,8.60763184285574,0.003982484960747179,2.5700518114756212
1659,EGR2 (OMIM:605253),45,5007.455979625338,5.058036343055897,8.585921935557378,0.0006461379115094649,1.6097720046962973
1660,EGR2 (OMIM:607678),28,1894.9817504232728,5.013179233924002,8.502367148063184,0.0006461379115094649,1.8176026000729788
1661,EHHADH (OMIM:615605),50,5905.958790559567,4.821190849436381,8.581765494872709,4.6205325448638656e-05,1.6796016488054584
1662,EHMT1 (OMIM:610253),271,200138.9773610494,5.470520086402881,9.11345293491237,0.0001473428281572063,1.4834932333838078
1663,EIF2AK1 (OMIM:618878),50,5981.131490555171,4.882556318820548,8.190656160684348,0.001107639007670092,1.4834836646353105
1664,EIF2AK2 (OMIM:618877),99,25336.907115850227,5.223027647052201,8.806038561305616,0.00037868868455093207,1.5240353137034899
1665,EIF2AK2 (OMIM:619687),36,2999.3074399644693,4.7608054602610625,8.792352869423427,0.09372998160157223,1.6111989259276687
1666,EIF2AK3 (OMIM:226980),158,58575.053058528414,4.722652024391552,9.071203742292226,0.001382426141994541,1.4680148853323158
1667,EIF2AK4 (OMIM:234810),40,4209.237115641696,5.396457840566277,9.06616863965489,0.001489990353883035,1.873890106886784
1668,EIF2B1 (OMIM:603896),97,23441.10227877728,5.0346010048920276,8.77403324799048,0.00011361266494711034,1.4938743639546062
1669,EIF2B2 (OMIM:620312),53,6208.669899229492,4.50556596460776,8.883523991554757,0.00011361266494711034,1.3889396184694276
1670,EIF2B3 (OMIM:620313),41,3555.6932731764828,4.336211308751809,8.594709391578027,0.00011361266494711034,1.4614255616221425
1671,EIF2B4 (OMIM:620314),63,9068.005204121757,4.643115823923071,8.124323041612602,0.00011361266494711034,1.4278427968320528
1672,EIF2B5 (OMIM:620315),28,1735.161476388949,4.590374276161241,8.09320008492195,0.0011777486855865352,1.7957473709786835
1673,EIF2S3 (OMIM:300148),142,52618.92319936881,5.256110598278775,9.014284099616352,0.0019071621965142454,1.435935172882748
1674,EIF3F (OMIM:618295),78,14737.282136623311,4.907519859015421,8.719572674745734,0.00018869251796236437,1.5038323899088855
1675,EIF4A2 (OMIM:620455),251,173217.0133999843,5.520860984860057,9.11345293491237,6.004631081718618e-05,1.4369844029253158
1676,EIF4A3 (OMIM:268305),162,66845.18088549856,5.125771097730125,9.067134207681542,0.000245576633879534,1.531725317332467
1677,EIF4G1 (OMIM:614251),24,1130.0920796251798,4.094536520381086,7.905040932883378,0.00022130642903701804,1.5941036510845252
1678,EIF5A (OMIM:619376),154,59975.61286614273,5.090876230043522,9.169767926615972,0.00040364886229316726,1.5230542928627775
1679,ELAC2 (OMIM:615440),54,6668.651059817419,4.660133514896868,9.146981367476801,0.0454015306599506,1.6083903599261897
1680,ELANE (OMIM:162800),24,1254.3446323438588,4.544726928782097,7.806326504603511,0.0008770502047779283,1.6149997772879428
1681,ELANE (OMIM:202700),47,5529.00237162369,5.114710797061693,8.360341540361748,0.00029124239973995185,1.566466802604717
1682,ELF4 (OMIM:301074),97,24425.791952943626,5.246089336972428,9.289406782885116,0.0002066025159796314,1.6142532256014872
1683,ELMO2 (OMIM:606893),52,6331.542048339974,4.774918588491684,9.056211837735058,0.00026707772230500043,1.7117627950926109
1684,ELMOD3 (OMIM:615429),10,174.9235684258117,3.8871904094624825,6.464997110300034,0.004069281664496383,1.685896307110507
1685,ELMOD3 (OMIM:619500),8,112.28833917036721,4.0102978275131145,7.810172152642902,0.3980917516456417,1.8551731799335855
1686,ELN (OMIM:123700),67,11026.246309319977,4.986995164776109,8.945178962637797,0.00012113826840601775,1.6082603609787893
1687,ELN (OMIM:185500),19,756.4342024528357,4.423591827209566,8.265818523004153,0.0002976885287748033,2.061548030750736
1688,ELOVL1 (OMIM:618527),95,23782.789334464484,5.326492572108507,8.77578727585383,0.00019863002875500322,1.4696564249744002
1689,ELOVL4 (OMIM:133190),74,13532.331176977355,5.01011891039517,8.492170795127068,0.0011901076561597205,1.4605094177583062
1690,ELOVL4 (OMIM:600110),19,699.6118914307353,4.091297610706055,7.137704122690764,0.002697324241615633,1.5104876161035725
1691,ELOVL4 (OMIM:614457),103,26071.59248762425,4.963181512968637,9.070269168750166,0.00011853325674116622,1.5913773398583049
1692,ELOVL5 (OMIM:615957),48,5661.775254115378,5.019304303293775,8.488549325487007,0.18782260269370699,1.5536959311027525
1693,ELP1 (OMIM:223900),130,45327.80086281113,5.40582001941695,9.133320262297877,6.805098156487597e-05,1.5692516344438594
1694,ELP2 (OMIM:617270),53,6749.638158782488,4.898140898971326,8.09409310310133,0.00037868868455093207,1.4421029954751403
1695,ELP4 (OMIM:617141),26,1502.4505610741749,4.622924803305153,8.395342150584257,0.043100460501283716,1.708552327607414
1696,EMC1 (OMIM:616875),145,51950.123431930355,4.976065462828578,8.839936367156065,0.0006626404049975028,1.4208770444286944
1697,EMC10 (OMIM:619264),67,10543.377412425874,4.768601272015321,8.575145525423508,0.002093790532653398,1.4801241536570249
1698,EMD (OMIM:310300),74,13837.1384860081,5.122968710110366,8.88999617612828,7.872725866844903e-05,1.6802493695814538
1699,EMG1 (OMIM:211180),55,6296.462920187147,4.240042370496395,8.45012795425203,0.0014414616470545855,1.616680818526184
1700,EMILIN1 (OMIM:620080),80,14554.78136184863,4.60594346893944,9.089246119288132,0.0007034141640015808,1.610670936639461
1701,EML1 (OMIM:600348),61,8513.888356161895,4.652398008831637,8.384350262326066,0.00011853325674116622,1.4852781830524158
1702,EMP2 (OMIM:615861),19,716.4524944354498,4.189780669213157,7.627746837169768,0.0008411024489901056,1.728487975394199
1703,EN1 (OMIM:619218),113,31493.65810234053,4.97687390997796,9.088352311763495,0.0001473428281572063,1.5619626917306477
1704,ENAM (OMIM:104500),15,368.402343041555,3.508593743252905,7.0044179549823555,0.0019587674577635403,1.5768189426188841
1705,ENAM (OMIM:204650),26,1390.2751998017352,4.2777698455438005,7.758403407027391,0.0012508654631617168,1.678760703559642
1706,ENG (OMIM:187300),162,71410.20479228468,5.475822773735502,9.273655762032256,0.00010177173442496099,1.6289044458132678
1707,ENO3 (OMIM:612932),15,476.32443595754125,4.536423199595631,8.911550766086647,0.46443555168908324,1.8946978943070643
1708,ENPP1 (OMIM:208000),65,10391.339267282983,4.995836186193742,8.933596485565744,0.0033538733804290314,1.683057942425991
1709,ENPP1 (OMIM:613312),68,10621.704768218333,4.662732558480392,8.794826296678265,4.6205325448638656e-05,1.5208032901843749
1710,ENPP1 (OMIM:615522),52,6086.251145138323,4.589932990300395,8.42334231748778,0.0006982854539680614,1.5668421864191813
1711,ENTPD1 (OMIM:615683),74,12412.213876600359,4.595414245316682,8.789156748701284,0.0010221449047190993,1.4981237325613108
1712,EOGT (OMIM:615297),73,13084.557301605313,4.97890308280263,8.95545745264412,0.0023480130977046538,1.64408199856628
1713,EP300 (OMIM:613684),141,47353.30475102649,4.7977005826774555,9.219386067103565,0.00042567357536057125,1.4326008042966563
1714,EP300 (OMIM:618333),98,23897.336437802674,5.027842717820887,8.731813463801178,0.00017189252005425464,1.442004453500581
1715,EPAS1 (OMIM:611783),16,606.6759960706777,5.055633300588981,9.015149485304764,0.011899953646921032,2.1025752945153666
1716,EPB41 (OMIM:611804),28,1756.9763013165984,4.648085453218514,8.827569794336192,1.3363772845193072,1.6577663837150194
1717,EPB41L1 (OMIM:614257),76,13189.500130374048,4.6278947825873855,8.72778131173998,0.0012599449808452711,1.5889882210846522
1718,EPB42 (OMIM:612690),36,3142.9681533373405,4.988838338630699,9.10780402719919,0.00027414783043571854,1.7016821770198187
1719,EPCAM (OMIM:613217),22,1031.9088361839881,4.467137818978303,8.176690380436174,0.00017851427268566979,1.5796806167076636
1720,EPCAM (OMIM:613244),29,1768.3684954695116,4.3555874272648065,8.046519895068517,0.07650017549322971,1.5909360104919115
1721,EPG5 (OMIM:242840),237,144890.53916589898,5.180953270610705,9.146981367476801,2.854372589682972e-05,1.4095240257041506
1722,EPHA10 (OMIM:620283),5,36.198003799098124,3.6198003799098126,4.662535130851787,1.0324879018887914,1.0353674212367496
1723,EPHA2 (OMIM:116600),17,572.9566478888125,4.21291652859421,8.035407201002538,0.000147720855623706,1.6589941379359214
1724,EPHB2 (OMIM:603688),19,631.5760454058618,3.693427166116151,5.970085579286544,0.08269644296887088,1.2180290055179583
1725,EPHB2 (OMIM:618462),30,2017.4087759150784,4.637721323942709,8.219508918031112,0.021118882200204435,1.5898837861740753
1726,EPHB4 (OMIM:617300),52,6272.446313425244,4.730351669249806,8.92979049324543,0.0015402251514670172,1.615336023876114
1727,EPHB4 (OMIM:618196),13,255.24988779818366,3.2724344589510728,6.345973063218234,0.6358983499778939,1.2758383445113526
1728,EPM2A (OMIM:254780),56,7790.065666176927,5.058484198816187,8.598953739042623,0.00018869251796236437,1.6891870604124872
1729,EPO (OMIM:617907),8,112.01917654208087,4.000684876502889,8.604731182231806,0.011899953646921032,2.2138862579038214
1730,EPO (OMIM:617911),6,64.59180333045767,4.306120222030511,7.83776534611646,0.000236111785946858,2.226771492203692
1731,EPRS1 (OMIM:617951),117,35958.580616376086,5.29893613562866,8.939945598133225,0.0001469875513899424,1.435872177914649
1732,EPS8 (OMIM:615974),6,53.762854117551136,3.584190274503409,4.686908993763552,0.24356724309549382,1.2780762289175787
1733,EPS8L2 (OMIM:617637),5,36.198003799098124,3.6198003799098126,4.662535130851787,1.0324879018887914,1.0353674212367496
1734,EPS8L3 (OMIM:612841),24,1143.073140383191,4.1415693492144605,8.41582520950919,0.4599125008099457,1.4574134700425796
1735,EPX (OMIM:261500),8,83.69627820359909,2.989152792985682,4.822821116914671,1.3363772845193072,0.7812844676157681
1736,ERAL1 (OMIM:617565),29,2112.7655916629838,5.203856137100945,8.222736075012385,0.00011361266494711034,1.8104902195003654
1737,ERBB2 (OMIM:619465),36,3230.3403343210266,5.127524340192106,8.731813463801178,0.011607258236768704,1.7600618493391729
1738,ERBB3 (OMIM:133180),33,2509.463922485448,4.752772580464864,8.943470822206125,0.021118882200204435,1.6195395573033013
1739,ERBB3 (OMIM:243180),80,16771.431460972184,5.307415019294995,8.8400279024517,0.007539569431596259,1.5211466832198952
1740,ERBB3 (OMIM:607598),71,11419.421984982084,4.595340839026996,8.742149668284103,0.00014468862235090667,1.4138079497675027
1741,ERBB4 (OMIM:615515),21,999.94576288374,4.761646489922572,8.570597014242393,0.0029392195486610383,1.8030320252558114
1742,ERCC1 (OMIM:610758),164,67316.53244450144,5.0364007514964415,8.74456293227497,0.0008630692151269535,1.4351585333836494
1743,ERCC2 (OMIM:278730),91,19532.887103236953,4.769935800546264,8.839996780287654,0.00037868868455093207,1.4600183936614262
1744,ERCC2 (OMIM:601675),153,58481.8197569188,5.029396263924905,9.156021535336137,0.00017449449899708947,1.5378678382107425
1745,ERCC2 (OMIM:610756),101,24868.46857024508,4.924449221830709,8.663106660444003,0.0014414616470545855,1.4709841763538662
1746,ERCC3 (OMIM:610651),97,22332.90549193058,4.796586231084747,8.935533482789511,0.00010349237996709834,1.4614662620284617
1747,ERCC3 (OMIM:616390),38,3111.7424677221006,4.42637619875121,8.092448222502933,0.001862257631737183,1.4798554156029171
1748,ERCC4 (OMIM:278760),83,16372.934894193158,4.811323800820793,8.935533482789511,0.0454015306599506,1.5224039101961084
1749,ERCC4 (OMIM:610965),135,45818.891464956076,5.06565964233898,8.997811366563017,2.000000165480742e-10,1.532125658646656
1750,ERCC4 (OMIM:615272),59,8576.300417217824,5.012449104160037,9.235281569810692,0.0008104782024593274,1.6138724767063433
1751,ERCC5 (OMIM:278780),53,6283.57506347086,4.559923848672613,8.8960389141691,0.0454015306599506,1.503391202694032
1752,ERCC5 (OMIM:616570),97,21728.671624796458,4.666810915978621,8.663106660444003,0.00045198453520349144,1.4272692953881552
1753,ERCC6 (OMIM:133540),237,142538.4288022337,5.096847200251509,9.107520527626095,5.5276829557612955e-05,1.4531398910343496
1754,ERCC6 (OMIM:214150),207,109428.66457561142,5.132435841452625,8.748540373067136,0.00016194096168394945,1.4748919866800465
1755,ERCC6 (OMIM:278800),163,66007.45275489174,4.999428368923104,8.908085989829646,0.0003653861127797499,1.3789104584453677
1756,ERCC6 (OMIM:600630),19,682.822199929738,3.993112280290865,8.035591482089897,0.7400213448202568,1.527231254194749
1757,ERCC6 (OMIM:616946),18,593.1284278895114,3.876656391434715,6.956629112242303,0.00011361266494711034,1.4781189148359248
1758,ERCC6L2 (OMIM:615715),45,4541.875262488695,4.587752790392621,8.652514635623666,0.0013984767725301699,1.5537166389329033
1759,ERCC8 (OMIM:216400),274,188736.7033330531,5.046300990162111,9.107138567489411,5.5276829557612955e-05,1.4045867252709539
1760,ERCC8 (OMIM:614621),13,278.62553100382894,3.5721221923567814,7.696645002786748,0.7400213448202568,1.4214977954058532
1761,ERF (OMIM:600775),70,12552.687074240865,5.197800030741559,9.068666738801173,0.0001213039522527137,1.5968042049596496
1762,ERF (OMIM:617180),137,46763.86554506725,5.019736533390645,8.998429298198024,0.0014248089343890649,1.5428891503625852
1763,ERG (OMIM:620602),6,48.22959197542139,3.2153061316947595,5.765164211545898,0.7400213448202568,1.3814268452856455
1764,ERGIC1 (OMIM:208100),22,956.8142569128188,4.142053060228653,8.160179066136442,0.09459494695065138,1.6450262308205683
1765,ERI1 (OMIM:620662),222,126361.15076576207,5.1510802970022445,9.039612422662252,0.0001473428281572063,1.468761273116685
1766,ERI1 (OMIM:620663),218,124283.72554629427,5.254459288305681,8.918425113216793,0.0001473428281572063,1.4862793484594083
1767,ERLIN1 (OMIM:615681),58,8067.842034124287,4.880727183378275,8.714166258035757,0.0005340748793716729,1.6315514044746864
1768,ERLIN2 (OMIM:611225),93,21144.470668525453,4.9426065143818265,8.792352869423427,0.0010221449047190993,1.5840349207239486
1769,ERLIN2 (OMIM:620512),52,7087.035924875452,5.344672643194157,8.66514767380269,0.003231293569885766,1.708543302148791
1770,ERMARD (OMIM:615544),37,3436.9590983781472,5.1605992468140345,8.333493975419653,7.104736562826131e-05,1.6019877666082813
1771,ESAM (OMIM:620371),291,221113.77220912132,5.2402837352558675,9.321355777969961,0.0001018499913121344,1.4522570912329635
1772,ESCO2 (OMIM:216100),97,21419.825773104836,4.600478044051726,8.620786970674974,0.00022366396974664592,1.4864104948711092
1773,ESCO2 (OMIM:268300),254,170003.41873698268,5.290947021162824,9.636577391667917,0.00011500658009453042,1.4537049865248317
1774,ESPN (OMIM:609006),9,163.94831688023814,4.554119913339949,8.113435610767535,0.3980917516456417,2.02761838615375
1775,ESPN (OMIM:618632),27,1652.86675410267,4.709022091460598,8.284177618751,0.4703462004361604,1.5376435820850747
1776,ESR1 (OMIM:615363),64,9792.342375978551,4.8573126864972975,9.267274182908839,0.0002603386054333028,1.531084058513399
1777,ESR2 (OMIM:618187),42,3941.2711449724984,4.577550691024969,8.019944227403906,0.0013598250934187413,1.5497155678078256
1778,ESRP1 (OMIM:618013),14,453.79257393365685,4.986731581688537,8.156924995261422,0.0001475266415161842,2.166554134273214
1779,ESRRB (OMIM:608565),11,220.9245864453141,4.016810662642075,6.542474223560903,0.3980917516456417,1.4252894851498286
1780,ETHE1 (OMIM:602473),85,17257.78158600683,4.834112489077543,8.676638353011707,6.805098156487597e-05,1.5212767277488999
1781,ETV6 (OMIM:616216),45,4941.803858125954,4.991721068814095,9.090403318314113,0.0018646679343534583,1.6782589031626083
1782,EWSR1 (OMIM:612219),5,28.981455939121524,2.8981455939121523,4.7165642744572445,0.7126650421225125,1.22689843873705
1783,EXOC2 (OMIM:619306),126,38279.52218700088,4.860891706285827,8.92622207743526,0.0001018499913121344,1.4225849580636645
1784,EXOC6B (OMIM:618395),113,30853.099641889465,4.875647857441445,8.754561132371448,0.001107639007670092,1.4959738765586572
1785,EXOC7 (OMIM:619072),86,17038.886105806698,4.66180194413316,8.38469218891005,0.00030206516417093,1.4432179467060575
1786,EXOC8 (OMIM:619076),105,26215.366446973392,4.801349166112343,8.427639205084887,0.0001018499913121344,1.3824046180425347
1787,EXOSC1 (OMIM:619304),77,13082.927822833108,4.471267198507555,8.74637943623181,0.006214400107397506,1.3290748765994145
1788,EXOSC2 (OMIM:617763),136,44591.56814057312,4.857469296358728,9.576610568278216,0.00014468862235090667,1.4600054925172643
1789,EXOSC3 (OMIM:614678),114,30577.48835109101,4.7473200358781265,8.583048020682618,2.000000165480742e-10,1.4153392304810741
1790,EXOSC5 (OMIM:619576),163,68401.36778208325,5.180744359773025,8.885520883428894,0.00015294580467822567,1.44278831149657
1791,EXOSC8 (OMIM:616081),100,24630.536097882352,4.975865878360071,8.834901350171112,0.003986896984321227,1.514782265587244
1792,EXOSC9 (OMIM:618065),147,52534.98042452161,4.895627660471681,8.777699159922602,0.0024908879229949667,1.4362537340994699
1793,EXPH5 (OMIM:615028),12,286.4457506424146,4.340087130945676,7.324292096429245,1.0544477249767152,1.5492781253114203
1794,EXT1 (OMIM:133700),59,8022.996530404718,4.689068691060618,8.861396154768908,0.0013767302025706244,1.576045579107839
1795,EXT1 (OMIM:215300),10,143.4222705149107,3.187161566998016,6.124086283209758,0.7126650421225125,1.3609792284791542
1796,EXT2 (OMIM:133701),59,8022.996530404718,4.689068691060618,8.861396154768908,0.0013767302025706244,1.576045579107839
1797,EXT2 (OMIM:616682),174,74438.09629858166,4.945724290650565,9.013265320832058,0.0002486465088485564,1.5310534398583295
1798,EXTL3 (OMIM:617425),284,217054.69108085486,5.401251457742867,9.022831676830624,6.342864272785213e-05,1.5153129202433462
1799,EYA1 (OMIM:166780),51,5678.639665752789,4.4538350319629725,8.54864830911615,0.002071018648959999,1.5058055943147324
1800,EYA1 (OMIM:602588),36,3124.116598736981,4.958915236090446,8.54864830911615,0.00157507160928966,1.5476202299465298
1801,EYA4 (OMIM:601316),5,31.6197773772308,3.16197773772308,4.292913998756952,0.8486277359217859,0.9175972989607464
1802,EYA4 (OMIM:605362),21,1108.1746447037467,5.277022117636889,9.19945232737294,0.02584939923939534,1.7822135522444809
1803,EYS (OMIM:602772),42,4355.6300923014605,5.05880382381122,8.447163633763404,2.000000165480742e-10,1.4829017917402916
1804,EZH2 (OMIM:277590),250,163583.22955728808,5.255686090193994,9.567478347421117,2.000000165480742e-10,1.4812094180873951
1805,F10 (OMIM:227600),50,5721.795172797111,4.670853202283356,8.870003575704013,0.0005937179460107278,1.7092762034609799
1806,F11 (OMIM:612416),8,108.18113888170487,3.863612102918031,7.444461863229633,0.9856239028499407,1.6162686934667876
1807,F12 (OMIM:234000),8,108.83530015270064,3.886975005453594,7.585982840239381,0.3455629667491035,1.8710540282043795
1808,F12 (OMIM:610618),42,3933.3294984775675,4.568326943644097,8.926007406958277,0.002041028227612883,1.7014494253248957
1809,F13A1 (OMIM:613225),47,4798.561298690391,4.439002126448095,8.685879812179927,0.06587012389911723,1.6351473585907101
1810,F13B (OMIM:613235),19,837.0734035699502,4.895166102748247,8.699603715831945,0.004474723419452122,1.8987176144051507
1811,F2 (OMIM:613679),51,6107.963435031179,4.7905595568871995,8.825892867263462,0.0005937179460107278,1.7153728962332846
1812,F5 (OMIM:188055),11,265.40265955965646,4.825502901084663,8.578936036524365,0.0002602638453318149,2.0776370012419902
1813,F5 (OMIM:227400),32,2553.434364683315,5.148053154603457,8.813477539694276,9.244983221835519e-05,1.8325557129408987
1814,F7 (OMIM:227500),48,4982.23495443874,4.416874959608812,8.927042120272725,0.0006022817770608248,1.6739872685026207
1815,F8 (OMIM:134500),8,101.41846597672154,3.6220880705971976,6.205980333124186,0.0008106970375320321,1.63494979797986
1816,F8 (OMIM:301071),16,541.1570398314825,4.509641998595687,8.501284316515271,1.1021864911322083,1.553499707372632
1817,F8 (OMIM:306700),53,6742.2874325765715,4.892806554845118,8.70606793472854,0.0008106970375320321,1.7121264465288424
1818,F9 (OMIM:300807),10,208.55738781177618,4.63460861803947,8.578936036524365,1.3363772845193072,1.7963036614025145
1819,F9 (OMIM:306900),60,8926.810501535925,5.0433957635796185,8.848594396560184,8.244249002149404e-05,1.7673924703688348
1820,FA2H (OMIM:612319),103,27725.35223231531,5.278003470838627,8.688574852955188,0.000250477181811305,1.5025510952108965
1821,FADD (OMIM:613759),58,7006.148071250806,4.238444084241262,8.387452049201912,7.554577520314774e-05,1.5441817967981577
1822,FAH (OMIM:276700),145,54834.22801585007,5.252320691173378,8.914333529241091,0.00016212543135581012,1.547407430220215
1823,FAM111A (OMIM:127000),94,21207.271779952855,4.85181234956597,8.816718509311196,0.001137044764433523,1.5204672880928425
1824,FAM111A (OMIM:602361),86,16511.52295456088,4.517516540235535,8.743894493010414,0.0019071621965142454,1.3620586105008439
1825,FAM111B (OMIM:615704),88,16923.001266060724,4.4208467257211925,9.044797156522364,0.46443555168908324,1.4682645294898673
1826,FAM149B1 (OMIM:618763),55,6425.667123770587,4.327048568195681,8.09409310310133,0.2208074551888875,1.416573311483535
1827,FAM161A (OMIM:606068),20,862.238579912906,4.5380977890152945,7.6313117460106845,0.00015500775417016222,1.5604219008888356
1828,FAM20A (OMIM:204690),48,5537.759536538404,4.909361291257451,8.667915228529571,0.0005831481310837044,1.5763711974889105
1829,FAM20C (OMIM:259775),170,71645.51070741678,4.987505096235069,8.946814949285965,0.0001473428281572063,1.4752246991151157
1830,FAM50A (OMIM:300261),54,5679.060761034075,3.9685959196604297,8.083099948629428,0.37543966712845633,1.3619950823907172
1831,FAN1 (OMIM:614817),38,3679.582812482142,5.2341149537441565,8.865589461727208,0.0007165373026079224,1.8540089640767965
1832,FANCA (OMIM:227650),139,50213.85713986504,5.235518417252115,9.52659080465648,0.00022366396974664592,1.6012700642222182
1833,FANCB (OMIM:300514),131,42346.55568722513,4.973171542833251,9.07988813442983,0.0019071621965142454,1.4862047601699302
1834,FANCC (OMIM:227645),160,63878.403936086026,5.021887101893555,9.52659080465648,0.00022366396974664592,1.537604126786696
1835,FANCD2 (OMIM:227646),218,126799.47393194857,5.36081993539714,9.671646010455351,5.822618850128371e-05,1.5429699000001744
1836,FANCE (OMIM:600901),137,48156.402195786985,5.169214490745705,9.52659080465648,0.00022366396974664592,1.5718459078919444
1837,FANCF (OMIM:603467),175,77544.20053422847,5.093215141821246,9.305490103740683,5.822618850128371e-05,1.4265857787053593
1838,FANCG (OMIM:614082),66,9269.800144509541,4.3215851489554975,8.36818612690079,8.840919630067408e-05,1.3570124161640642
1839,FANCI (OMIM:609053),195,96635.28614052532,5.108923401560947,9.331465277289409,2.000000165480742e-10,1.4053646759483718
1840,FANCL (OMIM:614083),157,62602.74536300509,5.11209744920832,9.38120772871924,0.00020062741195619893,1.522564677243218
1841,FANCM (OMIM:618086),29,2116.1341234174843,5.212153013343557,8.593998861735125,0.000803149581822378,1.941383803706076
1842,FANCM (OMIM:618096),12,230.0480113680883,3.48557592981952,6.295632065614099,0.00011361266494711034,1.6456306153494134
1843,FAR1 (OMIM:616154),95,22184.28794499295,4.9684855419917024,8.59936252969519,2.000000165480742e-10,1.4836166686675705
1844,FAR1 (OMIM:619338),61,9699.379265143205,5.300207248712134,8.641227495405687,0.001107639007670092,1.659050434176047
1845,FARS2 (OMIM:614946),94,21487.85371722118,4.916004053356481,8.769362459642002,0.00011853325674116622,1.5283848608324258
1846,FARS2 (OMIM:617046),27,1785.2329341526129,5.086133715534509,8.674135756981457,0.0010221449047190993,1.9713321992258024
1847,FARSA (OMIM:619013),118,33626.71351726203,4.871318776946549,9.02509333271678,0.0454015306599506,1.57440368806586
1848,FARSB (OMIM:613658),198,102536.19587465338,5.257457615477279,9.221629106679714,1.7889068280074423e-05,1.5153407387767794
1849,FASTKD2 (OMIM:618855),56,7221.741761928191,4.689442702550774,8.66654644062582,0.001107639007670092,1.5886209151749808
1850,FAT2 (OMIM:617769),30,2017.3679721053581,4.637627522081283,7.965153013186057,0.010647614202537205,1.525726731887612
1851,FAT4 (OMIM:615546),222,126672.44252035036,5.163770026511368,8.8443149909399,0.00017189252005425464,1.413677986866828
1852,FAT4 (OMIM:616006),81,15420.01304363869,4.759263285073669,9.328367191295827,0.006897913965728082,1.513108968303098
1853,FBLN1 (OMIM:608180),38,2852.6301777414155,4.057795416417377,7.952380003229486,0.4817981097008369,1.5130409015776218
1854,FBLN5 (OMIM:219100),93,20206.046111072894,4.7232459352671565,8.756163702394408,0.00012113826840601775,1.448293899964047
1855,FBLN5 (OMIM:608895),57,7943.523677668446,4.977145161446395,9.097560080094977,0.0057988409463953245,1.5575977695864243
1856,FBLN5 (OMIM:614434),22,1031.4255892707902,4.465045840999092,8.130636120489282,0.0024505065415623057,1.7434986377008272
1857,FBLN5 (OMIM:619764),42,4133.362885539284,4.800653757885348,9.16883064934852,0.0005340748793716729,1.868731657959329
1858,FBN1 (OMIM:102370),58,6860.800975745938,4.150514806863846,8.704445774678213,0.001137044764433523,1.3575908887608927
1859,FBN1 (OMIM:129600),77,14164.562062300985,4.840930301538273,8.486097193596777,0.0002901132539534321,1.4250763970120264
1860,FBN1 (OMIM:154700),210,120449.13486853856,5.488682381797155,9.022091186437821,0.00012113826840601775,1.5576953380089325
1861,FBN1 (OMIM:184900),63,9256.323210442053,4.73954081435845,8.840157439683326,0.02126094445351756,1.440623137499985
1862,FBN1 (OMIM:604308),54,6582.467179182595,4.599907183216349,8.444922599434195,0.0007034141640015808,1.3924699064682955
1863,FBN1 (OMIM:608328),173,78060.79305567563,5.246726243828178,9.2088408392091,0.00012943476669520794,1.5485148958934296
1864,FBN1 (OMIM:614185),86,17035.183807887548,4.660789003526005,8.603531012957268,0.0007338760807665929,1.5322455197703668
1865,FBN1 (OMIM:616914),156,59819.46513543582,4.947846578613385,9.16592884032672,0.00014468862235090667,1.5168367174858952
1866,FBN2 (OMIM:121050),181,86029.47822765601,5.28112205203536,8.983513150344777,0.00020730474885900254,1.4738877513939048
1867,FBN2 (OMIM:616118),19,673.5717765151896,3.9390162369309336,7.623687714312455,0.4045212281205054,1.4370527922008527
1868,FBP1 (OMIM:229700),54,7134.961070242285,4.985996555026055,9.164078412867404,0.0011777486855865352,1.5945132265165953
1869,FBP2 (OMIM:619864),27,1482.9051269271706,4.22480093141644,8.052059797752388,0.006829839193248843,1.486805113200884
1870,FBXL3 (OMIM:606220),95,20157.13672280314,4.514476309698352,8.314930480861262,0.001107639007670092,1.431732219186453
1871,FBXL4 (OMIM:615471),181,78851.78078191857,4.840502196557309,8.709919954440453,0.0001018499913121344,1.3582304156336045
1872,FBXO11 (OMIM:618089),303,241781.75702341553,5.284500623421755,9.013265320832058,0.00014468862235090667,1.459638817962501
1873,FBXO28 (OMIM:619777),239,149268.50745539845,5.248356508399791,8.908085989829646,0.00037868868455093207,1.478362250887137
1874,FBXO31 (OMIM:615979),43,4004.620140518431,4.434795282966148,8.561392742882122,0.11360771600673011,1.5770424715204494
1875,FBXO38 (OMIM:615575),51,6913.850760618549,5.42262804754396,9.200206902925197,0.0006461379115094649,1.9214661603957746
1876,FBXO43 (OMIM:619696),19,932.5567312681092,5.453548136070814,8.566164424851095,0.000803149581822378,2.0168610352608805
1877,FBXO43 (OMIM:619697),8,117.41785603184584,4.193494858280209,6.957128747041759,0.0003828231525103401,2.1014332612446696
1878,FBXO7 (OMIM:260300),62,9672.566695007343,5.115053778427997,8.789156748701284,0.0003653861127797499,1.6199768214286523
1879,FBXW11 (OMIM:618914),165,68530.44815868052,5.065073773738398,9.09959356840134,0.0004869030830305121,1.4888349742064768
1880,FBXW7 (OMIM:620012),114,32274.132079344647,5.010733128294465,8.885520883428894,0.004069281664496383,1.4540786454589076
1881,FCGR3A (OMIM:615707),60,8735.332880113288,4.9352163164481855,8.895638177471003,2.000000165480742e-10,1.6805294365580052
1882,FCHO1 (OMIM:619164),65,10358.236370726245,4.979921332079925,8.675403654428223,0.00010563534348670766,1.652262651969885
1883,FCN3 (OMIM:613860),37,2908.9893963013124,4.367851946398367,8.3342933188877,0.00021193106148507528,1.5952831151003053
1884,FCSK (OMIM:618324),95,20797.9636147399,4.657998569930549,8.915644428508728,0.00045198453520349144,1.4439163437968365
1885,FDFT1 (OMIM:618156),168,68228.4348780369,4.863732169805881,8.811903386874734,4.395661259112839e-05,1.434709524026222
1886,FDPS (OMIM:616631),7,75.52344906128657,3.5963547172041226,6.115708744315875,1.4089720234889813,1.3106011170157725
1887,FDX2 (OMIM:251900),120,36306.302984244816,5.084916384348014,9.160457514598011,0.0006888527898926093,1.5679873492951582
1888,FDXR (OMIM:617717),21,934.9917005747608,4.452341431308385,7.479477852430675,0.7609453784098479,1.416503402754159
1889,FECH (OMIM:177000),43,4024.8453878171567,4.457193120506265,8.641393440642101,0.047784109337295634,1.5668950197385005
1890,FERMT1 (OMIM:173650),98,22677.400969967865,4.771176303380574,8.512392667318062,6.004631081718618e-05,1.3825184630722045
1891,FERMT3 (OMIM:612840),64,9166.610372219151,4.546929748124579,9.006143275766876,0.014566809922073501,1.5843601264260212
1892,FERRY3 (OMIM:618221),53,6687.633123787258,4.853144502022683,8.369548152101572,0.04582841245223828,1.4586451554518827
1893,FEZF1 (OMIM:616030),39,3995.2489259118815,5.391698955346668,8.772437857354861,0.0013598250934187413,1.8142366913938515
1894,FGD1 (OMIM:305400),218,125820.20487918853,5.319418461894412,9.169767926615972,0.00015304849304319395,1.495750173666781
1895,FGD4 (OMIM:609311),66,11532.486915097888,5.376450776269412,9.16883064934852,0.0006461379115094649,1.8061419922535984
1896,FGF10 (OMIM:180920),23,980.7612073224045,3.876526511155749,6.50784967792632,0.00019863002875500322,1.5006879264034059
1897,FGF10 (OMIM:620193),76,14435.878443413847,5.0652205064609985,9.671646010455351,0.00019863002875500322,1.58423722177424
1898,FGF12 (OMIM:617166),87,19825.15937331867,5.299427792921324,9.08316548962287,0.0005412573883512041,1.494940226690992
1899,FGF13 (OMIM:301058),91,20402.81565365131,4.982372564994215,8.899284965990233,0.0001018499913121344,1.5281499388910562
1900,FGF13 (OMIM:301095),24,1338.700328781495,4.850363510077881,8.386634319621916,0.00016212543135581012,1.784284208814912
1901,FGF14 (OMIM:193003),57,8771.607687971013,5.495994791961787,8.879229495516284,0.00022026734555797406,1.623043755459332
1902,FGF14 (OMIM:620174),44,4957.801673516526,5.240805151708801,8.78843868562695,9.774864833445439e-05,1.6415919777655934
1903,FGF16 (OMIM:309630),48,4855.308865317762,4.304351830955463,8.178633468103225,0.00017189252005425464,1.7212736968014761
1904,FGF17 (OMIM:615270),23,1054.0268627719888,4.166114082102722,8.769511817107414,0.5304118126481896,1.6353501185606136
1905,FGF20 (OMIM:615721),29,1863.1139805792072,4.588950691081791,8.271859111636822,0.00024565072256683745,1.6325539412304984
1906,FGF23 (OMIM:193100),48,4969.461107837056,4.405550627515121,8.359346533097758,0.0005584506568620292,1.5120724203418934
1907,FGF23 (OMIM:617993),35,2495.6001619943095,4.194285986545058,9.097762442653373,0.000357002530703531,1.642706610177942
1908,FGF3 (OMIM:610706),61,8909.215555032893,4.868423800564423,8.837357096237778,0.001488733334007875,1.5673112519346533
1909,FGF5 (OMIM:190330),17,470.08102275178817,3.456478108469031,5.798770883647269,0.7609453784098479,1.06198415816631
1910,FGF8 (OMIM:612702),51,6321.827074218838,4.958295744485363,8.873574725877837,0.0013598250934187413,1.6580965128488363
1911,FGF9 (OMIM:612961),73,12235.466357448553,4.655809116228521,9.53918605257233,0.00017189252005425464,1.6253698919611779
1912,FGFR1 (OMIM:147950),95,22232.94648310799,4.979383310886448,9.360985230622335,0.00045198453520349144,1.4943054744102982
1913,FGFR1 (OMIM:166250),182,84500.31005713853,5.13024771156205,9.470282449623195,0.00040730427135542244,1.4481112782649281
1914,FGFR1 (OMIM:190440),85,16659.322501886003,4.666476891284595,8.388516065330096,0.00018949040145411217,1.4276729935362023
1915,FGFR1 (OMIM:613001),148,55848.76174538303,5.134102017409729,8.766326351940249,5.822618850128371e-05,1.3969143502520587
1916,FGFR1 (OMIM:615465),114,32051.95224177614,4.976238509823962,9.100128228677132,9.580292411870432e-05,1.4338120542553823
1917,FGFR2 (OMIM:101200),248,162749.14384765626,5.313737228929615,9.576610568278216,0.0001473428281572063,1.4197341008154878
1918,FGFR2 (OMIM:123500),113,30745.287670389138,4.858610567381343,8.789528811255842,0.0006692363197748469,1.4300887584884165
1919,FGFR2 (OMIM:123790),177,80472.59869095261,5.166448298083758,8.695958178244712,2.000000165480742e-10,1.3918035178193637
1920,FGFR2 (OMIM:149730),170,80364.52534027575,5.594467479309137,9.671646010455351,0.00013217892724419597,1.545055370599869
1921,FGFR2 (OMIM:609579),13,289.00855400122765,3.7052378718106107,8.531873620888428,0.7154510495873228,1.5831128420261924
1922,FGFR2 (OMIM:614592),84,16433.59409933693,4.714169276918224,8.805640532252037,0.0005670439116028207,1.4363525352850506
1923,FGFR3 (OMIM:100800),154,60699.252221219096,5.1523005026075115,9.110881353108665,0.00010061562736080588,1.5178478029811842
1924,FGFR3 (OMIM:146000),72,11907.89387673881,4.658800421259316,8.808912063734166,0.003303224205639112,1.4008744380737868
1925,FGFR3 (OMIM:187600),93,20937.617391857017,4.894253714786586,8.92972275750037,0.0006912747598399878,1.4457728527790565
1926,FGFR3 (OMIM:187601),64,8826.793884379083,4.378369982330894,8.441978898284269,0.04836220413110236,1.3069320267575264
1927,FGFR3 (OMIM:602849),137,47201.51917537431,5.066715239950012,9.576610568278216,0.0037890645697852402,1.5004063134684555
1928,FGFR3 (OMIM:603956),9,111.84582319424854,3.1068284220624593,5.2424639819334065,0.5898174695073903,1.0256179951532076
1929,FGFR3 (OMIM:610474),69,10729.525898318832,4.573540451116297,8.466908701824678,0.01832946409299041,1.5434776597727544
1930,FGFR3 (OMIM:612247),41,3785.946305153373,4.61700768921143,8.47871843127764,0.0022200588947906574,1.442686988395402
1931,FGFR3 (OMIM:616482),175,80893.75021064663,5.313218404640173,9.146981367476801,0.00014468862235090667,1.502505702114818
1932,FGFR3 (OMIM:620192),65,9980.570159657014,4.798351038296642,9.518481981340633,0.00039473045797108687,1.5359457299607866
1933,FH (OMIM:150800),35,2618.808457406706,4.401358751944044,8.010134774154844,0.2815813489420974,1.4263350053641395
1934,FH (OMIM:606812),171,71127.44899506707,4.8935293426258735,9.033402085798429,0.00015304849304319395,1.4618040327307675
1935,FHL1 (OMIM:300280),143,52596.410974334154,5.180381264092795,8.815202749449414,0.00017798301115767696,1.5883139585908865
1936,FHL1 (OMIM:300695),57,7788.753550543357,4.880171397583557,9.056157645039303,0.0001849738499394851,1.6974829408682701
1937,FHL1 (OMIM:300696),59,8203.333802831276,4.794467447592797,8.850935746431515,0.25687862802681655,1.5409663660482094
1938,FHL1 (OMIM:300717),46,5142.959739318034,4.969043226394236,8.661655049606882,0.034298969772904774,1.6095496557833944
1939,FHL1 (OMIM:300718),56,7513.92338321205,4.879171028059773,8.731564883652739,0.058890989000992655,1.5438310385757699
1940,FHOD3 (OMIM:619402),38,3757.917638515988,5.345544293763852,8.78032712110944,0.00020110568398922692,1.7977136653726389
1941,FIBP (OMIM:617107),140,48411.83794102649,4.975522912746813,8.804459569323203,0.006897913965728082,1.462631219550482
1942,FIG4 (OMIM:216340),297,229926.85422815033,5.230841164531585,9.534942871755176,0.0001018499913121344,1.43271302791191
1943,FIG4 (OMIM:611228),59,8639.607587961209,5.049449203951612,8.676212141895324,0.0005149209235504193,1.5490754839789043
1944,FIG4 (OMIM:612577),23,1181.4279435873955,4.669675666353342,8.331603743582422,0.0029392195486610383,1.6573576823998202
1945,FIG4 (OMIM:612691),34,2567.9087718835603,4.577377489988521,8.93885048826202,0.0028733601467088605,1.590038501485619
1946,FIGLA (OMIM:612310),35,2906.4935361968737,4.884863086045166,7.588200700339828,0.00011361266494711034,1.7398870612176758
1947,FITM2 (OMIM:618635),54,7080.885334387884,4.948207780844084,8.724387065299991,0.001107639007670092,1.5804573251757648
1948,FKBP10 (OMIM:259450),88,18265.974322109003,4.7716756327348495,8.383149925938483,0.0005149209235504193,1.4890798625168913
1949,FKBP10 (OMIM:610968),72,12214.554165674348,4.778777060122985,8.843456652150403,0.0013767302025706244,1.5749984764342932
1950,FKBP14 (OMIM:614557),151,59171.88562683182,5.2248905630756575,9.054649716855387,0.00017449449899708947,1.544336479828645
1951,FKBP6 (OMIM:620103),35,3064.3763117419944,5.150212288642007,8.566164424851095,0.000803149581822378,1.7288393548593413
1952,FKRP (OMIM:606612),130,42687.934573412065,5.090988023066436,9.056217712095465,0.004239304276640087,1.592349747814355
1953,FKRP (OMIM:607155),93,21390.36665819526,5.00008570785303,9.056217712095465,0.0017700310267440155,1.6994764969738403
1954,FKRP (OMIM:613153),113,32059.83106540775,5.066344985051794,8.849306900077684,0.00030206516417093,1.4578466945748345
1955,FKTN (OMIM:253800),129,41224.88094003788,4.99332375727203,8.849306900077684,0.00030206516417093,1.4598507528391709
1956,FKTN (OMIM:611588),68,11434.535022835807,5.0195500539226545,9.05368204804913,0.0006888527898926093,1.7818246823670627
1957,FKTN (OMIM:611615),31,2164.1382597383094,4.654060773630773,8.440468123628982,0.0006888527898926093,1.6276756748356331
1958,FKTN (OMIM:613152),28,1589.0244816864802,4.203768470070053,8.418841017432957,0.46443555168908324,1.5972369858201323
1959,FLAD1 (OMIM:255100),55,6995.455787198491,4.710744637844101,8.911550766086647,0.13759093795583704,1.530378215907273
1960,FLCN (OMIM:135150),51,6402.912420568946,5.021892094563879,8.573731716814063,0.00012334204640134812,1.605200722016181
1961,FLCN (OMIM:173600),7,70.86673358351877,3.374606361119941,5.749032785346659,0.023056846948338643,1.6709375579026533
1962,FLCN (OMIM:610883),156,62897.98519660039,5.20248016514478,8.987327230491317,0.00015294580467822567,1.4858208463735103
1963,FLG (OMIM:146700),27,1555.1881745250294,4.4307355399573485,8.73991711400152,0.5789848082407059,1.5655136045279066
1964,FLG2 (OMIM:618084),20,934.493157841003,4.918385041268437,8.434930976218537,0.17069785537330434,1.7207797534438305
1965,FLI1 (OMIM:617443),34,2668.1143285961202,4.755997020670446,8.58926043711515,0.021118882200204435,1.6091073940610803
1966,FLII (OMIM:620635),19,868.3588617479924,5.078121998526271,8.44354938629543,0.0018127530439782328,1.8031884551127848
1967,FLNA (OMIM:300048),86,18198.802895974564,4.979152639117528,8.943031795034024,0.0001473428281572063,1.5250517953977059
1968,FLNA (OMIM:300049),68,10392.422368066851,4.562081812145237,8.2838604065762,0.006897913965728082,1.4184031036441773
1969,FLNA (OMIM:300244),92,18933.636166870936,4.523085563036535,8.711803903387974,0.01064406022043666,1.3879518195503946
1970,FLNA (OMIM:300321),42,3763.8108583125477,4.371441182709114,8.395111394690838,0.20439110626138998,1.2536259181069855
1971,FLNA (OMIM:304120),228,135369.72311472264,5.231073619086585,9.604928063761362,0.0001473428281572063,1.5013568924545524
1972,FLNA (OMIM:305620),178,80134.59202274184,5.08694166334932,8.770477618249148,0.0001473428281572063,1.3743157924512686
1973,FLNA (OMIM:309350),177,78769.76468544279,5.057124080986312,8.956214362023143,0.0001473428281572063,1.4704152487045823
1974,FLNA (OMIM:311300),157,63647.702174692124,5.197427909088039,9.761772020192973,0.00023318814708324207,1.4568143849590884
1975,FLNA (OMIM:314400),53,7071.143808891955,5.131454142882405,8.663570914185165,0.00012113826840601775,1.762145850462863
1976,FLNB (OMIM:108720),158,62348.09915812348,5.02685633783145,9.251256638088163,0.00017796557473134708,1.4756746252488526
1977,FLNB (OMIM:108721),98,23034.956756396416,4.846403693750561,8.833984069194575,0.0037890645697852402,1.5714360387779378
1978,FLNB (OMIM:112310),32,2319.689636139734,4.676793621249463,8.713266643291458,0.00031000156262966493,1.7791681175276874
1979,FLNB (OMIM:150250),176,79615.30156555655,5.169824776984192,9.613760750792988,0.00011500658009453042,1.4739738594609242
1980,FLNB (OMIM:272460),162,65745.55605626057,5.0414505065762265,8.900791529507183,0.00044822183923796054,1.4962033084346975
1981,FLNC (OMIM:609524),34,2806.5900696677163,5.002834348783808,8.627437022893226,0.0008908169909166662,1.7644931389119194
1982,FLNC (OMIM:614065),40,3671.3126627929605,4.706811106144821,8.626600266239661,0.00025006395324224406,1.7011910105376755
1983,FLNC (OMIM:617047),47,6089.159194301223,5.632894721832768,9.19945232737294,0.00020110568398922692,1.8558615051110596
1984,FLRT3 (OMIM:615271),31,1995.5578731377936,4.291522307823212,8.873574725877837,0.1698472034295444,1.5727951618571605
1985,FLT4 (OMIM:153100),48,5225.260942614492,4.632323530686606,8.727752482334461,0.004469792754054722,1.525399120696045
1986,FLT4 (OMIM:618780),45,4585.488017764792,4.631806078550295,8.639294441154496,0.002161310946626595,1.526615712301509
1987,FLVCR1 (OMIM:609033),131,43398.837283918176,5.096751295821277,8.77509415925591,0.00015500775417016222,1.4759089516105754
1988,FLVCR2 (OMIM:225790),109,28765.382286712178,4.887084996043523,8.819547616249002,2.000000165480742e-10,1.4689310642334383
1989,FMN2 (OMIM:616193),32,2295.1689424596616,4.627356738829963,8.257650096817398,0.12163535650251811,1.3775889454425243
1990,FMO3 (OMIM:602079),60,7856.01364574419,4.43842578855604,8.422552598744028,0.13759093795583704,1.4969256889305758
1991,FMR1 (OMIM:300623),115,36783.79111128123,5.611562335817121,8.981691954516924,2.000000165480742e-10,1.4690992017913418
1992,FMR1 (OMIM:300624),90,19258.922951810455,4.80871983815492,8.795029463371854,0.0005543272741829107,1.4772302513424398
1993,FMR1 (OMIM:311360),18,607.187258950021,3.9685441761439284,6.995962450408339,0.34720694902935334,1.4136226553383844
1994,FN1 (OMIM:601894),28,1710.1542163335753,4.524217503527977,8.15920527809197,0.0007165373026079224,1.6645152867195598
1995,FNIP1 (OMIM:619705),84,18316.549269035455,5.25431705939055,8.730913785609244,0.00010563534348670766,1.5608412022678169
1996,FOCAD (OMIM:619991),313,273754.7597501355,5.606511832353065,9.234431856719867,2.000000165480742e-10,1.5006680587951093
1997,FOLR1 (OMIM:613068),12,261.68367371271495,3.964904147162348,8.344062634932634,0.8506564541466848,1.7570016358315421
1998,FOXC1 (OMIM:601631),46,5036.713865368255,4.866390208085271,8.44889727565676,0.00018580865589602608,1.693644615217309
1999,FOXC1 (OMIM:602482),72,12780.35089621257,5.000137283338251,8.501749530276378,0.00018580865589602608,1.564458451687055
2000,FOXC2 (OMIM:153400),117,32837.81053050705,4.839052539125707,8.912031645456134,0.0002771984820330607,1.4904067146476179
2001,FOXD3 (OMIM:607836),16,458.63847394578386,3.821987282881532,8.258173423758102,0.30889145566654236,1.6246505228156207
2002,FOXE1 (OMIM:241850),64,9826.050052395542,4.87403276408509,9.004942480876764,0.0002744252097946437,1.6278470163116165
2003,FOXE1 (OMIM:616534),31,2079.65440245658,4.472375059046409,8.779189877261304,0.0011669022655097488,1.6924153832108872
2004,FOXE3 (OMIM:610256),37,3701.868551215357,5.558361188011046,8.673844461963503,0.00017449449899708947,1.8553216385537616
2005,FOXE3 (OMIM:617349),12,202.9779821875538,3.075423972538694,5.301899024291044,0.0007034141640015808,1.4497401183762304
2006,FOXF1 (OMIM:265380),231,145297.0383310665,5.4694913732756065,9.452794397188015,2.000000165480742e-10,1.4441389436781256
2007,FOXG1 (OMIM:613454),132,45683.41935191682,5.283763515141894,9.013265320832058,0.0001663034595149971,1.5068470576247914
2008,FOXI3 (OMIM:620444),46,4796.574417030758,4.634371417421022,8.501462211656083,0.0005190840498803945,1.586000457471133
2009,FOXJ1 (OMIM:618699),47,4984.338046610925,4.610858507503168,8.761181816724523,0.0001046308894784056,1.5995995747471017
2010,FOXL1 (OMIM:620576),15,494.49872337347676,4.709511651175969,7.903196136116775,0.00021856978104179122,1.9312103231179947
2011,FOXL2 (OMIM:110100),87,17962.902980478495,4.801631376765169,8.590070292633085,0.00017449449899708947,1.4419754699821745
2012,FOXL2 (OMIM:608996),16,529.3468882062757,4.411224068385631,6.99042951893125,0.00011361266494711034,1.6553074277232391
2013,FOXN1 (OMIM:601705),25,1412.9534928825672,4.709844976275224,9.290583693641377,0.000955190167537979,1.9776856783074892
2014,FOXN1 (OMIM:618806),42,3837.147006245084,4.456616731991968,8.967983459648027,0.000955190167537979,1.587790061082685
2015,FOXP1 (OMIM:613670),111,31266.824735564776,5.121511013196524,8.995747773179575,0.001107639007670092,1.4595326800315178
2016,FOXP2 (OMIM:602081),23,982.56649415224,3.8836620322222926,7.684116689029687,0.0011655871444842389,1.4301856234521186
2017,FOXP3 (OMIM:304790),121,36975.676053529045,5.093068326932375,8.998699084145624,0.00017851427268566979,1.4783595667296205
2018,FOXRED1 (OMIM:618241),90,19837.192949420983,4.953106853788011,8.560006856476893,0.006829839193248843,1.4335389848621165
2019,FRA10AC1 (OMIM:620113),163,65722.80762964656,4.977869244084417,8.972676003191545,5.9439822204979764e-05,1.5286868896382855
2020,FRAS1 (OMIM:219000),218,122470.42854891196,5.177796835450555,9.009427470401771,0.00016194096168394945,1.4071055544282305
2021,FREM1 (OMIM:248450),59,8409.015623514144,4.914678914970277,8.664025752081615,0.0008104782024593274,1.5294085104148174
2022,FREM1 (OMIM:608980),64,9581.366694375269,4.7526620507813835,9.205441525425242,0.00031984864419684893,1.5624866205589925
2023,FREM1 (OMIM:614485),41,3514.8005613597015,4.286342147999636,8.494932459515777,0.00018949040145411217,1.4850708414244969
2024,FREM2 (OMIM:123570),17,559.490527434466,4.1139009370181325,7.531569881275314,0.0012586937868187594,1.6119509051973457
2025,FREM2 (OMIM:617666),104,26231.408502700826,4.89757440304347,8.9119969621749,0.00013219989403481355,1.439641184991505
2026,FRG1 (OMIM:158900),87,17502.229243060006,4.678489506297783,8.915736064525762,0.0004934974766849004,1.5765412670064587
2027,FRMD4A (OMIM:616819),84,16863.772045893227,4.837570868012974,8.28981928508484,5.9439822204979764e-05,1.40144010071308
2028,FRMD5 (OMIM:620094),79,15902.243885333784,5.1613904204264145,9.012187651905787,0.0002506308815066901,1.4970494632515623
2029,FRMD7 (OMIM:310700),13,372.8486629854604,4.780111063916159,7.821964197697543,0.010655775769203065,2.0990663549483135
2030,FRMPD4 (OMIM:300983),107,26641.08433172929,4.697775406758824,8.35151082614376,0.001107639007670092,1.322418829375427
2031,FRRS1L (OMIM:616981),66,11469.02931877175,5.346866815278205,8.915644428508728,0.00037868868455093207,1.685721336818226
2032,FRZB (OMIM:165720),8,86.34137576819506,3.083620563149824,5.512787929140471,0.7154510495873228,1.2271265243185565
2033,FSCN2 (OMIM:607921),25,1422.790454701047,4.74263484900349,7.909249152009249,2.000000165480742e-10,1.5532556838488878
2034,FSHB (OMIM:229070),47,5010.035376373842,4.634630320419835,8.803586210280539,0.000803149581822378,1.551375153157812
2035,FSHR (OMIM:233300),26,1258.8004999149036,3.873232307430473,6.957177602507163,0.0013598250934187413,1.3637089276033278
2036,FSHR (OMIM:608115),12,298.173439839993,4.517779391515046,7.6424544899815485,0.0001339273823782835,1.5333171637460734
2037,FSIP2 (OMIM:618153),21,1122.7841199851482,5.3465910475483245,8.566164424851095,8.084441465612328e-05,2.289980250066336
2038,FTCD (OMIM:229100),34,2359.666117244182,4.206178462110841,8.014170517064324,0.16045165627074626,1.39584255350571
2039,FTH1 (OMIM:615517),21,906.1169688719536,4.314842708914065,7.884873107103573,0.000334057395126325,1.5619637988521002
2040,FTH1 (OMIM:620669),99,24370.074399223144,5.0237217891616455,8.460326625667726,0.000334057395126325,1.4233165258839695
2041,FTL (OMIM:600886),22,1173.2004332363188,5.078789754269778,8.165839794929928,0.000334057395126325,1.7264381688815993
2042,FTL (OMIM:606159),90,19717.611568142165,4.923248830996795,8.690991894283245,0.00037868868455093207,1.4529170256626551
2043,FTL (OMIM:615604),25,1280.7505966516205,4.269168655505402,8.019424553384772,0.004381197771719128,1.5945101351054465
2044,FTO (OMIM:612938),151,55877.90134727804,4.934031024042211,8.996978643317815,2.000000165480742e-10,1.3957033899547246
2045,FTSJ1 (OMIM:309549),76,13574.0286365677,4.762817065462351,8.568069512451574,0.00015286693837893977,1.4737669532124602
2046,FUCA1 (OMIM:230000),202,99602.87468754854,4.906303861265383,9.11716656383999,0.002789253875039039,1.471398752665125
2047,FUS (OMIM:608030),21,911.5408715860142,4.3406708170762585,8.456459636980163,0.0029392195486610383,1.6155022537736645
2048,FUS (OMIM:614782),8,97.10008965454294,3.467860344805105,5.559061637997699,0.0147566602723356,1.7817988763870842
2049,FUT8 (OMIM:618005),150,51096.09700791174,4.572357674086062,8.940243106964795,0.0001018499913121344,1.3811103179008266
2050,FXN (OMIM:229300),85,18176.02872943591,5.091324574071684,9.303298732393593,0.32364730478968384,1.4792129477750617
2051,FXR1 (OMIM:618822),52,6570.1635151543815,4.954874445817784,8.5039370430321,0.0005727427745271421,1.5680731207874108
2052,FXR1 (OMIM:618823),51,6241.27088766233,4.895114421695945,8.813956128334846,0.0005727427745271421,1.5653569204398619
2053,FXYD2 (OMIM:154020),38,3343.5860352676486,4.756167902229941,8.732093077245887,0.002137659858504147,1.8243502599162331
2054,FYB1 (OMIM:273900),47,5284.97327247072,4.888966949556633,9.106437374212202,0.014566809922073501,1.701724829947534
2055,FYCO1 (OMIM:610019),8,110.7713494548973,3.9561196233891893,6.401532239623281,0.20449388658108741,1.7362292568609154
2056,FZD2 (OMIM:164745),159,63118.65171860788,5.024970282509981,9.101819266979005,0.00023715368635396106,1.487181224051137
2057,FZD5 (OMIM:620731),53,7539.319441594533,5.47120423918326,9.094272135799889,0.00014468862235090667,1.654689174631176
2058,FZD6 (OMIM:161050),10,216.65082029741376,4.8144626732758615,7.663377165774525,0.006585048874023667,1.9701548486046345
2059,FZR1 (OMIM:620145),91,21698.10579920392,5.298682734848332,8.908085989829646,0.0001018499913121344,1.5533425103382248
2060,G6PC1 (OMIM:232200),123,36422.64334438043,4.854410681644732,9.044797156522364,0.0010465776658136754,1.5345986181454767
2061,G6PC3 (OMIM:612541),217,122099.78797084204,5.209924388583463,9.643750676777405,0.0001473428281572063,1.5272972504511881
2062,GAA (OMIM:232300),128,40640.9674425859,5.000119025908698,8.964734206947517,0.0002696013531600888,1.5814317600627523
2063,GAB1 (OMIM:605428),7,67.17848022202988,3.198975248668089,4.662535130851787,0.3980917516456417,1.227516412457778
2064,GABBR1 (OMIM:620502),101,23955.608051156192,4.743684762605187,8.92011336849854,0.030182697791721932,1.5077144590840432
2065,GABBR2 (OMIM:617903),76,13792.817683307043,4.839585152037559,8.860628775566731,0.0005543272741829107,1.6085836630477213
2066,GABBR2 (OMIM:617904),67,11529.037163576388,5.21439944078534,8.915644428508728,0.0005412573883512041,1.6415843476590677
2067,GABRA1 (OMIM:615744),34,3099.242256067702,5.52449600012068,8.915644428508728,0.025418230699425857,1.9941701192663053
2068,GABRA2 (OMIM:618557),57,7345.047826161424,4.602160292081093,8.638581260818226,0.0001018499913121344,1.5709607869819782
2069,GABRA3 (OMIM:301091),91,19713.50312060701,4.814042276094508,8.908085989829646,0.00017189252005425464,1.5725307754433016
2070,GABRA5 (OMIM:618559),62,9421.074063673166,4.982059261593425,8.908085989829646,0.0005689965370294645,1.6350585579733796
2071,GABRB1 (OMIM:617153),43,4243.823389013354,4.699693675540813,8.793847019796285,0.0005412573883512041,1.541768426214416
2072,GABRB2 (OMIM:617829),54,7430.806785135283,5.192737096530596,8.915644428508728,0.0454015306599506,1.5863812888972872
2073,GABRB3 (OMIM:612269),8,80.49722617312888,2.874900934754603,5.355438790958493,0.15955301740802308,1.5639110573166308
2074,GABRB3 (OMIM:617113),49,6542.619448797007,5.5634519122423525,8.915644428508728,0.0005412573883512041,1.7304516480162602
2075,GABRD (OMIM:613060),16,498.11737028573907,4.150978085714493,7.826797065347226,0.025418230699425857,2.1367354707834547
2076,GABRG2 (OMIM:607681),20,993.2715992104223,5.227745259002223,8.427639205084887,0.0009817243608859832,2.089087179513254
2077,GABRG2 (OMIM:618396),48,5658.167056629314,5.016105546657194,8.42123482395505,0.0001018499913121344,1.7893741349968055
2078,GAD1 (OMIM:619124),155,61219.36954796349,5.129398370168705,8.964079417231831,0.0005412573883512041,1.4724498116377176
2079,GAL (OMIM:616461),14,311.77324013691407,3.4260795619441105,7.588753709438326,0.009813035528955065,1.6778804433367318
2080,GALC (OMIM:245200),104,28641.914656259687,5.347631563902107,9.05211612859618,0.0007031720066138041,1.5033124727542275
2081,GALE (OMIM:230350),67,10679.493243188599,4.830164289094799,8.755342747970113,0.11812255668057281,1.5208146084356076
2082,GALK1 (OMIM:230200),33,2078.6517178854638,3.9368403747830754,8.339264895246096,0.00019109498643675617,1.4649746292642376
2083,GALM (OMIM:618881),29,1633.6181362747325,4.023689990824464,8.606287008981077,0.00019109498643675617,1.4093092363171151
2084,GALNS (OMIM:253000),176,74881.72781729636,4.862449858265997,9.059427120748204,0.00015294580467822567,1.4647854284153394
2085,GALNT2 (OMIM:618885),159,65303.10311274862,5.198877725718384,9.080006468953357,0.0004869030830305121,1.5586387241561415
2086,GALNT3 (OMIM:211900),77,13810.303080195405,4.719857512028504,8.738405180447852,0.007075287477192974,1.5224577115830193
2087,GALT (OMIM:230400),87,19033.290197506947,5.087754663861787,9.26419003440818,0.016424147675763168,1.5538218886742237
2088,GAMT (OMIM:612736),77,15816.481844369102,5.405496187412544,8.908085989829646,0.0001018499913121344,1.6196136980997888
2089,GAN (OMIM:256850),114,34744.88903865826,5.394331476270494,9.120746959343741,0.0010221449047190993,1.6196038614964277
2090,GANAB (OMIM:600666),33,2290.076390977605,4.33726589200304,8.257169728545286,0.0006348976444134446,1.5327832490274587
2091,GARS1 (OMIM:600794),47,5611.563560139214,5.191085624550614,8.873405360914838,0.00031792342844160594,1.9264293241654622
2092,GARS1 (OMIM:601472),53,7073.192751802792,5.132941039044116,9.072852201496532,0.00031792342844160594,1.925253299274895
2093,GARS1 (OMIM:619042),64,9586.168650403886,4.755043973414626,9.21315399138524,0.001107639007670092,1.5866613655957844
2094,GAS2L2 (OMIM:618449),40,3555.2255816758147,4.5579815149689935,8.615238182220306,0.000803149581822378,1.6030858440934528
2095,GAS8 (OMIM:616726),37,3374.7742632651784,5.067228623521289,9.057964148003466,0.1640932723925727,1.8352680734379043
2096,GATA1 (OMIM:159595),12,269.31757715873044,4.0805693508898555,8.149203324651731,0.8954429315708131,1.4601062078646732
2097,GATA1 (OMIM:300367),31,2369.9204437254716,5.09660310478596,8.73818890888647,0.01444185665629703,1.883709078137814
2098,GATA1 (OMIM:300835),32,2867.865330219762,5.781986552862424,9.026849006701454,0.0013984767725301699,1.71638645254646
2099,GATA1 (OMIM:301083),18,825.6886747594116,5.3966580049634745,8.990546997894171,0.00027414783043571854,2.1076579609484076
2100,GATA1 (OMIM:314050),41,4280.333143089645,5.219918467182494,9.10780402719919,0.00027414783043571854,1.8736455160999212
2101,GATA2 (OMIM:614038),56,7026.551659537906,4.562695882816822,8.96883190815041,0.07613353902806305,1.5857852728561288
2102,GATA2 (OMIM:614172),59,9029.213256951776,5.277155614816936,9.024754086574896,0.00010132141952076684,1.6874975686929392
2103,GATA3 (OMIM:146255),91,20980.88947064121,5.123538332268915,8.919555841518696,0.00044777207730900884,1.501797892393825
2104,GATA4 (OMIM:607941),29,2225.625919269853,5.481837239580919,8.751653999604216,0.00012113826840601775,1.9082780977580254
2105,GATA4 (OMIM:614429),22,1059.8370905448337,4.588039353007938,8.004944664680925,0.09573674878553487,1.5555921590361665
2106,GATA4 (OMIM:614430),8,106.36529097827241,3.7987603920811575,6.095890007717402,0.0008535212778617323,1.5347568534406462
2107,GATA4 (OMIM:615542),38,3234.787840117925,4.601405177977134,8.036433332945366,0.00045166719225580687,1.4083910131293593
2108,GATA5 (OMIM:617912),36,3245.4287093319617,5.151474141796765,8.47985014729734,0.002034046398408494,1.5136941796028112
2109,GATA6 (OMIM:600001),136,48152.23764772514,5.2453417916911915,8.996978643317815,2.6924884941009874e-05,1.484018640746226
2110,GATA6 (OMIM:614474),13,379.3191173142745,4.8630656065932625,8.123956207267911,0.014185094008210306,1.9692874981982205
2111,GATA6 (OMIM:614475),18,782.4560460800528,5.11409180444479,8.031255777675826,0.0018127530439782328,1.7202310963548282
2112,GATAD1 (OMIM:614672),18,763.8312687078102,4.99236123338438,7.922126169785241,0.05130359026450264,1.6836906847795006
2113,GATAD2B (OMIM:615074),79,13929.585899971287,4.521124926962443,8.561392742882122,0.00015294580467822567,1.3841867165897372
2114,GATB (OMIM:618838),39,3823.0634411934298,5.159329880153076,8.913185371837491,0.004469792754054722,1.750146645619846
2115,GATC (OMIM:618839),46,5193.011807180201,5.0174027122514016,8.913185371837491,0.004469792754054722,1.6522299502810276
2116,GATM (OMIM:134600),52,6657.750903957212,5.02092828352731,8.581765494872709,4.6205325448638656e-05,1.5609344530775469
2117,GATM (OMIM:612718),37,3102.422780027342,4.658292462503517,8.548201915084638,0.0005689965370294645,1.5590556957503707
2118,GBA2 (OMIM:614409),121,40177.516951361984,5.534093243989254,8.981691954516924,0.00022026734555797406,1.5810636671629728
2119,GBE1 (OMIM:232500),94,21432.301918897778,4.903294879638018,8.870272353659333,0.05614456645599763,1.4849867920755124
2120,GBE1 (OMIM:263570),70,12701.456926602186,5.25940245407958,9.120746959343741,0.0010221449047190993,1.687024364640948
2121,GBF1 (OMIM:606483),66,10944.930610756908,5.102531753266624,9.072852201496532,0.00031792342844160594,1.671294679009289
2122,GCDH (OMIM:231670),116,33867.33054448057,5.077560801271449,9.07556441882758,0.00037868868455093207,1.490193971313506
2123,GCGR (OMIM:619290),37,3163.2770089589885,4.7496651786171,8.788048457636416,0.00019612912418796554,1.6220389255274006
2124,GCH1 (OMIM:128230),82,17959.0092603375,5.407711309948058,8.988831063455839,0.0004634687819836333,1.59926856524654
2125,GCH1 (OMIM:233910),80,16073.626594369543,5.0865906944207415,8.679741242839922,0.0003624850944622661,1.5751773590483393
2126,GCK (OMIM:125851),7,72.70587688122511,3.462184613391672,5.6562540989733865,0.7400213448202568,1.182222818078389
2127,GCK (OMIM:602485),22,1131.71679588421,4.899206908589653,8.776306643375948,0.0002791634935974599,1.9907182985712972
2128,GCK (OMIM:606176),19,735.504818600707,4.301197769594778,9.084475720469625,0.7400213448202568,1.6800648162364609
2129,GCLC (OMIM:230450),31,2199.976646165731,4.731132572399422,8.681668930451108,0.00027414783043571854,1.8178738212484042
2130,GCM2 (OMIM:617343),32,2279.0823868130637,4.594924166961822,8.3084943821952,0.0004251209583607234,1.708939576132962
2131,GCM2 (OMIM:618883),18,791.5868351566617,5.173770164422625,8.861171934585213,0.01654098358041256,2.055517934071644
2132,GCNA (OMIM:301077),29,2040.149265022553,5.024998189710722,8.557226359697278,0.000803149581822378,1.8952037196858766
2133,GCNT2 (OMIM:116700),8,84.83457966291641,3.029806416532729,5.496511605869355,0.5854579498923579,1.2277244186036154
2134,GCSH (OMIM:620423),155,61912.24345748146,5.187452321531752,8.722669018440907,0.00029590237751387434,1.4994528848889557
2135,GDAP1 (OMIM:214400),62,9846.884636670184,5.2072367195505995,8.676212141895324,3.3984167063623215e-05,1.6808268485444149
2136,GDAP1 (OMIM:607706),67,11418.600198158052,5.164450564521959,9.330803898741895,0.0006461379115094649,1.8066791637068933
2137,GDAP1 (OMIM:608340),57,8227.465586874187,5.15505362586102,9.16883064934852,0.00031792342844160594,1.8211408803005495
2138,GDAP2 (OMIM:618369),87,19031.09289804835,5.087167307684671,8.769111316362531,0.0006846906295529453,1.4813014418296513
2139,GDF1 (OMIM:208530),75,13755.746210368823,4.95702566139417,8.662337384669035,7.393453312369341e-05,1.4955501313889736
2140,GDF1 (OMIM:613854),43,4779.963202265678,5.293425473162434,8.662337384669035,7.393453312369341e-05,1.5705792997270673
2141,GDF11 (OMIM:619122),93,20175.34637003722,4.716069745216742,8.634319186785733,0.0001414333421396249,1.4635177091579432
2142,GDF2 (OMIM:615506),26,1342.4634990301272,4.130656920092699,8.777129123348114,0.0001276219908651585,1.7394970083916492
2143,GDF3 (OMIM:613702),28,1712.5471169825478,4.530547928525259,7.967361574065257,0.0002414591618119194,1.5405999990629304
2144,GDF3 (OMIM:613704),6,49.15484029084072,3.2769893527227145,5.6791243898200365,0.7609453784098479,1.6313754562220786
2145,GDF5 (OMIM:113100),87,20021.684233747,5.35196050086795,9.20087132506492,0.00011500658009453042,1.9743527075007257
2146,GDF5 (OMIM:200700),76,13234.56787171256,4.643708025162302,8.811720951623414,0.00012033134248499284,1.611524600551495
2147,GDF5 (OMIM:201250),80,15736.440809301705,4.979886332057501,8.763019869535563,0.00012033134248499284,1.5942066425505785
2148,GDF5 (OMIM:228900),62,9363.438328352848,4.951580289980353,8.88700216577546,0.00011500658009453042,1.7777754170275335
2149,GDF5 (OMIM:610017),43,3974.645035836441,4.401600261169923,8.858150080239882,0.09459494695065138,1.5801133146748843
2150,GDF5 (OMIM:615072),40,3739.24832094336,4.793908103773538,8.615775703265403,0.00020062741195619893,1.9383787530119456
2151,GDF5 (OMIM:615298),33,2426.381052486223,4.595418660011786,8.736762608245604,0.0010013330397080193,1.7940022345331768
2152,GDF6 (OMIM:118100),90,19727.366457718766,4.925684508793699,8.656721343267414,0.0002277196686593763,1.501853946363327
2153,GDF6 (OMIM:613094),22,1049.4846629100975,4.543223648961461,7.833121791774402,0.37052266477886464,1.5153172725748327
2154,GDF6 (OMIM:615360),6,56.368828594351555,3.7579219062901035,6.087847707945494,1.4812029161823268,1.3332615840339654
2155,GDF6 (OMIM:617898),30,2023.9815525710605,4.652831155335772,8.511005460569603,0.00021856978104179122,1.644114156860418
2156,GDF9 (OMIM:618014),21,917.8847990209683,4.370879995337944,7.922971865440854,0.0013598250934187413,1.7098890788446905
2157,GDI1 (OMIM:300849),22,1160.7585586449736,5.024928825302916,8.257650096817398,0.0012599449808452711,1.9708063450920155
2158,GDNF (OMIM:613711),15,413.01000791758054,3.9334286468341,5.943324976764741,0.00045353700086269854,1.5103559560801347
2159,GEMIN4 (OMIM:617913),177,76538.05101758023,4.913845083306383,8.806620362959894,0.0001018499913121344,1.4173437141506358
2160,GEMIN5 (OMIM:619333),38,3369.162761320643,4.792550158350843,8.125933031924042,0.07857410588108994,1.416820043757144
2161,GET3 (OMIM:620203),29,2167.3677829343337,5.338344292941708,8.735988432842138,0.0003808195877039723,1.7329262723639214
2162,GET4 (OMIM:620200),90,18852.378795312354,4.707210685471249,8.757193251620862,0.00045198453520349144,1.4835074579201435
2163,GFAP (OMIM:203450),76,14625.208750402755,5.131652193123774,8.818507878301146,6.172365721429735e-05,1.5412318188194205
2164,GFER (OMIM:613076),25,1344.513264103451,4.481710880344837,8.4326610016382,0.3980917516456417,1.5505734688509005
2165,GFI1 (OMIM:607847),18,648.5767507616972,4.239063730468609,8.059550557542567,0.2068602661757259,1.4236514988294195
2166,GFI1 (OMIM:613107),20,876.2975197274409,4.612092209091794,7.4906376951340565,0.00010563534348670766,1.6137352518007455
2167,GFI1B (OMIM:187900),49,6333.2011898078035,5.3853751614011935,8.943046513544678,0.0014855743094601048,1.8306353586952773
2168,GFM1 (OMIM:609060),87,17705.851140272818,4.7329193104177545,8.870272353659333,0.002624245263013067,1.4476798536109812
2169,GFM2 (OMIM:618397),133,42533.846769901735,4.845505442002931,8.856781966691997,0.0005412573883512041,1.4207257089010736
2170,GFPT1 (OMIM:610542),55,7517.952809171002,5.062594484290237,8.546474460933126,0.0001327613358585333,1.6816727694689002
2171,GFRA1 (OMIM:619887),25,1427.5261692954084,4.758420564318028,8.271859111636822,0.00024565072256683745,1.8254404977414933
2172,GGCX (OMIM:277450),84,16697.811539665552,4.789963149645884,8.74104094574143,8.244249002149404e-05,1.716268774219186
2173,GGCX (OMIM:610842),42,4341.661431912166,5.0425800602928765,8.622348497573983,8.244249002149404e-05,1.713261085990284
2174,GGN (OMIM:619826),13,397.76751438967955,5.099583517816405,8.566164424851095,0.000803149581822378,2.4157312877975605
2175,GGPS1 (OMIM:619518),69,12231.062681008822,5.213581705459855,8.819394218459525,0.0003828231525103401,1.6235744052815015
2176,GGT1 (OMIM:231950),72,11827.834467296336,4.627478273590116,8.62047673317005,0.00045198453520349144,1.4890488060618272
2177,GH1 (OMIM:173100),29,1968.8580649399796,4.849404100837388,8.468252517373978,0.00025564093999664455,1.8464965844287626
2178,GH1 (OMIM:262400),40,3442.9922122084668,4.414092579754445,8.596626140841405,0.00019109498643675617,1.4951234760961147
2179,GH1 (OMIM:262650),9,116.34983612304279,3.231939892306744,6.325664721177074,0.7154510495873228,1.3980361334892046
2180,GH1 (OMIM:612781),38,3087.2163633766054,4.391488425855768,8.74649776333662,0.0019071621965142454,1.4982140044909693
2181,GHR (OMIM:262500),44,4282.74328111367,4.527212770733266,8.854290703785097,0.001137044764433523,1.506522931823146
2182,GHR (OMIM:604271),7,52.133325921454876,2.4825393295930893,4.288777321979423,0.37543966712845633,0.9487136390036692
2183,GHRHR (OMIM:618157),25,1377.7364490081716,4.592454830027239,8.420582691598431,0.00025564093999664455,1.8092747104311275
2184,GHSR (OMIM:615925),21,920.0272804164963,4.381082287697601,8.861079529415125,0.37543966712845633,1.6821836892920117
2185,GIGYF2 (OMIM:607688),19,735.1700701886552,4.2992401765418435,7.905040932883378,0.000762189151311748,1.7356249481666046
2186,GIMAP5 (OMIM:619463),66,10309.764504236202,4.806417018291936,9.054023334993094,0.001768497109292706,1.7599310675099689
2187,GINS1 (OMIM:617827),73,12171.694335632876,4.6315427456746106,8.762626770323992,0.0033391355988250447,1.4736419937539225
2188,GIPC1 (OMIM:618940),29,1937.4587637315108,4.772065920520962,8.80743333434839,0.16292433835036668,1.7649870041855353
2189,GIPC3 (OMIM:601869),13,365.95170699861075,4.691688551264241,7.810172152642902,0.3980917516456417,1.682721866129492
2190,GJA1 (OMIM:104100),37,2965.780332239078,4.453123621980597,8.547979499031811,0.0006982854539680614,1.532682466975926
2191,GJA1 (OMIM:164200),189,89012.53856280983,5.010274601081269,8.823006115377563,0.00017189252005425464,1.379087866981345
2192,GJA1 (OMIM:186100),30,2045.5176639971073,4.702339457464615,8.756491294742899,0.00017189252005425464,2.063966436817567
2193,GJA1 (OMIM:218400),90,18333.949284606468,4.5777651147581695,8.977502045683186,0.16855228097880998,1.5286091982385024
2194,GJA1 (OMIM:257850),130,41810.70644564906,4.986369283917599,8.800379706419774,7.104736562826131e-05,1.400011976929098
2195,GJA1 (OMIM:617525),28,1748.8608286423696,4.626615948789338,8.438037544119815,0.0006982854539680614,1.648620754344993
2196,GJA3 (OMIM:601885),7,77.26141459573338,3.6791149807492087,6.401532239623281,0.7609453784098479,1.5288443429360299
2197,GJA5 (OMIM:108770),24,1448.9653147790473,5.249874328909591,8.338118575639834,8.736249828716642e-05,1.9830710576242154
2198,GJA5 (OMIM:614049),17,715.4238441479827,5.260469442264578,8.420880708137576,0.00011614300830541902,1.959357318297055
2199,GJA8 (OMIM:116200),15,521.3544584510207,4.965280556676388,7.953049372102515,0.00017449449899708947,2.1263207219083076
2200,GJB1 (OMIM:302800),124,41748.32461632597,5.474472150055857,9.16883064934852,0.00032006299837430285,1.5936313490161462
2201,GJB2 (OMIM:124500),20,800.6021371997606,4.213695458946108,8.265729172908514,0.0011133398815453648,1.5161341768794416
2202,GJB2 (OMIM:148210),113,30829.71748032739,4.871952825589031,8.971855858298216,0.00034846550864526177,1.5208318524360633
2203,GJB2 (OMIM:148350),18,667.7811702384172,4.364582812015799,8.38254408872888,0.2711921911140702,1.6271345242537771
2204,GJB2 (OMIM:149200),21,985.9892124784758,4.69518672608798,8.405950810502599,0.0006982854539680614,1.721040144208731
2205,GJB2 (OMIM:601544),5,31.6197773772308,3.16197773772308,4.292913998756952,0.8486277359217859,0.9175972989607464
2206,GJB2 (OMIM:602540),59,8008.128508025877,4.680379022808812,8.843804750945433,0.0006982854539680614,1.5603928808873686
2207,GJB3 (OMIM:133200),30,1878.3646923042722,4.318079752423614,8.05479432619218,0.0006540297719483039,1.5649019777408482
2208,GJB3 (OMIM:612644),6,53.511775140302866,3.567451676020191,4.668350980941391,0.007663143125940271,1.3184325820213636
2209,GJB4 (OMIM:617524),28,1539.6001947177208,4.073016388142118,8.339941931234202,0.0006982854539680614,1.5286545631787716
2210,GJB6 (OMIM:129500),78,13567.44545029716,4.517963852912807,8.815561779292091,0.018621012382801783,1.465621429299111
2211,GJB6 (OMIM:612643),5,31.6197773772308,3.16197773772308,4.292913998756952,0.8486277359217859,0.9175972989607464
2212,GJB6 (OMIM:612645),7,85.85335868252362,4.088255175358268,7.810172152642902,0.8486277359217859,1.8202490367019442
2213,GJC2 (OMIM:608804),111,32969.94777314529,5.400482845724045,8.949559852512383,0.00037868868455093207,1.5422822737158508
2214,GJC2 (OMIM:613206),93,22646.379280557438,5.293683796296736,9.05705810300091,0.0010221449047190993,1.5413604326604762
2215,GJC2 (OMIM:613480),15,401.92084709194324,3.8278175913518404,8.514773196647976,0.5789848082407059,1.6387277205734887
2216,GK (OMIM:307030),114,32714.719073346976,5.079136636135224,8.96536640162002,0.0001339273823782835,1.5436998447365446
2217,GLA (OMIM:301500),103,26625.936142501505,5.068710478298402,9.170247499757497,0.0001339273823782835,1.596316571527295
2218,GLB1 (OMIM:230500),133,40669.9830668127,4.633171914651709,9.181781892504443,0.001137044764433523,1.4285763043619872
2219,GLB1 (OMIM:230600),131,42327.006262392766,4.970875662054347,9.136065882335949,0.0001469875513899424,1.494166293076888
2220,GLB1 (OMIM:230650),103,24760.697631213137,4.713629855551711,8.792352869423427,0.0007031720066138041,1.4036636186062963
2221,GLB1 (OMIM:253010),180,78515.31358333403,4.873700408648916,9.059427120748204,0.00015294580467822567,1.4582116694793625
2222,GLDC (OMIM:605899),62,8451.595256663808,4.46937877137166,8.650232593690571,0.00045198453520349144,1.4795006269122823
2223,GLDN (OMIM:617194),68,10483.104757526464,4.601889709186332,8.486507777685192,0.00020062741195619893,1.577961141149161
2224,GLE1 (OMIM:253310),40,3384.92938101796,4.339653052587129,8.215268977893988,0.0007660873712183492,1.5380666572192703
2225,GLE1 (OMIM:611890),161,64713.07349135829,5.024306948086824,9.082718993068996,0.0006217310747805367,1.4572183176396154
2226,GLI1 (OMIM:174400),20,819.0782383299152,4.310938096473238,8.733020996927598,0.037409126933750196,2.080870537265705
2227,GLI1 (OMIM:618123),28,1595.3179519210626,4.220417862225033,7.79284674087338,0.37052266477886464,1.3760421696779994
2228,GLI2 (OMIM:610829),168,73977.49579437188,5.273559723009116,8.753917602654855,5.9439822204979764e-05,1.4276571574317178
2229,GLI2 (OMIM:615849),61,9121.434373104601,4.984390367816722,8.721546242408108,0.00025564093999664455,1.5685140291818287
2230,GLI3 (OMIM:146510),224,133185.78331515362,5.332550581164062,8.971308977805359,0.0001473428281572063,1.4202290344693327
2231,GLI3 (OMIM:174200),66,10427.796286485707,4.8614434902031265,9.33896172219501,0.00017189252005425464,1.7216718503418549
2232,GLI3 (OMIM:174700),25,1381.7702363136048,4.605900787712016,8.567057866167753,0.00017189252005425464,1.8499012282474712
2233,GLI3 (OMIM:175700),174,77465.26015442627,5.14685138226206,9.513752515156963,0.00017189252005425464,1.5102229627477344
2234,GLIS2 (OMIM:611498),15,425.8206814008405,4.055435060960385,7.391084965540923,0.0007165373026079224,1.9479112959907503
2235,GLIS3 (OMIM:610199),135,46183.55568604829,5.105976305809651,9.295482401691658,0.00018764551122922086,1.5736911260085842
2236,GLMN (OMIM:138000),4,11.781899216077337,1.9636498693462228,2.281750493561516,0.7400213448202568,0.5517386282479075
2237,GLRA2 (OMIM:301076),49,5998.745036095073,5.100973670148872,8.908085989829646,0.00014468862235090667,1.7221674332424899
2238,GLRB (OMIM:614619),50,5823.149153907104,4.753591146046616,8.936536429019267,0.22290924193042697,1.5028551644679404
2239,GLRX5 (OMIM:616859),70,11203.462595309988,4.639114946298132,8.221391175686342,0.0036511975220753527,1.3823109823299018
2240,GLRX5 (OMIM:616860),53,7058.109260270875,5.121995109049982,9.002388809109238,8.678962776528191e-05,1.782320670233931
2241,GLS (OMIM:618328),37,3245.22716309069,4.872713458094129,8.898715907818945,0.001362946333419783,1.5946254222623228
2242,GLS (OMIM:618339),53,6336.556098698413,4.598371624599719,8.115013150975653,0.0454015306599506,1.5069043904736406
2243,GLS (OMIM:618412),36,2920.157873734289,4.635171228149665,8.037335961484882,0.0956471500117658,1.5523556596499313
2244,GLUD1 (OMIM:606762),38,3675.0792931746946,5.227708809636835,8.826051737586846,0.0002791634935974599,1.820069172336152
2245,GLUL (OMIM:610015),108,26163.59023062621,4.528139534549362,8.781320396641373,0.0001018499913121344,1.4029175971247028
2246,GLYCTK (OMIM:220120),157,61390.20435260786,5.0130821780669494,8.908085989829646,0.0005412573883512041,1.4265858562884886
2247,GM2A (OMIM:272750),72,12459.269508664613,4.874518587114481,8.040461261429579,0.0008932920893961837,1.4771600398287763
2248,GMNN (OMIM:616835),181,82435.92195412933,5.060523140216656,8.996978643317815,0.001137044764433523,1.4231222573098403
2249,GMPPA (OMIM:615510),113,33631.22294968,5.314668607724399,9.049995785477359,0.0003897771023818096,1.4786759710973452
2250,GMPPB (OMIM:615350),83,16963.46690164411,4.984856568217488,8.771567589291417,0.004239304276640087,1.5277186681151405
2251,GMPPB (OMIM:615351),83,16816.901643851055,4.94178714188982,8.771567589291417,0.0006217310747805367,1.5375118718411427
2252,GMPPB (OMIM:615352),58,7709.499844061197,4.663944249280821,8.911550766086647,0.006897913965728082,1.5840828055671947
2253,GNA11 (OMIM:145981),52,6333.915341535816,4.776708402364869,8.63600938391077,4.601228545832103e-05,1.7060378200485506
2254,GNA11 (OMIM:615361),34,2552.0846147347984,4.549170436247413,8.837819074808019,0.41913384304091256,1.646051636086036
2255,GNAI1 (OMIM:619854),75,13561.358865153856,4.886976167623011,8.908085989829646,0.00022788042459846833,1.5312554237870906
2256,GNAI2 (OMIM:192605),21,1049.5145717231762,4.99768843677703,8.519015242516122,0.0001849738499394851,2.0048605802758463
2257,GNAI3 (OMIM:602483),76,14384.40023826738,5.047157978339432,8.668852768349687,0.0002021111101970747,1.5450242323690297
2258,GNAL (OMIM:615073),21,945.6001852149241,4.502858024832972,7.519121200409962,0.0016567431042427694,1.487124991529829
2259,GNAO1 (OMIM:615473),53,7168.624393835148,5.2021947705625164,8.731490580595633,0.0005412573883512041,1.6097590457782298
2260,GNAO1 (OMIM:617493),93,22187.84660177256,5.186499906912706,8.915644428508728,0.00022026734555797406,1.5275738293285388
2261,GNAQ (OMIM:163000),8,100.85247197852112,3.601873999232897,5.7034910111899055,0.2426988409213211,1.3511158023050893
2262,GNAQ (OMIM:185300),47,4845.457465712649,4.4823843346092955,8.655372530653178,0.1498032293889986,1.541381520195956
2263,GNAS (OMIM:103580),125,36310.477333141775,4.685222881695712,9.194893172765394,0.010016909357913696,1.5162668316584078
2264,GNAS (OMIM:166350),22,923.7020180769186,3.9987100349650158,7.868950846751273,0.0003706939295405285,1.4621228233069734
2265,GNAS (OMIM:174800),85,18216.297347842497,5.102604299115545,9.191537270537578,0.033189391844685445,1.6047481119049953
2266,GNAS (OMIM:219080),82,17086.34193294119,5.144938853640829,8.656982614092273,0.00018869251796236437,1.6123470075216138
2267,GNAS (OMIM:612462),121,35156.62275369032,4.842510021169465,9.194893172765394,0.003213598646000667,1.5386956655563335
2268,GNAS (OMIM:612463),79,13619.525897477004,4.420488769061021,8.676444709847171,0.16855228097880998,1.4220936757607825
2269,GNAT1 (OMIM:610444),6,58.666886225149334,3.911125748343289,6.409676544355442,0.09341807646618362,1.8610426088325938
2270,GNAT1 (OMIM:616389),18,679.9599855895567,4.444182912350044,7.6313117460106845,0.09341807646618362,1.5163708429693605
2271,GNAT2 (OMIM:613856),18,704.6870021805107,4.605797399872619,8.012140382090209,0.00011738054055120839,1.6888866485880714
2272,GNB1 (OMIM:616973),237,155521.32498391301,5.561085782160946,9.11345293491237,2.000000165480742e-10,1.504970263868043
2273,GNB2 (OMIM:619464),24,1524.5842877452867,5.5238561150191545,9.043632319455332,8.736249828716642e-05,2.254978440191404
2274,GNB2 (OMIM:619503),487,664658.4365326029,5.616467974181416,9.201722629352446,5.822618850128371e-05,1.3967919606385277
2275,GNB3 (OMIM:617024),19,864.8231737158582,5.057445460326656,8.75109582991366,0.006242256506702428,1.8872615564069612
2276,GNB4 (OMIM:615185),62,10215.67315917764,5.402259735154755,9.16883064934852,0.00031792342844160594,1.9242151862689778
2277,GNB5 (OMIM:617173),46,4798.162614857329,4.635905908074713,8.207889757111523,0.015026947267907334,1.4351664388314098
2278,GNB5 (OMIM:617182),80,15416.274861049285,4.878567994002938,8.357656401248763,2.000000165480742e-10,1.5349683518793906
2279,GNE (OMIM:269921),131,43007.890286434325,5.050838553897161,8.90663821659856,2.000000165480742e-10,1.507633156303067
2280,GNE (OMIM:605820),29,1935.753068898076,4.767864701719399,9.055320999324032,0.16292433835036668,1.9179015280941993
2281,GNE (OMIM:620757),42,4117.5428879588635,4.782279776955707,8.84130759067763,0.0001276219908651585,1.6906000630633031
2282,GNMT (OMIM:606664),17,552.2815897648292,4.060894042388449,8.825116156796453,0.15492920798274556,1.6919963347598246
2283,GNPAT (OMIM:222765),148,50471.95846450239,4.639819678663577,9.079346567035344,0.0005881457664332432,1.4151674322995593
2284,GNPTAB (OMIM:252500),291,222763.95166804953,5.279392147601601,9.34891150205429,0.0001018499913121344,1.5591021586677811
2285,GNPTAB (OMIM:252600),196,97691.9091199862,5.112083156461863,9.070232398413083,0.00012113826840601775,1.4839237635328515
2286,GNPTG (OMIM:252605),104,24608.537237136705,4.594573793341431,8.91372186812902,0.00012113826840601775,1.4970956330169034
2287,GNRH1 (OMIM:614841),56,8164.889802764421,5.301876495301572,8.769511817107414,0.0002603386054333028,1.6447779756640037
2288,GNS (OMIM:252940),226,127757.55917807852,5.02487941703357,9.126221757608684,0.00015294580467822567,1.4614721195975302
2289,GOLGA2 (OMIM:620240),107,26931.766866206945,4.749033127527234,8.773172054520955,0.0001663034595149971,1.4172358705608725
2290,GON7 (OMIM:619603),93,20091.072901754094,4.696370477268371,8.672132371569123,0.00037868868455093207,1.4047999460694292
2291,GORAB (OMIM:231070),138,44014.88768741785,4.656181919752233,8.814282888046584,0.001137044764433523,1.4788839875682769
2292,GOSR2 (OMIM:614018),57,8328.23048535691,5.2181895271659835,8.867851391218839,0.034298969772904774,1.5986858080913509
2293,GOSR2 (OMIM:620166),106,30028.769003183334,5.396005211713088,8.897082821111768,0.00011853325674116622,1.5239047609938927
2294,GOT2 (OMIM:618721),98,24093.150657261613,5.069040744216624,8.638183450982082,0.0001663034595149971,1.569334413724006
2295,GP1BA (OMIM:153670),62,10159.212467626849,5.3724021510453985,9.106437374212202,0.0010925781096296247,1.7485467466687508
2296,GP1BA (OMIM:177820),9,157.06526762283445,4.362924100634291,7.778637233200341,0.021118882200204435,1.7851852329489852
2297,GP1BA (OMIM:258660),8,100.60409220616467,3.5930032930773095,5.93746031114275,0.0007529943130396789,1.655430166025159
2298,GP6 (OMIM:614201),37,3383.527759155222,5.080372010743577,8.813477539694276,0.021118882200204435,1.7279508406763735
2299,GPAA1 (OMIM:617810),85,18074.486444118913,5.062881356896054,8.908085989829646,0.025418230699425857,1.4828217390909164
2300,GPC4 (OMIM:301026),78,14417.651543895136,4.801082765199845,9.465997890299974,0.011189018161631367,1.5617188279744083
2301,GPC6 (OMIM:258315),131,40192.33373745762,4.720180121838828,8.597332865818704,0.00018067457513492026,1.3816601574445126
2302,GPD1 (OMIM:614480),40,4009.7852992636754,5.140750383671379,8.825116156796453,0.047784109337295634,1.7126194245842017
2303,GPD1L (OMIM:611777),20,1061.4970716732028,5.586826693016857,9.043632319455332,0.0001849738499394851,2.0913618134827074
2304,GPHN (OMIM:615501),71,11920.221754885471,4.796869921483087,8.759835125609316,0.0001018499913121344,1.5533404915032245
2305,GPI (OMIM:613470),58,7753.0894279794775,4.690314233502407,8.669178545741003,0.0009501917529254702,1.4896709219398294
2306,GPIHBP1 (OMIM:615947),74,13257.306393903154,4.908295591967106,8.51955089020232,0.00019612912418796554,1.684800371655323
2307,GPNMB (OMIM:617920),16,563.1843281090803,4.693202734242336,8.434930976218537,1.312119532985013,1.5006862761861661
2308,GPR101 (OMIM:300942),76,13487.917988446525,4.732602802963693,8.844230540186507,0.0002021111101970747,1.534656545507168
2309,GPR101 (OMIM:300943),18,633.3781347988001,4.139726371233988,8.312863672734938,0.033189391844685445,1.8459114762200317
2310,GPR143 (OMIM:300500),36,2915.7331654604222,4.62814788168321,8.484809750490419,0.0789475101283257,1.573279711644733
2311,GPR143 (OMIM:300814),24,1333.5245942668237,4.831610848792839,8.5817842101322,0.150900650815032,1.6836484973228931
2312,GPR156 (OMIM:620551),13,384.9662142384941,4.935464285108899,8.810625430682554,0.3980917516456417,2.003590762969452
2313,GPR179 (OMIM:614565),21,1047.581862832929,4.988485061109185,8.40341664421445,0.00014468862235090667,1.729865860609562
2314,GPR68 (OMIM:617217),20,779.1078357128931,4.100567556383648,7.758403407027391,0.0012508654631617168,1.8565050430495065
2315,GPR88 (OMIM:616939),18,641.3916742019553,4.192102445764414,8.09409310310133,0.13307267511849236,1.4647846557970032
2316,GPRASP2 (OMIM:301018),38,3226.0241471600016,4.588939042901852,8.74832263769285,0.7609453784098479,1.4864368753745647
2317,GPRC5B (OMIM:620447),66,10692.797239441983,4.9849870580149105,8.270459598224548,0.001107639007670092,1.4655381564751477
2318,GPSM2 (OMIM:604213),59,8517.547468570918,4.978110735576223,8.742485678985322,5.9439822204979764e-05,1.6397759243625556
2319,GPT2 (OMIM:616281),89,18387.69284482538,4.695529327074918,8.908085989829646,0.03356323160771202,1.405413406840756
2320,GPX4 (OMIM:250220),129,37858.68277910663,4.585596266849156,8.607235768274458,0.00017796557473134708,1.368862645652959
2321,GRAP (OMIM:618456),7,67.17848022202988,3.198975248668089,4.662535130851787,0.3980917516456417,1.227516412457778
2322,GREB1L (OMIM:617805),27,1644.3568577510086,4.684777372509996,6.9595845149261795,0.0001473428281572063,1.497884962790359
2323,GREB1L (OMIM:619274),13,345.58810094005105,4.430616678718603,7.554360939497258,0.014407477094097808,1.858683694533986
2324,GREM2 (OMIM:617275),19,603.1878492238817,3.527414322946677,5.851748883148228,0.11066115890164985,1.2172822340316811
2325,GRHL2 (OMIM:608641),7,67.17848022202988,3.198975248668089,4.662535130851787,0.3980917516456417,1.227516412457778
2326,GRHL2 (OMIM:616029),75,13416.515838554507,4.834780482361984,9.138993654350442,0.0006982854539680614,1.5389873551495148
2327,GRHL2 (OMIM:618031),11,213.54158568510664,3.882574285183757,7.80852567944143,0.00018580865589602608,1.723305453545534
2328,GRHL3 (OMIM:606713),26,1410.4522427231936,4.339853054532903,7.899644014527421,0.0009189324407240284,1.48963090101073
2329,GRHPR (OMIM:260000),29,1941.5804831538007,4.782217938802465,8.577019279036572,0.2764587257810486,1.7490986962140234
2330,GRIA1 (OMIM:619927),85,16920.025754794475,4.7395030125474715,8.656148970087509,0.00040365502759912876,1.4724080577929175
2331,GRIA1 (OMIM:619931),38,3653.0780064751234,5.196412526991641,8.561740601340013,0.0010976185592787876,1.721059525117067
2332,GRIA2 (OMIM:618917),93,21927.66840791966,5.125682189789542,8.908085989829646,0.0001663034595149971,1.521367324975659
2333,GRIA3 (OMIM:300699),84,17675.00264192509,5.070281882365201,8.526733269908178,0.0005689965370294645,1.5042632535666853
2334,GRIA4 (OMIM:617864),128,41463.09728227019,5.101266890043084,8.941760887040134,0.001107639007670092,1.4304555107799832
2335,GRID2 (OMIM:616204),74,13806.02228491236,5.1114484579460795,8.369548152101572,0.1791986996020799,1.4702407487528524
2336,GRIK2 (OMIM:611092),32,2529.4958114945894,5.099789942529414,8.559925591948033,0.006897913965728082,1.736337022276831
2337,GRIK2 (OMIM:619580),155,63264.89432641721,5.300787124123771,9.11345293491237,0.00037868868455093207,1.4887151987597518
2338,GRIN1 (OMIM:614254),118,36584.412498880396,5.299784513817238,8.655501109890325,0.0003375709275285942,1.4934926672981208
2339,GRIN1 (OMIM:617820),88,18341.61922478381,4.791436579097129,8.915644428508728,0.0005974451415905798,1.4602896880070515
2340,GRIN1 (OMIM:619814),65,9948.856676027917,4.783104171167268,8.860622938536464,0.0001018499913121344,1.5409720556308237
2341,GRIN2A (OMIM:245570),71,13033.910096936595,5.245034244240078,8.908085989829646,0.00040364886229316726,1.5611363360822892
2342,GRIN2B (OMIM:613970),77,13598.823941062157,4.647581661333615,8.908085989829646,0.0022200588947906574,1.5113848818704754
2343,GRIN2B (OMIM:616139),70,12609.798012583595,5.221448452415567,8.915644428508728,0.0001904789742400047,1.6284624246492982
2344,GRIN2D (OMIM:617162),78,14777.324770274256,4.920854069355396,9.013265320832058,0.0005412573883512041,1.5440339941519574
2345,GRIP1 (OMIM:617667),97,21890.945709599095,4.701663597422486,8.354372607531243,0.00010468782252650423,1.3835835429887604
2346,GRK1 (OMIM:613411),9,135.8690043006686,3.7741390083519053,6.562458257553478,0.09341807646618362,1.776513333431763
2347,GRM1 (OMIM:614831),87,20458.02351866058,5.468597572483448,8.836044297437448,2.000000165480742e-10,1.4813912555008268
2348,GRM1 (OMIM:617691),55,7332.041081030985,4.937401401367667,8.552689533309845,0.1470979436354091,1.4631292546428314
2349,GRM6 (OMIM:257270),21,1047.426773463898,4.9877465403042756,8.486933776271572,0.00015500775417016222,1.9017177489216799
2350,GRM7 (OMIM:618922),125,38854.791724212686,5.013521512801637,8.841221118472173,0.0001018499913121344,1.4869481443196668
2351,GRN (OMIM:607485),64,10393.546795148237,5.155529164260038,8.595243471669301,0.00013152737595277557,1.5363563726313874
2352,GRN (OMIM:614706),41,3899.164993498506,4.755079260364032,8.088005355984489,0.000978121968435484,1.463617616770467
2353,GRXCR1 (OMIM:613285),10,171.04182653212058,3.8009294784915686,7.867044916815852,0.0025707430151976655,2.0755858737839117
2354,GRXCR2 (OMIM:615837),13,339.5707918209634,4.353471690012351,7.810172152642902,0.014035786517923171,1.7119088831935694
2355,GSC (OMIM:602471),158,59553.83966061183,4.801567335371429,9.100964310357936,0.002071018648959999,1.4741478660118248
2356,GSDME (OMIM:600994),9,110.19939552136343,3.061094320037873,4.723785436329275,0.0025707430151976655,1.5162221479066724
2357,GSN (OMIM:105120),62,9577.25637242898,5.064651704087244,8.675814621394641,0.0007165373026079224,1.5146309994448144
2358,GSR (OMIM:618660),20,837.896699840893,4.409982630741542,7.268969647615385,0.003512995743305724,1.5730332083840604
2359,GSS (OMIM:231900),23,1069.6125213191567,4.227717475569789,8.619316289903745,0.390265610139474,1.6830057527495739
2360,GSS (OMIM:266130),72,12748.099827332671,4.987519494261608,8.734971781395915,0.0002040016408168527,1.5519636878307974
2361,GSTZ1 (OMIM:617596),5,37.584086749224596,3.7584086749224594,5.86708475630963,1.5815794965532501,1.4953397660800878
2362,GSX2 (OMIM:618646),43,4131.37163293803,4.575162384206013,8.574468905653335,0.0001018499913121344,1.5573892108411023
2363,GTF2E2 (OMIM:616943),87,18707.943781632595,5.000786896988131,9.112851500949079,0.00017449449899708947,1.630215467067412
2364,GTF2H5 (OMIM:616395),128,40003.109548116554,4.921642414876545,8.790698920228277,0.0001657766422300117,1.397899931784054
2365,GTPBP2 (OMIM:617988),149,55997.24961872972,5.078654962699956,8.908085989829646,2.000000165480742e-10,1.449329726997364
2366,GTPBP3 (OMIM:616198),45,4718.297690442797,4.765957263073532,8.865580117766548,0.019538305154274842,1.5486141678031202
2367,GUCA1A (OMIM:602093),26,1453.8307437925978,4.473325365515685,8.361369885950507,0.030896185296058608,1.6791598781284438
2368,GUCA1B (OMIM:613827),13,269.4325376178563,3.45426330279303,6.277352555156919,0.7609453784098479,1.2438575131395813
2369,GUCY1A1 (OMIM:615750),65,10275.946722039549,4.9403590009805525,8.552505221921482,0.003563075713691603,1.6238044828885243
2370,GUCY2C (OMIM:614616),23,1189.9787574844977,4.703473349741097,8.148992031441873,0.0007671796951079812,1.7160019223478524
2371,GUCY2C (OMIM:614665),23,1107.1154245059538,4.375950294489936,7.77737914531771,0.0001530238737765355,1.9968665131249899
2372,GUCY2D (OMIM:204000),78,14723.833837772125,4.903041571019688,8.546329003133296,7.985349342145561e-05,1.5020532180022752
2373,GUCY2D (OMIM:215500),13,321.81716430453724,4.1258610808274,7.169208850037375,2.000000165480742e-10,1.7490395669123837
2374,GUCY2D (OMIM:601777),47,5607.602834469224,5.187421678509921,8.447163633763404,2.000000165480742e-10,1.626502609858866
2375,GUCY2D (OMIM:618555),9,175.31523245648225,4.869867568235618,8.11103846125763,0.0034373272473919594,2.2228981796365503
2376,GUF1 (OMIM:617065),74,13761.890087333994,5.095109251141797,9.060746890807224,0.00011853325674116622,1.5844956719425443
2377,GUSB (OMIM:253220),213,113319.9207269724,5.019041577064948,9.319016492446865,0.0002021111101970747,1.521169574134797
2378,GYG1 (OMIM:613507),38,3297.6682066828307,4.690850934114979,8.564884682381198,0.0001849738499394851,1.6784404128576016
2379,GYG1 (OMIM:616199),44,4875.900467727167,5.154228824235906,9.341146579547122,0.0047290394339655345,1.9865871773635495
2380,GYS1 (OMIM:611556),30,1817.4527497258573,4.178052298220361,8.827092064483484,0.00020110568398922692,1.627624614084409
2381,GYS2 (OMIM:240600),17,644.5878464091354,4.739616517714231,8.094357239421134,0.0001697108093185917,1.8525748139355624
2382,GZF1 (OMIM:617662),70,12274.141629414611,5.082460302035035,9.054649716855387,0.00014468862235090667,1.681338809117268
2383,H1-4 (OMIM:617537),112,29314.122737729598,4.71591421134646,8.885520883428894,0.011607258236768704,1.3810549817349598
2384,H3-3A (OMIM:619720),202,101102.69286431168,4.980182890710393,9.33896172219501,2.000000165480742e-10,1.3940038722725778
2385,H3-3B (OMIM:619721),154,59691.01206768991,5.066718620464299,9.576610568278216,0.000777269837781974,1.5637006180209216
2386,H4C11 (OMIM:619759),82,15995.483265351066,4.816465903448077,8.859556310663885,0.00015294580467822567,1.4338051165319132
2387,H4C3 (OMIM:619758),168,68830.14628596617,4.906625768888378,8.969313948678833,0.00011853325674116622,1.5090852529414196
2388,H4C5 (OMIM:619950),276,202483.98939700253,5.335546492674639,9.072246849774901,0.0001018499913121344,1.4505923287342462
2389,H4C9 (OMIM:619951),194,93661.39085340963,5.003012171006336,8.814653792255434,0.0001213039522527137,1.4172430081712715
2390,H6PD (OMIM:604931),31,2211.8059857549088,4.7565720123761475,8.445862667154104,0.000803149581822378,1.5730787282057432
2391,HAAO (OMIM:617660),114,33573.674595233184,5.2124941150804505,9.062552408228713,0.00026741715183565954,1.6065598810195065
2392,HABP2 (OMIM:616535),7,83.42394165486505,3.972568650231669,6.79237834009239,0.0034659228576150117,1.9054944314731883
2393,HACD1 (OMIM:619967),69,11346.667277532208,4.836601567575536,8.80112056571357,0.0006888527898926093,1.5784793760650113
2394,HACE1 (OMIM:616756),105,28401.85501614352,5.201804948011634,8.810625430682554,0.003303224205639112,1.5634407980070388
2395,HADH (OMIM:231530),55,7780.466301601155,5.239371246869465,8.98070617509259,0.014790337417679274,1.5982590741917573
2396,HADH (OMIM:609975),29,1978.3595409405593,4.872806751085122,8.89849080678128,0.0002791634935974599,1.8848177101416657
2397,HADHA (OMIM:609015),103,27364.867479986475,5.20937892251789,9.209614070713288,0.0004882882588597252,1.522664859839423
2398,HADHA (OMIM:609016),35,2558.177427136209,4.299457860733125,8.34739099324197,0.0004882882588597252,1.427360583395579
2399,HADHB (OMIM:620300),73,13770.825956305769,5.240040318228984,9.073528940927574,0.0010855653860684738,1.7191908388877375
2400,HAGH (OMIM:614033),4,16.230538942797125,2.7050898237995207,4.436270100834934,0.7400213448202568,1.3464454049123014
2401,HAL (OMIM:235800),16,418.915456731866,3.490962139432217,7.29322448560259,0.7400213448202568,1.325368456002177
2402,HAMP (OMIM:613313),55,7217.388105261868,4.860194010277352,9.181781892504443,0.00011361266494711034,1.639550505152514
2403,HARS1 (OMIM:614504),49,5897.157654851304,5.014589842560633,8.560302732564285,0.003026839092450528,1.5954727761644123
2404,HARS1 (OMIM:616625),40,4102.553924531942,5.259684518630696,9.120746959343741,0.00031792342844160594,1.8513111939733404
2405,HARS2 (OMIM:614926),21,1018.3192733700546,4.84913939700026,8.22219496418047,0.00028646054160766263,1.8082183318576839
2406,HAVCR2 (OMIM:618398),60,8477.234911949083,4.789398255338464,8.91369570763765,0.00020121163705395478,1.6191421414624048
2407,HAX1 (OMIM:610738),49,6000.203425114855,5.102213796866374,8.538405287845745,0.19758338043511225,1.563999581644952
2408,HBA1 (OMIM:617973),11,226.33884699129604,4.11525176347811,8.321678963128454,0.0016280014507058837,1.8329328874824429
2409,HBB (OMIM:603902),18,690.2159548700579,4.511215391307568,8.833953798763709,0.11812255668057281,1.8349309489419217
2410,HBB (OMIM:603903),83,16234.21440266041,4.770559624643083,8.825908033597525,0.004579526760532748,1.4491663524089082
2411,HBB (OMIM:613985),8,111.50316422003183,3.982255865001137,8.447204376234158,0.0012573389324259374,2.288988217841272
2412,HBB (OMIM:617971),11,226.33884699129604,4.11525176347811,8.321678963128454,0.0016280014507058837,1.8329328874824429
2413,HBB (OMIM:617980),6,67.75042415884245,4.51669494392283,8.604731182231806,0.011899953646921032,2.380668808743946
2414,HBG2 (OMIM:613977),22,1123.4139404609004,4.863263811519049,9.133679514606659,0.00027414783043571854,1.92967308719672
2415,HCFC1 (OMIM:309541),75,12990.724798581592,4.681342269759132,8.773172054520955,0.00037868868455093207,1.462656940723242
2416,HCK (OMIM:620296),56,6902.460992017496,4.482117527284088,8.876111216469623,0.014566809922073501,1.6094273024334658
2417,HCN1 (OMIM:615871),39,4104.975793945263,5.53977839938632,8.915644428508728,0.025418230699425857,1.871361404559522
2418,HCN1 (OMIM:618482),36,3012.6481853224477,4.781981246543568,8.544670865943266,0.0454015306599506,1.627662764822915
2419,HCN2 (OMIM:602477),14,401.9918122230751,4.417492442011814,7.826797065347226,0.03818176809348242,2.290397553584639
2420,HCN4 (OMIM:163800),50,7332.399443540635,5.985632198808681,9.043632319455332,8.736249828716642e-05,1.8570255575165806
2421,HCN4 (OMIM:613123),14,363.67730897506374,3.9964539447809204,7.367049985366581,0.0001849738499394851,1.7739334863225817
2422,HCN4 (OMIM:619521),22,1059.8227425342948,4.587977240408202,8.492577406218505,0.006897913965728082,1.6355348718600269
2423,HCRT (OMIM:161400),13,342.7615650686758,4.394379039341997,7.904495930201117,2.000000165480742e-10,2.2113669981953357
2424,HDAC4 (OMIM:600430),135,44030.15841176098,4.867900321919401,8.897573821460998,0.0003375709275285942,1.3838660761625592
2425,HDAC4 (OMIM:619797),161,64535.40489534763,5.010512802433822,8.885520883428894,0.0001473428281572063,1.3762653836442384
2426,HDAC6 (OMIM:300863),78,13657.74928062013,4.548035058481561,8.890705948247707,0.00017796557473134708,1.4532214977237161
2427,HDAC8 (OMIM:300882),171,73414.59413670967,5.050883669536269,8.995747773179575,0.0019071621965142454,1.5060740839765656
2428,HDAC9 (OMIM:620457),48,5426.51262121373,4.810738139373874,8.64749541931975,0.09547380747933107,1.5064183045862929
2429,HDC (OMIM:137580),25,1389.800953330004,4.632669844433346,8.26233326696386,0.04582841245223828,1.7295634894493048
2430,HEATR3 (OMIM:620072),166,68631.76206141835,5.01144666384946,9.075970962789722,0.00012113826840601775,1.5394480451382713
2431,HECTD4 (OMIM:620250),149,55320.74044163487,5.01729915124568,8.995747773179575,5.9439822204979764e-05,1.4783672811009991
2432,HECW2 (OMIM:617268),116,33581.73602550373,5.034743032309405,8.681575148541445,0.00015294580467822567,1.4561663978627972
2433,HELLS (OMIM:616911),37,2978.425112817684,4.472109779005531,8.561392742882122,0.08854697781472262,1.4380355519866814
2434,HEPACAM (OMIM:613925),65,9731.415123397663,4.6785649631719535,8.098737624374051,0.003231293569885766,1.3478945306422647
2435,HEPACAM (OMIM:613926),42,3888.247509167486,4.515966909602191,8.174197971277776,0.0037492558792137512,1.4635659788777131
2436,HEPHL1 (OMIM:261990),132,44673.541533017786,5.166960621445499,9.024457785200218,0.0002021111101970747,1.6489795484138121
2437,HERC1 (OMIM:617011),120,34957.40671014036,4.895995337554672,9.037924510461162,9.990668968290492e-05,1.4347671295250524
2438,HERC2 (OMIM:615516),88,19715.621494346553,5.150371341260855,8.645328388092759,0.0005543272741829107,1.546003211506392
2439,HES7 (OMIM:613686),83,16855.476979118648,4.953122826658433,8.944217142325229,2.000000165480742e-10,1.4708454331690235
2440,HESX1 (OMIM:182230),62,8759.501232292096,4.632205834104757,8.721546242408108,0.00025564093999664455,1.5300319653460783
2441,HEXA (OMIM:272800),52,5788.402158246193,4.365310828239965,8.374928385642754,0.21934253219841804,1.3931963104996241
2442,HEXB (OMIM:268800),141,49792.02270936898,5.044784469034345,9.26419003440818,0.0005285453535328031,1.4682071028123007
2443,HFM1 (OMIM:615724),25,1273.802620843838,4.246008736146127,7.161320445864485,0.0031921871577341157,1.4727040152203512
2444,HGD (OMIM:203500),94,21317.130369197384,4.87694586346314,9.113710627470535,0.001052594550388013,1.5255209775340977
2445,HGF (OMIM:608265),8,111.71408265858632,3.989788666378083,7.562010141463631,0.3980917516456417,1.8074678692780834
2446,HGSNAT (OMIM:252930),131,39180.01040110725,4.60129305943714,8.84939032163348,0.0006794167071612963,1.3731475496259682
2447,HGSNAT (OMIM:616544),37,3595.030868582263,5.397944247120515,8.267947591977599,0.00015500775417016222,1.6651121115780745
2448,HHAT (OMIM:600092),119,32941.93386428201,4.691914807617435,9.083108407316695,0.001137044764433523,1.3906582050931
2449,HIBCH (OMIM:250620),95,21276.092501768206,4.765082307226922,8.758319797340576,0.00045198453520349144,1.4818067923706535
2450,HID1 (OMIM:619983),103,26364.2262241637,5.018889439208776,8.964079417231831,0.00025564093999664455,1.4290840132075242
2451,HIKESHI (OMIM:616881),98,23396.02275315061,4.922369609331077,8.531389706511188,0.006829839193248843,1.3921399860122678
2452,HINT1 (OMIM:137200),42,4345.4838824950275,5.047019608008162,9.07858094540996,0.014527955659357088,1.77643210487454
2453,HIVEP2 (OMIM:616977),158,62653.827844442494,5.051505913443723,9.013265320832058,0.0005974451415905798,1.4488124700697749
2454,HJV (OMIM:602390),68,11120.048933262105,4.881496458850792,9.181781892504443,0.000334057395126325,1.5750009210648523
2455,HK1 (OMIM:235700),42,4353.532479884032,5.056367572455322,9.10780402719919,0.00027414783043571854,1.716793408742085
2456,HK1 (OMIM:605285),71,12508.417145094358,5.033568267643605,9.16883064934852,0.0006461379115094649,1.702005360111277
2457,HK1 (OMIM:617460),36,2958.5761960563023,4.696152692152861,8.447163633763404,0.00015500775417016222,1.5841854080570534
2458,HK1 (OMIM:618547),166,68569.16021188784,5.006875517479944,9.013265320832058,0.0005974451415905798,1.4350782370094992
2459,HKDC1 (OMIM:619614),16,552.604344797383,4.605036206644858,7.633543119457563,0.0004882882588597252,1.7246518229844747
2460,HLA-B (OMIM:106300),48,5265.194710574028,4.667725807246479,9.015857750596073,0.00012113826840601775,1.5932688417562053
2461,HLA-C (OMIM:177900),19,690.9597949400136,4.040700555204758,8.524413931973937,0.1963550609497507,1.6239396474529304
2462,HLA-DRB1 (OMIM:181000),154,62668.450208438524,5.3194508283200514,9.414855718305407,0.0010593010615682853,1.6237014990877199
2463,HLCS (OMIM:253270),69,11950.186665324525,5.093856208578229,8.904032694045698,0.0011777486855865352,1.6627904338455213
2464,HMBS (OMIM:176000),82,17207.447613616372,5.181405484377107,8.882181404693897,0.0001339273823782835,1.540986460176593
2465,HMBS (OMIM:620704),115,32498.831112589844,4.957868972172363,8.871048181542156,0.0011901076561597205,1.5135671230306846
2466,HMBS (OMIM:620711),63,10190.255505246896,5.217744754350689,8.527781053738916,0.001107639007670092,1.5836169182485769
2467,HMGA2 (OMIM:618908),25,1367.7395986717825,4.559131995572608,8.191514555043518,0.00015304849304319395,1.634019598868363
2468,HMGB3 (OMIM:300915),74,13265.02430627029,4.911153019722432,8.74832263769285,0.00017449449899708947,1.5550730820911067
2469,HMGCL (OMIM:246450),120,36601.77962573607,5.126299667470038,8.920777156318604,0.00016212543135581012,1.5726946861033329
2470,HMGCR (OMIM:620375),69,12458.46920464409,5.310515432499613,9.201838164682155,0.00776217953784919,1.6962566638163639
2471,HMGCS2 (OMIM:605911),51,7022.621365895053,5.507938326192198,9.051382881482878,0.0011777486855865352,1.7914012607556955
2472,HMOX1 (OMIM:614034),77,14446.120067398911,4.937156550717331,9.006143275766876,0.0014682314073178862,1.6692803077086753
2473,HMX1 (OMIM:612109),102,28286.30828708697,5.491420750744898,8.792919961093482,2.000000165480742e-10,1.5611220797048255
2474,HNF1A (OMIM:142330),22,938.29244195705,4.061872043104112,7.373283257848173,0.15218236216917064,1.3877508720722547
2475,HNF1A (OMIM:600496),10,182.68972045653686,4.059771565700819,7.436277632187154,0.7400213448202568,1.5504616791582777
2476,HNF1A (OMIM:612520),7,72.78827446042958,3.466108307639504,5.679613542349614,0.7400213448202568,1.1883055894446735
2477,HNF1B (OMIM:137920),109,31384.80751762012,5.3321113689466735,8.848900574908985,6.377830462530904e-05,1.5150104052647257
2478,HNF4A (OMIM:125850),12,265.883893606213,4.028543842518379,8.683283345347688,0.7400213448202568,1.6444059414345076
2479,HNF4A (OMIM:616026),62,9554.236338005112,5.052478232683824,8.825116156796453,4.6205325448638656e-05,1.5721399579456066
2480,HNMT (OMIM:616739),33,2261.8344588797927,4.283777384242032,8.232308486184055,0.0012599449808452711,1.5120495084808616
2481,HNRNPA1 (OMIM:610099),55,6962.507522389356,4.688557254134246,8.878424543526258,0.00025006395324224406,1.7737721356313538
2482,HNRNPA1 (OMIM:615424),40,4178.023320913982,5.356440155017926,9.49088577588546,0.00776217953784919,1.8745681268550687
2483,HNRNPA1 (OMIM:615426),22,1057.5499926583173,4.578138496356352,8.267356162014341,0.0029392195486610383,1.7007196415530452
2484,HNRNPA2B1 (OMIM:615422),37,2992.4262233937156,4.493132467558132,8.410217008535321,0.032029339691504094,1.6483154517286636
2485,HNRNPA2B1 (OMIM:620460),59,8014.496714652076,4.684100943689115,9.066535084087104,0.034298969772904774,1.5600329127427972
2486,HNRNPC (OMIM:620688),90,20279.601869216785,5.063571003549759,8.964079417231831,0.0002046419419841836,1.5893440633888904
2487,HNRNPDL (OMIM:609115),53,6662.0255199047615,4.834561335199392,8.910516496845053,0.046809713844374976,1.744362193496186
2488,HNRNPH1 (OMIM:620083),213,116172.27799014351,5.145375054927076,8.684926192303884,0.00022366396974664592,1.410746364653644
2489,HNRNPH2 (OMIM:300986),170,72544.68909233224,5.050100180461694,9.013265320832058,0.00015294580467822567,1.417358538128027
2490,HNRNPK (OMIM:616580),224,131462.86333239573,5.263567558151655,8.920555108316114,0.0001473428281572063,1.4147849886883785
2491,HNRNPR (OMIM:620073),209,111268.19309284956,5.119074028931245,9.721497917613123,0.00017796557473134708,1.4951466274702587
2492,HNRNPU (OMIM:617391),54,7106.865074488744,4.966362735491784,8.915644428508728,0.03818176809348242,1.7052880469073524
2493,HOGA1 (OMIM:613616),11,203.8874663355585,3.7070448424647005,6.504792203534826,0.36055313953333146,1.592772636741614
2494,HOMER2 (OMIM:616707),7,67.17848022202988,3.198975248668089,4.662535130851787,0.3980917516456417,1.227516412457778
2495,HOXA1 (OMIM:601536),40,3880.6350966107816,4.975173200783053,8.908375702652632,0.0001538606393905965,1.7022593221840687
2496,HOXA11 (OMIM:605432),80,16086.922872153862,5.09079837726388,8.940998850108699,0.014566809922073501,1.7454327345069467
2497,HOXA13 (OMIM:140000),129,41983.8547799371,5.085253728190056,8.512656468301795,0.00016616905487054265,1.6045199433381876
2498,HOXA13 (OMIM:176305),40,3559.13773408968,4.56299709498677,8.086212060322328,0.06954052325292323,1.6855737929634964
2499,HOXA2 (OMIM:612290),29,2037.62753693561,5.0187870367872165,8.250632090091834,0.004069281664496383,1.6627106598643564
2500,HOXB1 (OMIM:614744),84,16986.90329152459,4.872892510477508,8.789597491799528,0.0006217310747805367,1.4594931179205934
2501,HOXC13 (OMIM:614931),53,6576.67339089774,4.772622199490377,9.451389495834906,0.000609477969479842,1.5725609701894954
2502,HOXD10 (OMIM:192950),20,714.5229777527957,3.7606472513305036,7.377747257928152,0.0007631624041484902,1.9910632272339481
2503,HOXD13 (OMIM:113200),28,1353.5186233969494,3.5807370989337284,8.516334740945744,0.06954052325292323,1.6341492372323354
2504,HOXD13 (OMIM:113300),44,3934.5220330077254,4.15911419979675,8.265305371045107,0.00023318814708324207,1.5874097378029217
2505,HOXD13 (OMIM:186000),73,13819.099449459354,5.258409227343742,8.474164953389653,0.00017189252005425464,1.705507378598766
2506,HOXD13 (OMIM:186300),62,9320.886595374708,4.929078051493764,8.235229454872488,0.00017189252005425464,1.5632845231073487
2507,HOXD13 (OMIM:610713),22,977.6857410306276,4.232405805327392,7.490545676663069,0.5999878647423209,1.4726316773966197
2508,HPCA (OMIM:224500),37,2938.356611246671,4.41194686373374,7.8678489030056165,0.0878155377573282,1.3160063607043189
2509,HPD (OMIM:140350),52,5595.752022676614,4.220024149831533,8.619316289903745,0.006897913965728082,1.4030913881825622
2510,HPD (OMIM:276710),27,1570.6873033493393,4.47489260213487,8.487037851062736,0.0012599449808452711,1.7095473699125088
2511,HPDL (OMIM:619026),132,43517.65415802071,5.0332702010202075,8.810982838527247,0.0006461379115094649,1.4886235521970448
2512,HPDL (OMIM:619027),47,5812.571452974442,5.377031871391713,8.543512968774039,0.0010221449047190993,1.6183845444160039
2513,HPGD (OMIM:119900),6,51.41301428028929,3.4275342853526194,7.064995609442601,1.37722059021972,1.62845876632187
2514,HPGD (OMIM:259100),96,20940.869194546118,4.592295875996956,8.770061824175034,0.2711921911140702,1.4086117547508747
2515,HPRT1 (OMIM:300322),98,23167.090842218888,4.874203838043107,8.707931244436029,0.00037868868455093207,1.4362515187734066
2516,HPRT1 (OMIM:300323),30,1838.0228196984308,4.225339815398692,8.344014901653528,0.003867971210611443,1.6680729776605603
2517,HPS1 (OMIM:203300),107,27914.53818111867,4.9223308377920425,9.17761509528869,0.0011071255630869296,1.5758039113758224
2518,HPS3 (OMIM:614072),50,6084.629146133357,4.967044200925189,8.819405312839843,0.0001276219908651585,1.6571321690225629
2519,HPS4 (OMIM:614073),62,8993.8336318408,4.756125664643469,8.949866959185153,0.10425156032034069,1.5755099058634543
2520,HPS5 (OMIM:614074),63,9886.474522309396,5.062198936154324,8.949866959185153,0.021118882200204435,1.5916880082679044
2521,HPS6 (OMIM:614075),126,40524.64081349617,5.145986135047132,9.17761509528869,2.854372589682972e-05,1.5197590379546182
2522,HPSE2 (OMIM:236730),41,3951.935957379721,4.819434094365514,8.552763278981276,0.0001473428281572063,1.5285359691844855
2523,HR (OMIM:203655),15,377.33908002866383,3.593705524082513,6.860810567271029,0.6400582255495566,1.279368806973727
2524,HR (OMIM:209500),9,99.10348882711585,2.7528746896421072,4.490098704889935,0.8062828653583465,0.8870138320588207
2525,HRAS (OMIM:218040),240,148631.67841929646,5.182415565526376,9.114301019568448,2.000000165480742e-10,1.4297220862674898
2526,HRG (OMIM:613116),9,168.36487680465478,4.676802133462633,8.737878796413765,0.01472061401307408,2.0153836488610954
2527,HS2ST1 (OMIM:619194),222,123779.52837259936,5.045841114206488,8.770477618249148,0.00015294580467822567,1.3783637715439665
2528,HS3ST6 (OMIM:619367),40,3320.6660305560217,4.2572641417384895,8.423426295025552,0.00016212543135581012,1.465097133670232
2529,HS6ST1 (OMIM:614880),63,8756.717547928798,4.4837263430254986,8.493101860558808,0.0013598250934187413,1.4268241587874668
2530,HS6ST2 (OMIM:301025),90,20266.627644511496,5.060331496756928,8.693716861368696,0.00014468862235090667,1.527199767795771
2531,HSCB (OMIM:619523),29,2042.2224608363426,5.030104583340745,8.69062619923364,0.0012573389324259374,1.7222962350368385
2532,HSD11B1 (OMIM:614662),26,1552.4117305192478,4.776651478520763,8.798166976516942,0.000994346441968499,1.6707975147494416
2533,HSD11B2 (OMIM:218030),37,3388.8701730504445,5.088393653228896,8.899455483627488,0.004611210091315286,1.7288580973249457
2534,HSD17B10 (OMIM:300438),92,20413.59782076916,4.876635886471371,8.676638353011707,0.00037868868455093207,1.441387126225586
2535,HSD17B3 (OMIM:264300),19,805.5288193841816,4.710694850199892,8.970873122988424,0.000803149581822378,1.8834732324318153
2536,HSD17B4 (OMIM:233400),102,25892.17392336519,5.026630542295708,8.879229495516284,0.0011901076561597205,1.489115821687112
2537,HSD17B4 (OMIM:261515),201,104612.91042142277,5.204622409026008,9.26419003440818,0.0001469875513899424,1.5202698297967419
2538,HSD3B2 (OMIM:201810),52,7430.249295032829,5.603506255680866,8.630624646183817,0.00029814871705161885,1.7058772568750893
2539,HSD3B7 (OMIM:607765),70,12343.595307778152,5.111219589142092,9.051382881482878,8.678962776528191e-05,1.6696904634150427
2540,HSF2BP (OMIM:619245),15,512.5839457063622,4.881751863870116,7.298576418887027,0.00011361266494711034,2.1416378499152002
2541,HSF4 (OMIM:116800),13,337.67631638098203,4.329183543345923,6.82142954326177,0.0007355739535413994,2.211290924572804
2542,HSPA9 (OMIM:182170),11,219.98485274836867,3.999724595424885,7.419653458710194,0.8718661163375967,1.6940589867897524
2543,HSPA9 (OMIM:616854),133,41174.48892810561,4.690645810902895,8.720472677351378,0.00045198453520349144,1.3746148955025925
2544,HSPB1 (OMIM:606595),64,10291.267010392998,5.104795144044146,9.154810894918834,0.0004212711331304956,1.825323507411129
2545,HSPB1 (OMIM:608634),36,2893.037129850634,4.592122428334339,8.826529716738346,0.19767337578743027,1.6750533274582482
2546,HSPB3 (OMIM:613376),47,5868.357779644912,5.428638094028596,8.827063057975742,0.0005340748793716729,2.029069731556101
2547,HSPB8 (OMIM:158590),27,1524.4961556687185,4.34329389079407,8.826529716738346,0.19767337578743027,1.815519421365231
2548,HSPB8 (OMIM:608673),45,4863.317173164792,4.912441589055345,8.802038284270553,0.0016170091368482085,1.6417873770254934
2549,HSPD1 (OMIM:605280),43,4907.450571112752,5.434607498463734,8.81248646573978,0.0010221449047190993,1.7843416491463049
2550,HSPD1 (OMIM:612233),94,21927.229463029398,5.016524699846579,8.8608466583155,0.00037868868455093207,1.6064845789453939
2551,HSPG2 (OMIM:224410),97,22007.190280037405,4.726630214784666,8.603413637717448,0.0007660873712183492,1.4357568662864606
2552,HSPG2 (OMIM:255800),212,116160.35075078963,5.193613106983351,9.316353006420346,0.00017449449899708947,1.4636000661978275
2553,HTR1A (OMIM:614674),16,563.3401111072308,4.69450092589359,8.582832637597186,0.34401566703979003,1.9561958207980905
2554,HTRA1 (OMIM:600142),107,29750.05263112559,5.245997642589594,9.041145467920366,6.172365721429735e-05,1.4849193738192368
2555,HTRA1 (OMIM:610149),9,106.57820098955177,2.960505583043105,5.237276650688817,0.4045212281205054,1.1594049069490238
2556,HTRA1 (OMIM:616779),38,3182.051860377418,4.526389559569584,8.217892201269454,0.002602641188336864,1.50693584949105
2557,HTRA2 (OMIM:610297),17,530.0150735050206,3.8971696581251516,7.898708228779289,0.000762189151311748,1.5407029639152976
2558,HTRA2 (OMIM:617248),126,38849.921715208475,4.933323392407425,8.860622938536464,0.01234268101192586,1.4122948199245453
2559,HTT (OMIM:143100),46,4974.353530221541,4.8061386765425524,8.540165841457004,0.22140590507770008,1.55827061006683
2560,HTT (OMIM:617435),114,32059.92084776146,4.977475678894808,8.589059996216044,0.0012599449808452711,1.4782237054020761
2561,HUWE1 (OMIM:309590),223,126324.77799946672,5.103412838826272,8.939945598133225,2.000000165480742e-10,1.3591654385403094
2562,HYAL1 (OMIM:601492),80,15171.254887590938,4.801030027718651,8.96221961101416,0.00010915393797618887,1.62811522891815
2563,HYCC1 (OMIM:610532),92,22479.519304566435,5.37016705794707,8.759147678424787,0.0006461379115094649,1.5366585097908776
2564,HYDIN (OMIM:608647),61,9159.304326645284,5.005084331500155,8.949630983132362,0.00022214785473814938,1.675903184851603
2565,HYLS1 (OMIM:236680),176,76551.75436640391,4.970893140675579,8.961887627121376,7.393453312369341e-05,1.3730739677241828
2566,HYOU1 (OMIM:233600),130,39550.52951590251,4.71681926248092,9.051382881482878,4.9346129758286674e-05,1.4168110792941575
2567,IARS1 (OMIM:617093),114,34203.47045382653,5.310273319954437,9.107138567489411,8.678962776528191e-05,1.449898171987293
2568,IARS2 (OMIM:616007),222,125744.83249447125,5.1259562388190965,8.978222050126146,0.00025658964035981595,1.4933022682486174
2569,IBA57 (OMIM:615330),136,44310.9340842371,4.82689913771646,8.929141437209049,0.00016194096168394945,1.4205474027614229
2570,IBA57 (OMIM:616451),40,3988.530797811279,5.113501022834973,8.280212784627986,0.0010221449047190993,1.5977484907950354
2571,ICOS (OMIM:607594),101,24975.98305306113,4.9457392184279465,8.773515523575165,2.000000165480742e-10,1.4778356282060556
2572,IDH2 (OMIM:613657),29,1616.7720152688637,3.982197081943014,7.773059747571338,0.7400213448202568,1.2548415901728425
2573,IDH3A (OMIM:619007),35,2834.8555293501145,4.764463074538008,7.981024797845407,0.00015500775417016222,1.5933281770012764
2574,IDH3B (OMIM:612572),31,2244.4173125496395,4.8267038979562145,7.521570966006209,7.985349342145561e-05,1.407715563413506
2575,IDS (OMIM:309900),174,77032.95885247241,5.1181289517289486,9.319016492446865,0.00020730474885900254,1.6062237401187838
2576,IDUA (OMIM:607014),199,100090.3660906661,5.080471351234257,9.11149730171631,0.00012113826840601775,1.5270615789684856
2577,IDUA (OMIM:607015),133,43526.81578813816,4.95862563091116,8.815612739398857,0.00012113826840601775,1.5122330526372987
2578,IDUA (OMIM:607016),77,14667.821838635235,5.012926123935487,8.82678898532505,0.00012113826840601775,1.6298603361324033
2579,IER3IP1 (OMIM:614231),162,64993.576777208276,4.983787805935762,8.913812370413915,0.0001535021262857191,1.4312636408293908
2580,IFIH1 (OMIM:182250),166,67583.05159088678,4.934870506819042,9.061791703611439,0.0001637792901265095,1.482286587271202
2581,IFIH1 (OMIM:615846),202,106380.299580529,5.240150710828481,9.116483739735825,0.00040364886229316726,1.4900307463888363
2582,IFIH1 (OMIM:619773),50,6174.622997520664,5.040508569404624,8.67433948071499,0.08854697781472262,1.5657821705361863
2583,IFITM5 (OMIM:610967),79,14034.57317141867,4.555200639863249,8.649824644575803,0.00021010067671648576,1.5226251113283005
2584,IFNAR1 (OMIM:619935),4,12.822087499995611,2.137014583332602,2.978525906558277,1.616481115612072,0.43927246535795966
2585,IFNAR2 (OMIM:616669),4,12.822087499995611,2.137014583332602,2.978525906558277,1.616481115612072,0.43927246535795966
2586,IFNG (OMIM:618963),54,7193.73158431139,5.0270660966536616,8.800988740677084,0.021118882200204435,1.6587579170273121
2587,IFNGR1 (OMIM:209950),98,24206.11882069235,5.092808504248338,9.467413679530473,0.021118882200204435,1.6103637882985515
2588,IFNGR1 (OMIM:600263),6,58.31911465803753,3.887940977202502,6.1755380719371615,0.003197814647592309,1.8784944867633748
2589,IFNGR1 (OMIM:615978),20,889.5623524589736,4.681907118205124,9.08498539014938,0.00010132141952076684,1.9532221857521637
2590,IFNGR2 (OMIM:614889),8,102.08197741286197,3.6457849076022133,7.808875727299948,1.2158204556229038,1.6864898042952297
2591,IFT122 (OMIM:218330),219,120002.31114225212,5.027117051746978,9.230584411598281,0.00020730474885900254,1.4580331372598117
2592,IFT140 (OMIM:266920),300,233396.89948657996,5.203944247192418,9.439357582883366,8.907799783192584e-05,1.4565108827540487
2593,IFT140 (OMIM:617781),44,4150.572467055221,4.387497322468521,8.437531608118437,0.00015500775417016222,1.5623397859005386
2594,IFT172 (OMIM:615630),131,41894.491485249266,4.920081207897741,8.911443205137207,0.003858363741813922,1.4768189779765934
2595,IFT172 (OMIM:616394),28,1688.0953617209946,4.465860745293637,8.07938086423198,0.21130554535635543,1.5492661778676253
2596,IFT172 (OMIM:619471),119,36619.2884912234,5.215679887654665,9.04217568431547,0.00026707772230500043,1.5667278929086432
2597,IFT27 (OMIM:615996),130,42249.117669394516,5.038654462658857,9.062552408228713,0.0001473428281572063,1.5027881660144062
2598,IFT43 (OMIM:614099),118,33448.67618339401,4.845527478399828,8.677659759457496,0.00020730474885900254,1.454585859975728
2599,IFT43 (OMIM:617866),110,28505.463773373715,4.754873023081521,9.135263719803156,0.00036094220643242167,1.494256921836669
2600,IFT43 (OMIM:617871),25,1380.1356270535,4.600452090178333,7.981024797845407,0.00015500775417016222,1.568747101166864
2601,IFT52 (OMIM:617102),124,34602.40642210107,4.537425442184772,8.964340052193833,0.0010465776658136754,1.4017896802338263
2602,IFT56 (OMIM:619534),297,237557.47461759974,5.4044379519883465,9.576610568278216,8.678962776528191e-05,1.4936883378851458
2603,IFT57 (OMIM:617927),90,18762.71448971743,4.684822594186624,8.898838037454722,0.0008028321926913085,1.435574842433278
2604,IFT74 (OMIM:617119),63,8774.892468953818,4.493032498184238,8.76720483172997,0.0010425010607765092,1.4564996842802427
2605,IFT74 (OMIM:619582),47,4776.315644112399,4.418423352555411,8.487552410607094,0.37052266477886464,1.4737568073938527
2606,IFT74 (OMIM:619585),21,1138.0322298166711,5.419201094365101,8.566164424851095,0.0002298947821411958,2.0600385604184344
2607,IFT80 (OMIM:611263),42,3485.479794569966,4.04817630031355,7.957308183823216,0.2888939173268052,1.618790054252331
2608,IFT81 (OMIM:617895),103,26034.407564998615,4.956102715590827,8.693161811336358,0.00015304849304319395,1.465972268704334
2609,IGBP1 (OMIM:300472),136,43838.53834782116,4.775439907170061,8.785301476097155,0.00036767347151116914,1.4115543485562736
2610,IGF1 (OMIM:608747),84,16691.913684651772,4.788271280737743,9.04929725687833,0.030182697791721932,1.6412222006788262
2611,IGF1R (OMIM:270450),177,77045.15888218793,4.946402085399841,8.897573821460998,0.00016194096168394945,1.4430869597467144
2612,IGF2 (OMIM:180860),134,44184.296145793225,4.9583992981475955,8.492517035042317,0.0005096776994238028,1.4726272169097954
2613,IGF2 (OMIM:616489),107,27128.883084812755,4.7837917624427355,8.699462459514875,0.00015304849304319395,1.4324631558111138
2614,IGFALS (OMIM:615961),14,381.4390991982629,4.191638452728164,8.382326063528522,0.0025599970762296576,1.7376752845243886
2615,IGFBP7 (OMIM:614224),25,1276.242043806776,4.254140146022587,8.060117650698466,0.0015853397159306436,1.5782919523276875
2616,IGHMBP2 (OMIM:604320),119,37728.79405402913,5.373706602197569,9.111341357425495,0.0058028102445735145,1.5732219166303758
2617,IGHMBP2 (OMIM:616155),51,6310.637775867952,4.949519824210158,9.16883064934852,0.09459494695065138,1.7984140923734522
2618,IGLL1 (OMIM:613500),48,5481.2437959649205,4.859258684366064,8.36885124927148,0.00010563534348670766,1.646942808352322
2619,IGSF1 (OMIM:300888),21,944.4236467026432,4.497255460488777,8.825567041161253,0.0002948377606142202,1.6897156142646852
2620,IGSF3 (OMIM:149700),47,4509.60242261307,4.171695118050944,8.50832177732286,0.00039473045797108687,1.386250726876517
2621,IHH (OMIM:607778),134,45416.39757158102,5.0966667682169255,9.145185847839263,0.00015304849304319395,1.5793390833226486
2622,IKBKB (OMIM:615592),43,4706.885226831289,5.212497482648161,8.921844382409917,0.0002066025159796314,1.7240467068334207
2623,IKBKB (OMIM:618204),62,9264.640770606984,4.899334093393434,8.419236891242159,0.00027445280492934096,1.507377440022393
2624,IKBKG (OMIM:300291),57,7828.863948059426,4.905303225601144,8.787136486965029,2.000000165480742e-10,1.7285679479801563
2625,IKBKG (OMIM:300636),32,2367.0881749242844,4.772355191379606,8.518276309385039,0.0009189324407240284,1.6539431596075174
2626,IKBKG (OMIM:301081),78,14616.091316022777,4.86716327539886,8.861601073253984,0.00010563534348670766,1.4690928882298755
2627,IKBKG (OMIM:308300),150,57685.23285274016,5.161989517023728,9.083491925521733,0.0005002321842626233,1.5189182345816643
2628,IKZF1 (OMIM:616873),42,4312.67660968217,5.008915922975808,9.00106593667079,0.00010563534348670766,1.5647680682114824
2629,IKZF3 (OMIM:619437),47,5036.265508777111,4.658895012744783,8.676727695595732,0.00010563534348670766,1.5792822004353386
2630,IKZF5 (OMIM:619130),16,647.8284239474227,5.398570199561856,8.723482424524033,0.021118882200204435,1.932914828710375
2631,IL10RA (OMIM:613148),55,7045.774454322354,4.744629262169935,8.338676957937297,0.0008770502047779283,1.518418243181885
2632,IL10RB (OMIM:612567),52,6426.568245361281,4.8465823871502876,8.977094861575234,0.0030598302601334447,1.617877063363394
2633,IL11RA (OMIM:614188),123,39186.56247510326,5.2227858823275035,8.855625929658318,2.000000165480742e-10,1.5405315331272362
2634,IL12B (OMIM:614890),5,33.40132264619153,3.340132264619153,5.771733377289554,1.616481115612072,1.540563129358239
2635,IL12RB1 (OMIM:614891),8,102.08197741286197,3.6457849076022133,7.808875727299948,1.2158204556229038,1.6864898042952297
2636,IL17F (OMIM:613956),12,253.59568643551287,3.8423588853865587,6.507098717272718,0.20058492775948517,1.4474741646621985
2637,IL17RA (OMIM:613953),68,11345.679522092763,4.980544127345374,8.467433522292827,0.00021193106148507528,1.5278094303717666
2638,IL17RC (OMIM:616445),26,1447.344355873319,4.453367248840982,7.989934417061964,4.9346129758286674e-05,1.712413580790283
2639,IL17RD (OMIM:615267),33,2274.574548261452,4.307906341404265,8.954332178368341,0.5304118126481896,1.6044506561065284
2640,IL18BP (OMIM:618549),65,10257.730162337746,4.931601039585455,9.054023334993094,0.0001339273823782835,1.7355311155521764
2641,IL1R1 (OMIM:259680),25,1349.183211195024,4.49727737065008,9.407255775602524,0.5789848082407059,1.7640492482604462
2642,IL1RAPL1 (OMIM:300143),79,14579.419274550173,4.732041309493727,8.847466797806248,0.0005689965370294645,1.454790503296023
2643,IL1RN (OMIM:612852),110,28330.101669150223,4.725621629549662,9.407255775602524,0.0012541389199276578,1.5001252368859785
2644,IL21 (OMIM:615767),78,14009.37946630747,4.665128027408414,9.212302466567023,0.0025846524501621755,1.5312689216225916
2645,IL21R (OMIM:615207),81,16303.475465696745,5.031936872128625,8.921844382409917,0.0002546460770470858,1.5500949527836911
2646,IL2RA (OMIM:601942),7,60.21934416404853,2.8675878173356444,4.422074264280644,0.7400213448202568,0.941018898151228
2647,IL2RA (OMIM:606367),134,47830.98609686185,5.367633946455151,9.036329147722782,0.00010563534348670766,1.5866439900552767
2648,IL2RB (OMIM:618495),88,19624.733900267584,5.126628500592368,8.95777241722601,0.0010168815694995411,1.5879299227351082
2649,IL2RG (OMIM:300400),72,14165.678097961521,5.542127581362098,9.165041663593563,2.000000165480742e-10,1.8025251911184716
2650,IL2RG (OMIM:312863),56,8032.485768337523,5.21589984956982,8.895638177471003,0.002051045305987158,1.5919976248150658
2651,IL31RA (OMIM:613955),9,163.05677589854935,4.5293548860708155,8.193173549805845,0.7400213448202568,1.7418704775353284
2652,IL36RN (OMIM:614204),69,11383.587152869612,4.852338939842119,9.083491925521733,0.0007325559063462348,1.6068874929904062
2653,IL37 (OMIM:619398),39,3486.607083917589,4.705272717837502,8.869673012608292,0.0002931452936995604,1.7168727381404683
2654,IL6 (OMIM:148000),18,586.3174928469211,3.8321404761236675,8.253847400387015,0.7400213448202568,1.3406252323580117
2655,IL6R (OMIM:618944),67,10475.632444493403,4.737961304610313,8.490614515113757,0.011062529308141045,1.480059914692025
2656,IL6ST (OMIM:618523),117,33038.10063682675,4.868567733101496,8.55683472048025,0.00020730474885900254,1.4391256656221958
2657,IL6ST (OMIM:619750),127,39020.34352620695,4.876933324110355,9.084652968046429,0.0024505065415623057,1.5328993986324158
2658,IL6ST (OMIM:619751),69,11443.331616218016,4.877805463008532,9.036003677898725,0.021118882200204435,1.5060708044699118
2659,IL6ST (OMIM:619752),102,27485.732790507056,5.3359993769184735,8.691224003348754,0.0002066025159796314,1.5015325872404839
2660,IL7 (OMIM:618309),30,2025.8038049623615,4.657020241292785,8.449344975482624,0.00010349237996709834,1.7753148318764647
2661,IL7R (OMIM:608971),70,12431.018677971848,5.147419742431407,8.883787300514818,0.0008770502047779283,1.636729732944004
2662,ILDR1 (OMIM:609646),7,67.17848022202988,3.198975248668089,4.662535130851787,0.3980917516456417,1.227516412457778
2663,IMPA1 (OMIM:617323),18,630.96630419585,4.123962772521895,7.7773460542005095,0.0008523336844331948,1.6412691255081766
2664,IMPDH1 (OMIM:180105),39,3688.188946370906,4.977313018044407,7.981024797845407,0.00015500775417016222,1.4693761208211547
2665,IMPDH1 (OMIM:613837),9,158.45936691068718,4.401649080852422,7.4132564327543475,1.4812029161823268,1.5428652202462203
2666,IMPG1 (OMIM:153870),17,526.9086640298632,3.8743284119842882,7.966147779029837,0.0008360327275604761,1.745568154526345
2667,IMPG1 (OMIM:616151),20,868.1613824677412,4.569270434040743,8.402671525243482,0.0020275983220429715,1.7898757632486288
2668,IMPG2 (OMIM:613581),36,3290.3588917475668,5.222791891662804,8.5305959647489,0.00015500775417016222,1.5737995249614884
2669,IMPG2 (OMIM:616152),19,776.1851773748963,4.539094604531557,7.485295527311886,0.0017252892329913654,1.7179756759990763
2670,INAVA (OMIM:618077),18,627.3461550716502,4.100301667134969,7.537809695618292,0.0002931452936995604,1.6714469370654501
2671,INF2 (OMIM:613237),29,1884.6887453705044,4.642090505838681,8.15920527809197,0.0007165373026079224,1.6265604883559028
2672,INF2 (OMIM:614455),97,23209.159031453542,4.984785015346551,9.072852201496532,0.00031792342844160594,1.6133415011791108
2673,INPP5E (OMIM:213300),174,79358.77419323966,5.272657909324275,8.985832664434763,0.00012534649357512256,1.5303876399319172
2674,INPP5E (OMIM:610156),54,6883.2350213467635,4.810087366419821,8.827394941773361,0.0011342589495837805,1.4082893740724765
2675,INPP5K (OMIM:617404),78,14282.460328021052,4.756064045295056,8.771567589291417,0.0006888527898926093,1.5030837183077306
2676,INPPL1 (OMIM:258480),152,54116.10384580148,4.715589390536901,8.883549068916752,0.00015304849304319395,1.430781310281336
2677,INS (OMIM:125852),7,72.78827446042958,3.466108307639504,5.679613542349614,0.7400213448202568,1.1883055894446735
2678,INS (OMIM:613370),17,653.0142311470461,4.801575229022397,8.333077556355958,0.7400213448202568,1.6821577289827265
2679,INS (OMIM:616214),10,167.37237895548708,3.719386199010824,6.504815175208777,0.7400213448202568,1.4047586491546842
2680,INS (OMIM:618858),22,1142.2663044846995,4.944875776990041,9.084475720469625,0.7400213448202568,1.7124797773119937
2681,INSL3 (OMIM:219050),16,500.1052870014046,4.1675440583450385,7.140224130272178,0.000609477969479842,1.490155632448753
2682,INSR (OMIM:246200),168,70381.02879427778,5.01718197849143,9.107138567489411,8.678962776528191e-05,1.4370196542014275
2683,INSR (OMIM:262190),84,18041.636820904605,5.175455198194092,8.93189439498259,0.0001697108093185917,1.5617661059127932
2684,INSR (OMIM:609968),15,519.7596181493641,4.950091601422515,8.478540425595417,0.0002791634935974599,2.2409305904150165
2685,INTS1 (OMIM:618571),139,46885.090483159795,4.888446510599499,8.784829557891944,0.0001018499913121344,1.410906305106655
2686,INTS11 (OMIM:620428),124,37776.72057824035,4.9536743480514485,9.083815276243154,0.0001018499913121344,1.3705138838955333
2687,INTS8 (OMIM:618572),81,15685.343845093263,4.841155507744834,8.586285302832323,0.0002095667367135034,1.4865066576185841
2688,INTU (OMIM:617925),155,59055.025243619406,4.948054063143645,8.825900426131785,7.393453312369341e-05,1.36240704535723
2689,INTU (OMIM:617926),131,41728.06275162782,4.900535848693813,9.671646010455351,0.0006353231604271463,1.403619349677626
2690,INVS (OMIM:602088),63,10592.33862808529,5.423624489547,8.578338774121404,0.00034954821993255067,1.7411984528066116
2691,IPO8 (OMIM:619472),340,311414.8234319282,5.403692927848832,9.148994019498556,0.00011167496831292306,1.4619814540483493
2692,IQCB1 (OMIM:609254),20,855.0268548972847,4.500141341564656,7.6903807337765,0.0007165373026079224,1.7702534669609347
2693,IQCE (OMIM:617642),42,3640.499073581543,4.228221920536055,7.758255251386055,0.00017189252005425464,1.6979793036893962
2694,IQCN (OMIM:620170),16,611.1624914907212,5.093020762422677,8.566164424851095,0.00016497883746718805,2.2584913447566777
2695,IQSEC1 (OMIM:618687),69,11265.632357111288,4.802059828265681,8.369548152101572,0.001107639007670092,1.4640168388066976
2696,IQSEC2 (OMIM:309530),50,6331.589991902234,5.168644891348762,8.908085989829646,0.0454015306599506,1.5504751844548104
2697,IRAK4 (OMIM:607676),55,7231.125373478455,4.869444695945088,8.895638177471003,0.018008880733653032,1.5746728966751848
2698,IREB2 (OMIM:618451),83,17438.806333610064,5.124539034266842,8.899284965990233,0.00011853325674116622,1.5635557735025343
2699,IRF1 (OMIM:620668),117,35250.077516319005,5.194529548529179,9.218329734759083,0.0002066025159796314,1.5511371097754039
2700,IRF2BP2 (OMIM:617765),53,6714.311958772335,4.872505049907355,8.586974485647893,0.011062529308141045,1.5112046305593252
2701,IRF2BPL (OMIM:618088),89,19590.71958290087,5.002737380720345,8.448230027457507,0.00037868868455093207,1.4297218002151098
2702,IRF3 (OMIM:616532),22,1080.3239502494364,4.676727057356867,8.228722031252213,0.00209953458614878,1.675707376623107
2703,IRF6 (OMIM:119300),24,1147.429384042349,4.157352840733148,7.529365065227255,0.0009189324407240284,1.3912421844868195
2704,IRF6 (OMIM:119500),93,20221.773959951504,4.726922384280389,8.40304663065416,0.00017189252005425464,1.4251142944540098
2705,IRF6 (OMIM:608864),14,360.9091259069894,3.966034350626257,7.529365065227255,0.1698472034295444,1.4998083695738031
2706,IRF7 (OMIM:616345),7,84.52643328324965,4.025068251583316,7.7744467058067155,1.616481115612072,1.6251375434458493
2707,IRF8 (OMIM:226990),91,19895.01476756185,4.858367464606069,9.035128863344775,0.021118882200204435,1.542533253794253
2708,IRF8 (OMIM:614893),20,833.2446828668357,4.385498330878082,8.775850934153645,0.37791841667030907,1.9009725356128477
2709,IRF9 (OMIM:618648),29,1659.587527377545,4.087654008319077,8.553337817323015,9.033604054157647e-05,1.544137821965728
2710,IRGM (OMIM:612278),14,312.5977636124688,3.435140259477679,7.425799281159062,0.5789848082407059,1.3129772087961273
2711,IRS4 (OMIM:301035),16,559.2648186225822,4.660540155188185,8.825567041161253,0.0005394891279131654,1.9064522269478315
2712,IRX5 (OMIM:611174),184,85603.87530785425,5.084573254208497,8.843456652150403,7.393453312369341e-05,1.5155904986727209
2713,ISCA1 (OMIM:617613),72,11792.195797804337,4.613535132161322,8.585121287077502,0.0004882882588597252,1.4300304445111949
2714,ISCA2 (OMIM:616370),59,7859.055853188046,4.593252982576298,8.415106929375918,0.00011853325674116622,1.4145591444575658
2715,ISCU (OMIM:255125),76,14941.68722465448,5.24269727180859,9.134198325523768,0.019538305154274842,1.6589817249562449
2716,ISG15 (OMIM:616126),34,2238.0748346906353,3.9894382080046973,8.124627341251735,0.41913384304091256,1.4018671700946501
2717,ITCH (OMIM:613385),180,83885.25790855993,5.207030286068276,9.196475162957853,4.395661259112839e-05,1.6175601076982562
2718,ITGA2B (OMIM:187800),25,1544.3547383400194,5.147849127800065,8.67296601140445,0.0016755542924666625,1.9315660286269816
2719,ITGA2B (OMIM:273800),60,8504.343777365428,4.8047139985115415,8.813477539694276,0.01848610160495383,1.622649841528934
2720,ITGA3 (OMIM:614748),115,31072.474951547254,4.740270778268078,8.88093672970703,0.001052594550388013,1.4939487296580016
2721,ITGA6 (OMIM:619817),34,2783.55978909848,4.961782155255758,8.661476831100023,0.0002918709674295516,1.6242199858168889
2722,ITGA7 (OMIM:613204),43,4410.598504154263,4.8843837255307445,8.771567589291417,0.0006888527898926093,1.6329421061577458
2723,ITGA8 (OMIM:191830),72,12582.75679330409,4.922831296284855,8.578227410277275,0.00024565072256683745,1.5419844661980564
2724,ITGB2 (OMIM:116920),69,11045.953536873867,4.708420092444103,9.306608858764946,0.20058492775948517,1.5115971062267393
2725,ITGB3 (OMIM:619267),37,3421.816853476038,5.137863143357414,8.813477539694276,0.0010925781096296247,1.8237768577924998
2726,ITGB3 (OMIM:619271),24,1490.658236850018,5.400935640760935,8.884040562930203,0.01848610160495383,1.8634537492205507
2727,ITGB4 (OMIM:619816),33,2589.2686711563038,4.90391793779603,9.009600944699374,0.0003047761521861186,1.7161750958784587
2728,ITGB6 (OMIM:616221),21,883.7030842552857,4.20810992502517,7.759406341721574,0.0012508654631617168,1.876048597536646
2729,ITK (OMIM:613011),102,27150.486957322093,5.270915736230265,9.095939324091816,0.0004317326973326853,1.681689396325241
2730,ITM2B (OMIM:117300),43,4493.567281694397,4.976264985265113,8.75671432716525,0.000147720855623706,1.619356286359167
2731,ITM2B (OMIM:176500),24,1172.9674035141406,4.249881896790365,7.997808169711265,0.7400213448202568,1.573337695169922
2732,ITM2B (OMIM:616079),25,1384.1040334303675,4.613680111434558,8.279140059415415,0.0017252892329913654,1.5688558138872866
2733,ITPA (OMIM:613850),5,15.678544693651848,1.5678544693651848,2.2885961983972973,0.7400213448202568,0.4285796239747627
2734,ITPA (OMIM:616647),71,11481.970614702775,4.620511313763692,8.493309872380948,0.006829839193248843,1.3446532596896588
2735,ITPR1 (OMIM:117360),290,242413.10928523674,5.784825421435073,9.016656293364266,0.00020806692665887916,1.444809434981159
2736,ITPR1 (OMIM:206700),179,84928.14692099713,5.330999116251154,9.214679967371058,0.0002046419419841836,1.4871031797400285
2737,ITPR1 (OMIM:606658),69,13212.095877917478,5.631754423664739,8.529286393192296,0.0011901076561597205,1.6099943153900136
2738,ITPR2 (OMIM:106190),9,132.18440816884268,3.6717891158011855,8.011071510266474,0.7400213448202568,1.6398443484720615
2739,ITPR3 (OMIM:620111),51,6355.605769363559,4.984788838716518,9.120746959343741,0.00031792342844160594,1.760257539186707
2740,IVD (OMIM:243500),64,9920.761095581958,4.921012448205336,8.806273364010607,0.0011777486855865352,1.62251416825757
2741,IVNS1ABP (OMIM:618969),118,34058.6999414469,4.933898296602478,8.806550803571705,6.554329757816842e-05,1.5501991253326293
2742,IYD (OMIM:274800),14,381.31957810671395,4.190325034139714,8.634924396245863,1.042040545875447,1.7044683015950357
2743,JAG1 (OMIM:118450),251,164909.18926260518,5.256069777294189,8.999779452998293,2.000000165480742e-10,1.4472640934021654
2744,JAG1 (OMIM:617992),36,3027.600661807626,4.805715336202581,8.333900989852644,0.0022556494578952714,1.6293619257944065
2745,JAG1 (OMIM:619574),91,22685.218939798113,5.539736004834704,9.200206902925197,0.0003894704351713138,1.7779991862611582
2746,JAG2 (OMIM:619566),116,33844.88637783914,5.0741958587464975,9.190194003662649,0.0001935303784154868,1.6691906335227047
2747,JAGN1 (OMIM:616022),39,3372.051074954007,4.55067621451283,8.642907658923765,0.12871499364286615,1.4360956629504626
2748,JAK1 (OMIM:618999),82,16442.95970265957,4.951207378096829,8.894744762872842,0.0005855973977686624,1.53286620709068
2749,JAK2 (OMIM:263300),45,5394.769919535144,5.449262544984994,9.096217986355155,0.00010890756155596845,1.7096866467744052
2750,JAK2 (OMIM:614521),15,422.951334682642,4.028107949358495,7.669119298796886,0.021118882200204435,1.7149361659553766
2751,JAK3 (OMIM:600802),76,14157.003996556141,4.967369823353032,8.921844382409917,0.000955190167537979,1.649542794000868
2752,JAM2 (OMIM:618824),70,11962.566664019487,4.9534437532171784,8.623299541320058,0.00022026734555797406,1.5441055025492132
2753,JAM3 (OMIM:613730),84,16165.589877443166,4.637289121469641,8.836353193599482,0.0064513841775438955,1.3118501649417045
2754,JARID2 (OMIM:620098),153,58080.734251091744,4.994903186368399,8.822869115005792,0.00018869251796236437,1.4886826617752245
2755,JPH2 (OMIM:613873),27,1804.094749707054,5.139871081786478,8.681806102527053,0.09405951567937798,1.708703476632554
2756,JPH2 (OMIM:619492),12,297.6688856324777,4.510134630795117,8.317966821721301,0.6858069643877314,1.748005084789212
2757,JPH3 (OMIM:606438),61,8870.642825066003,4.847345806046996,8.344952929853223,0.0005652606836304163,1.4280269642087338
2758,JUP (OMIM:601214),76,15994.994623755896,5.612278815352946,9.215339144184146,0.00011614300830541902,1.7270401108078424
2759,JUP (OMIM:611528),35,2884.769606862268,4.848352280440786,8.546878833286307,0.00011614300830541902,1.7078439254388802
2760,KANK1 (OMIM:612900),36,2664.6852899899523,4.229659190460242,8.179742654545493,0.009198308701206151,1.5234770555330388
2761,KANK2 (OMIM:616099),39,3092.0064105216807,4.172748192336951,8.386256253006598,0.0006982854539680614,1.3892826404158576
2762,KANK2 (OMIM:617783),27,1490.2944045283834,4.245853004354369,8.15920527809197,0.001234361232186321,1.637605274706217
2763,KANSL1 (OMIM:610443),252,159408.83771306032,5.040436277526728,8.855298653967663,0.0001473428281572063,1.3404057062763557
2764,KARS1 (OMIM:613641),47,4973.425534885103,4.600763677044498,9.072852201496532,0.4429276318197629,1.5297233187792068
2765,KARS1 (OMIM:613916),7,94.06941631341559,4.4794960149245515,7.7854192337093595,0.40064467055004493,2.011341584424409
2766,KARS1 (OMIM:619147),124,38525.26450626376,5.051831170504034,8.857626177452019,8.400973837208595e-05,1.5909631585404596
2767,KARS1 (OMIM:619196),54,7264.062426041826,5.076214134201137,8.692973518574192,0.001488733334007875,1.6072438832052676
2768,KASH5 (OMIM:620547),13,360.0192848341918,4.615631856848613,7.339821052931584,0.000803149581822378,2.2062082622839783
2769,KASH5 (OMIM:620548),22,1048.9376353446146,4.540855564262401,7.384240201660467,0.00011361266494711034,1.7008736069792971
2770,KAT5 (OMIM:619103),152,58211.9786819197,5.072497270993352,8.623739175971867,5.9439822204979764e-05,1.4175167987882924
2771,KAT6A (OMIM:616268),313,263501.876377405,5.396532243331798,9.149769115534742,0.0001473428281572063,1.4692038283230346
2772,KAT6B (OMIM:603736),108,26982.904875261775,4.669938538466905,8.72778131173998,0.0012599449808452711,1.3900616147382225
2773,KAT6B (OMIM:606170),217,121221.96994773208,5.172468422415603,8.8443149909399,0.0001473428281572063,1.4206662333258286
2774,KAT8 (OMIM:618974),125,37742.86662120348,4.870047305961739,8.676051886080515,0.0002486465088485564,1.463891656877552
2775,KATNB1 (OMIM:616212),113,30390.193377654014,4.80249579292889,8.652003262806895,5.9439822204979764e-05,1.3980366184542672
2776,KATNIP (OMIM:616784),93,20429.327874510072,4.775438960848544,8.63968389363702,0.0019071621965142454,1.4081178435313777
2777,KBTBD13 (OMIM:609273),45,4962.328402361476,5.012452931678259,8.957638019335564,0.0007644814594371429,1.770617330210264
2778,KCNA1 (OMIM:160120),48,5769.599520367236,5.114893191814926,8.643495129790248,0.4552679148615858,1.613099373918878
2779,KCNA2 (OMIM:616366),37,3727.853599370182,5.597377776832105,8.915644428508728,0.0010909508302272115,1.7170711744919063
2780,KCNA4 (OMIM:618284),76,13683.261336683981,4.801144328661046,8.232308486184055,0.0004634687819836333,1.4131116218938595
2781,KCNA5 (OMIM:612240),21,1046.4285971030688,4.982993319538423,7.669999070063557,8.736249828716642e-05,2.171606868483585
2782,KCNB1 (OMIM:616056),45,5206.351721493751,5.25894113282197,8.731490580595633,0.0003375709275285942,1.8157252849804684
2783,KCNC1 (OMIM:616187),30,2138.223232414477,4.915455706699947,8.540667695729933,0.025418230699425857,1.642553076632342
2784,KCNC2 (OMIM:619913),101,27368.54794802674,5.419514445153809,8.915644428508728,0.0001018499913121344,1.5549322353334067
2785,KCNC3 (OMIM:605259),65,10829.369866329747,5.20642782035084,8.631089911625867,0.0006846906295529453,1.4935481582829147
2786,KCND3 (OMIM:607346),58,8582.368773705224,5.191995628375817,8.420019087714145,0.0004634687819836333,1.5540500771791939
2787,KCND3 (OMIM:616399),12,316.4939022538238,4.795362155360967,7.8222909432400005,0.015450558513193418,1.954765505061424
2788,KCNE1 (OMIM:612347),21,1208.7561297432192,5.7559815702058055,9.043632319455332,0.0012014342983137538,2.095297872085152
2789,KCNE1 (OMIM:613695),20,1105.0270440255558,5.81593181066082,9.043632319455332,0.0001928074247934363,2.447058271113278
2790,KCNE2 (OMIM:611493),12,251.96878808171877,3.8177089103290722,6.382061075013768,8.736249828716642e-05,1.7890155502364933
2791,KCNE2 (OMIM:613693),17,771.0471906493101,5.66946463712728,9.043632319455332,0.0001928074247934363,2.358239921335025
2792,KCNE3 (OMIM:613119),11,270.72983892437617,4.922360707715931,8.23878459319913,0.0001928074247934363,2.0142179441082106
2793,KCNH1 (OMIM:135500),195,96847.72051311811,5.120154401962364,8.959837814839425,2.000000165480742e-10,1.428788991329582
2794,KCNH1 (OMIM:611816),103,26827.415671699655,5.107065614258453,9.551436040685545,0.00015294580467822567,1.6721262522747988
2795,KCNH2 (OMIM:609620),18,837.6898834635927,5.475097277539821,9.043632319455332,8.736249828716642e-05,2.20339670336629
2796,KCNH5 (OMIM:620537),86,18494.7540642364,5.0601242309812315,8.915644428508728,2.000000165480742e-10,1.6267624983612292
2797,KCNJ1 (OMIM:241200),133,48173.82631909184,5.488018491580296,9.285264362714903,8.369844453416479e-05,1.6733749398950233
2798,KCNJ10 (OMIM:612780),104,30238.915457875002,5.645801989894511,9.042595039340005,0.0002603912870453802,1.639939637300589
2799,KCNJ11 (OMIM:601820),22,1088.530813303042,4.712254603043472,8.904273742841035,0.0002791634935974599,1.6446872169728253
2800,KCNJ11 (OMIM:610582),18,668.4401620073171,4.368889947760242,9.200181277181976,0.016869058301451946,1.9869632409299787
2801,KCNJ11 (OMIM:616329),21,891.0616458272184,4.243150694415326,9.055006045847085,0.7400213448202568,1.729633920339354
2802,KCNJ11 (OMIM:618856),59,8453.147862452734,4.940472158067056,8.930018172013893,0.0005412573883512041,1.5377358452954157
2803,KCNJ13 (OMIM:193230),21,1033.1869715520313,4.919937959771578,8.144213704004095,0.0003797032882271751,1.7047917443681069
2804,KCNJ13 (OMIM:614186),29,1930.913463589432,4.755944491599586,8.279140059415415,0.7609453784098479,1.5009512058519638
2805,KCNJ16 (OMIM:619406),27,1720.6817474001555,4.902227200570244,8.697904738989719,0.3980917516456417,1.8254430891471018
2806,KCNJ18 (OMIM:613239),40,3825.0585937935075,4.90392127409424,9.037534052348205,0.03534568788695938,1.636850344496551
2807,KCNJ2 (OMIM:170390),189,90373.81096148626,5.086896935803572,8.946449443783065,8.379238037743352e-05,1.516591109535874
2808,KCNJ2 (OMIM:609622),23,1436.6347633489781,5.678398274106633,8.84530535884908,8.736249828716642e-05,2.0352182903198166
2809,KCNJ2 (OMIM:613980),16,584.1352633000344,4.867793860833619,8.533454444257114,8.736249828716642e-05,2.2068478915981578
2810,KCNJ5 (OMIM:613485),30,2551.2384952789994,5.864916081101148,8.805908677359295,0.00034347443942953396,1.9348077107840813
2811,KCNJ5 (OMIM:613677),44,4962.524027069919,5.245797068784269,8.789508889508996,0.0005831481310837044,1.8351480011874775
2812,KCNJ6 (OMIM:614098),121,35652.77303681841,4.9108502805535,8.940243106964795,0.0012287831758608515,1.583240386242511
2813,KCNK18 (OMIM:613656),7,71.59870428372467,3.409462108748794,6.34405577257926,0.000256167438774069,2.052677098216807
2814,KCNK3 (OMIM:615344),26,1651.7504232366705,5.082308994574371,8.52349885932078,0.0001849738499394851,1.7103020436800307
2815,KCNK4 (OMIM:618381),136,45231.93205357693,4.927225713897269,9.011846527805647,0.00015294580467822567,1.5059708141866746
2816,KCNK9 (OMIM:612292),78,13844.34390058416,4.610171129065654,8.39473820513517,0.009931296854663717,1.5177794637913071
2817,KCNMA1 (OMIM:609446),32,2543.1749644990477,5.127368880038403,8.365253180722364,0.0012423163241799917,1.6549038964335252
2818,KCNMA1 (OMIM:617643),34,2685.6257032670082,4.787211592276307,8.422574080037789,0.025418230699425857,1.5130651846567915
2819,KCNMA1 (OMIM:618596),46,4764.204191436505,4.6030958371367205,8.16838380965354,0.006699130768736519,1.4847869265347329
2820,KCNMA1 (OMIM:618729),99,23864.44520712886,4.9194898386165455,8.50416673456362,0.00015294580467822567,1.371504329511507
2821,KCNN2 (OMIM:619724),44,5243.180732818737,5.5424743475885165,8.35103951007192,0.00033296623504988637,1.616575889343908
2822,KCNN2 (OMIM:619725),91,21278.112301258978,5.196120220087662,8.908085989829646,0.00018869251796236437,1.5144035247387817
2823,KCNN3 (OMIM:618658),111,29945.968835388332,4.905154600391209,9.328097606399007,0.008327923912668261,1.5838514479532142
2824,KCNN4 (OMIM:616689),44,5091.521644883032,5.382158186979949,9.133679514606659,0.00027414783043571854,1.8902981584837535
2825,KCNQ1 (OMIM:192500),20,1095.5043703474864,5.765812475513086,9.043632319455332,0.0001928074247934363,2.1772316760651793
2826,KCNQ1 (OMIM:220400),21,1208.6426769326217,5.755441318726771,9.043632319455332,0.0005587370084376136,2.117469047085078
2827,KCNQ1 (OMIM:607554),23,1433.2923929766762,5.665187324018483,9.043632319455332,8.736249828716642e-05,2.2194664220017257
2828,KCNQ1 (OMIM:609621),19,986.8352860966738,5.770966585360665,9.043632319455332,0.0001928074247934363,2.1663242768600894
2829,KCNQ2 (OMIM:121200),17,737.4293265809639,5.422274460154147,8.940368808362734,0.0956471500117658,2.049008308856779
2830,KCNQ2 (OMIM:613720),44,4572.89100957029,4.833922843097558,8.915644428508728,0.001362946333419783,1.645124497680963
2831,KCNQ3 (OMIM:121201),13,370.07120562330226,4.744502636196183,8.908085989829646,0.30589941421662925,1.9259425554872784
2832,KCNQ4 (OMIM:600101),6,52.95890816113514,3.5305938774090095,4.985368300333607,0.7495904549263447,1.339645846478651
2833,KCNQ5 (OMIM:617601),46,5133.046807643084,4.959465514630999,8.972086557956118,0.044856542552034036,1.6717860831521083
2834,KCNT1 (OMIM:614959),88,20087.124817279393,5.247420276196289,8.793847019796285,0.00011853325674116622,1.570415134964523
2835,KCNT1 (OMIM:615005),24,1255.9297589210278,4.5504701410182165,8.074780578985616,0.00018869251796236437,1.7378229493785518
2836,KCNT2 (OMIM:617771),49,5893.702247141269,5.011651570698358,8.793847019796285,0.00011853325674116622,1.7532646904116365
2837,KCNU1 (OMIM:620196),21,1150.5179284266487,5.478656802031661,8.566164424851095,0.00028805987474338717,2.082646428359825
2838,KCNV2 (OMIM:610356),39,3705.6271734430647,5.000846387912368,8.720601790602114,0.19604394948175022,1.6258141115176905
2839,KCTD1 (OMIM:181270),184,87074.32589697622,5.171912918565943,9.491867297508175,0.00017189252005425464,1.508099235003975
2840,KCTD17 (OMIM:616398),43,4152.251715379349,4.5982853990911945,8.367556918106924,0.0878155377573282,1.3679845596789675
2841,KCTD7 (OMIM:611726),75,13186.78951610739,4.751996222020681,8.902999549424495,0.025418230699425857,1.4377398109003459
2842,KDELR2 (OMIM:619131),69,11023.386625899837,4.698800778303426,8.59253522669961,0.0013767302025706244,1.5291087701022634
2843,KDF1 (OMIM:617337),69,11942.925043294108,5.090760888019654,9.451389495834906,0.00027445280492934096,1.6532660227479468
2844,KDM1A (OMIM:616728),153,59396.724420380706,5.108077435533256,8.90105953761761,0.00026741715183565954,1.5305955741252268
2845,KDM3B (OMIM:618846),136,46507.51734088209,5.066178359573213,9.054718534695786,0.00015294580467822567,1.412747810595764
2846,KDM4B (OMIM:619320),153,57969.7162210012,4.985355712160406,8.930348435071414,0.0001046308894784056,1.489557255586993
2847,KDM5B (OMIM:618109),161,64114.60477253659,4.977841985445387,8.885520883428894,5.9439822204979764e-05,1.426997141437732
2848,KDM5C (OMIM:300534),228,132872.4881847094,5.134573312648172,8.836793142824723,0.0010221449047190993,1.466355549062639
2849,KDM6A (OMIM:300867),167,67818.61578847645,4.892765008908192,8.98796525665059,0.00022366396974664592,1.4405524557272738
2850,KDM6B (OMIM:618505),138,46484.692167655696,4.917453947705035,8.647620823140187,0.00015294580467822567,1.4128162685431667
2851,KDSR (OMIM:617526),29,1774.0276979807577,4.3695263497063,8.24858177845666,0.001862257631737183,1.5484384853941404
2852,KERA (OMIM:217300),21,979.3839060885564,4.663732886135983,8.334923628671941,4.189843108750679e-05,1.6099594224858527
2853,KHDC3L (OMIM:614293),4,16.578402006652844,2.763067001108807,4.702760397565918,1.521667660495458,1.0992842861391015
2854,KHK (OMIM:229800),9,127.02582838066434,3.5284952327962316,7.599597789882728,0.7400213448202568,1.5636504589559388
2855,KIAA0586 (OMIM:616490),44,4319.348906520383,4.5659079350109755,8.787962743662746,0.01804202834354887,1.5179688455968947
2856,KIAA0586 (OMIM:616546),147,52624.62976786395,4.903981899903453,8.93344611933811,0.00030206516417093,1.411978793176197
2857,KIAA0753 (OMIM:617127),61,8806.591965089803,4.812345336114647,8.544798212082938,0.0001473428281572063,1.4611307669789704
2858,KIAA0753 (OMIM:619476),68,10911.497513236443,4.7899462305691145,8.851470752605593,0.001672950119627768,1.5754926223350347
2859,KIAA0753 (OMIM:619479),136,44218.07878997067,4.8167841819140165,9.282945678138425,0.0010465776658136754,1.402264601065582
2860,KIAA0825 (OMIM:618498),30,1600.0604487845303,3.678299882263288,6.905439576602517,0.0013316035819396198,1.5772287712825481
2861,KIAA1549 (OMIM:618613),39,3603.5624233156013,4.8631071839616755,8.437531608118437,0.00015500775417016222,1.590066811597461
2862,KIDINS220 (OMIM:617296),114,33609.53840341345,5.218062164790164,8.897573821460998,5.9439822204979764e-05,1.5081453774219515
2863,KIDINS220 (OMIM:619501),57,6930.982022897728,4.3427205657253936,8.142468047976722,0.00045198453520349144,1.4847252358962668
2864,KIF11 (OMIM:152950),107,28163.145560605426,4.966169204832556,8.74832263769285,0.00017449449899708947,1.5121712626705879
2865,KIF12 (OMIM:619662),59,8816.907652954093,5.153072853859785,8.875055534834347,7.554577520314774e-05,1.6563046149015141
2866,KIF14 (OMIM:616258),105,25713.28074252004,4.7093920773846225,8.437620180176486,0.00024565072256683745,1.4329621872029112
2867,KIF14 (OMIM:617914),112,31935.554344033117,5.13763744273377,8.826016010440581,0.00024565072256683745,1.4441400492953098
2868,KIF15 (OMIM:619981),66,9869.687245709021,4.601252795202341,8.384427580742686,0.00015294580467822567,1.422511368353395
2869,KIF1A (OMIM:610357),58,8832.46915945509,5.3432965271960615,8.919810257700947,0.0010221449047190993,1.6323549188496225
2870,KIF1A (OMIM:614213),52,6470.94347358687,4.880047868466719,8.826529716738346,0.0021463902431097556,1.696339017455495
2871,KIF1A (OMIM:614255),95,22287.017320438732,4.991493240859739,8.789156748701284,0.0454015306599506,1.4379238878526135
2872,KIF1B (OMIM:118210),64,10313.46739237009,5.115807238278815,9.072852201496532,0.00031792342844160594,1.6648603707408467
2873,KIF1B (OMIM:256700),86,18200.29017447409,4.9795595552596685,8.934384962964177,0.0006952544131753047,1.581968520397969
2874,KIF1C (OMIM:611302),82,17200.216907624123,5.179228216688986,8.901444601434322,0.04077221744082616,1.4868784829208965
2875,KIF20A (OMIM:619433),34,2727.66236161444,4.862143247084564,8.755065652398084,0.0010855653860684738,1.8363657504011426
2876,KIF21A (OMIM:135700),33,2620.6348584237876,4.963323595499598,7.983610232901807,0.00035116725868189816,1.893837770418171
2877,KIF22 (OMIM:603546),115,31995.70822487847,4.881114908448279,8.890761443237208,0.0006626404049975028,1.4560906965546285
2878,KIF23 (OMIM:105600),29,1646.1819555085776,4.054635358395512,7.1113509878269205,0.001981216981496084,1.3696635237852597
2879,KIF26A (OMIM:620156),116,30524.143082294086,4.576333295696265,8.531138594831994,0.00045198453520349144,1.3349840047527881
2880,KIF2A (OMIM:615411),58,7470.182639857896,4.519166751275194,8.376286662108228,0.009198308701206151,1.3983668651505254
2881,KIF3B (OMIM:618955),64,10126.831289324915,5.023229806212756,8.510316646680929,0.00026285598368636976,1.5303277101676527
2882,KIF4A (OMIM:300923),23,1159.9247290825108,4.584682723646288,8.908085989829646,0.15955301740802308,1.6338143238814538
2883,KIF5A (OMIM:604187),68,12833.259238366023,5.633564195946454,9.16883064934852,0.0010221449047190993,1.734186432733343
2884,KIF5A (OMIM:617235),97,23675.625477804824,5.08497110777595,8.560006856476893,2.000000165480742e-10,1.4493610751436754
2885,KIF5A (OMIM:617921),9,131.81595305323708,3.6615542514788078,5.743861005779842,0.0029392195486610383,1.7258355214476757
2886,KIF5C (OMIM:615282),96,20774.62572224399,4.5558389741763134,8.492577406218505,0.0012599449808452711,1.435377713734976
2887,KIF7 (OMIM:200990),211,119926.99256964028,5.41308926064727,9.79271217910875,0.00015294580467822567,1.4982257768455853
2888,KIF7 (OMIM:607131),93,20103.16526289525,4.699197116151297,8.842112773256854,0.00045198453520349144,1.4530306025509305
2889,KIF7 (OMIM:614120),54,6632.7590027612005,4.635051714019008,8.37066292457441,0.00045198453520349144,1.5816647360545977
2890,KIFBP (OMIM:609460),159,62339.92525677145,4.962974703986263,9.119204850296217,0.00012113826840601775,1.4719345592541115
2891,KIRREL1 (OMIM:619201),29,1766.1114763662185,4.350028266911869,8.083639940233253,0.0008411024489901056,1.6290420972175501
2892,KISS1 (OMIM:614842),29,1813.1089899731815,4.465785689589117,8.466796206894243,0.0002603386054333028,1.6747985513441446
2893,KISS1R (OMIM:176400),19,732.0210475106621,4.280824839243638,8.776693413856975,0.8462758826639298,1.5283105909163235
2894,KISS1R (OMIM:614837),57,7738.675193235953,4.848793980724281,9.348000251224683,0.0002603386054333028,1.5859948379975
2895,KIT (OMIM:154800),28,1727.649441712786,4.570501168552344,8.231207504488102,0.0010750000511752214,1.615218148751001
2896,KIT (OMIM:172800),32,2274.4431352033866,4.585570837103602,8.03062267584088,0.024047497157232447,1.4707224839526785
2897,KITLG (OMIM:145250),18,705.8935321288383,4.613683216528354,7.394480186722475,0.00017184060928174597,1.5092131291003321
2898,KITLG (OMIM:616697),5,31.6197773772308,3.16197773772308,4.292913998756952,0.8486277359217859,0.9175972989607464
2899,KITLG (OMIM:619947),35,2657.0215203288117,4.465582387107246,7.79873973658194,0.014407477094097808,1.4051624367713957
2900,KIZ (OMIM:615780),21,992.9153913292573,4.72816853013932,7.984582827600555,0.0004882882588597252,1.5744292752353461
2901,KL (OMIM:617994),80,14319.911078241737,4.531617429823335,8.956189279705173,0.0005831481310837044,1.6387473058047344
2902,KLC2 (OMIM:609541),93,22401.45252772689,5.236431165901564,8.72780217599645,0.0010221449047190993,1.5781913624634376
2903,KLF1 (OMIM:613673),90,20512.156114220605,5.121636982327242,9.229617462200869,0.00027414783043571854,1.6061176267539106
2904,KLF11 (OMIM:610508),8,101.39660002362504,3.621307143700894,5.833441078017566,0.7400213448202568,1.3708492250880056
2905,KLHDC8B (OMIM:236000),23,1080.0290178917558,4.268889398781643,8.325140467118882,0.327665973435471,1.574732664554286
2906,KLHL10 (OMIM:615081),19,919.3459757091897,5.376292255609297,8.566164424851095,0.000803149581822378,2.101108218614897
2907,KLHL15 (OMIM:300982),72,11908.699254495892,4.659115514278518,8.316832487727165,0.00015294580467822567,1.4326306113901348
2908,KLHL24 (OMIM:617294),42,4170.318025230489,4.84357494219569,9.018425935915403,0.0009701167206310269,1.614181844532318
2909,KLHL24 (OMIM:620236),36,3384.900244467919,5.372857530901459,8.679173104984557,0.0006794167071612963,1.7720237985063114
2910,KLHL3 (OMIM:614495),23,1286.6079403455437,5.0854068788361415,8.3675190899466,0.00034954821993255067,1.9476681144187051
2911,KLHL40 (OMIM:615348),55,7083.652885078028,4.770136622948167,8.622073345432458,4.395661259112839e-05,1.5987454924768543
2912,KLHL41 (OMIM:615731),64,9351.081345203162,4.638433206946012,8.396813436471863,0.0007644814594371429,1.4470166794027686
2913,KLHL7 (OMIM:612943),27,1522.879295562621,4.3386874517453595,7.375615542545962,0.00044538129837211403,1.5356191031982305
2914,KLHL7 (OMIM:617055),66,9747.209370035172,4.54415355246395,8.63732282740059,0.5999878647423209,1.4400390691440275
2915,KLK11 (OMIM:620507),44,4550.1944277893745,4.809930684766781,8.706713930354693,0.0006982854539680614,1.6815291147848
2916,KLK4 (OMIM:204700),21,859.0549916519708,4.090738055485575,7.758403407027391,0.0012508654631617168,1.799207827555049
2917,KLKB1 (OMIM:612423),8,87.7425398746921,3.133662138381861,5.921756204345553,0.7400213448202568,1.4150249363204368
2918,KLLN (OMIM:615107),32,2281.5744714529083,4.599948531155057,8.874687390720355,0.14432789991678685,1.645070406614745
2919,KMT2A (OMIM:605130),215,114551.13436584309,4.9794016242487755,9.107138567489411,0.0005689965370294645,1.4343443884388578
2920,KMT2B (OMIM:617284),79,14629.211987887968,4.748202527714368,9.05861742280116,0.0008585106956950381,1.4235813055907551
2921,KMT2B (OMIM:619934),172,70907.27100948313,4.821655855398009,8.885520883428894,0.0001018499913121344,1.4188073850803127
2922,KMT2C (OMIM:617768),64,8992.88259841839,4.460755257151979,8.384350262326066,0.0454015306599506,1.450245517090116
2923,KMT2D (OMIM:620186),229,137498.7401376424,5.266940172283858,9.285287410995553,0.00019109498643675617,1.5171881859930174
2924,KMT2E (OMIM:618512),108,27884.898716037696,4.8260468528967975,9.056777823177287,0.00019109498643675617,1.4265866141939179
2925,KMT5B (OMIM:617788),118,34528.494565328925,5.001954884156008,8.789156748701284,0.0005543272741829107,1.523741744765077
2926,KNG1 (OMIM:228960),9,120.38150438481411,3.3439306773559476,6.470890948230361,0.7400213448202568,1.3573307707828197
2927,KNG1 (OMIM:619363),23,886.7419525818736,3.5049089034856666,6.971982765267307,0.7388212240972487,1.2777726926469426
2928,KNL1 (OMIM:604321),74,12776.044600712212,4.7301164756431735,8.561392742882122,0.00040364886229316726,1.4588334850921616
2929,KPNA3 (OMIM:620106),92,22073.40237363928,5.273149157582246,9.16883064934852,0.00030206516417093,1.6169845638606863
2930,KPNA7 (OMIM:620319),11,248.26801560992448,4.513963920180445,7.298576418887027,0.0003828231525103401,2.193722004224343
2931,KPTN (OMIM:615637),125,37095.133622558365,4.78646885452366,9.26419003440818,0.00020730474885900254,1.5566212086558464
2932,KRAS (OMIM:600268),147,55171.34891184341,5.141305461918126,9.04955482132228,2.000000165480742e-10,1.4669381016061236
2933,KRAS (OMIM:609942),188,91282.35438722801,5.192988644170441,8.887819519407357,2.000000165480742e-10,1.3909300378494662
2934,KRAS (OMIM:615278),49,5313.103731746041,4.517945350124185,8.60049907748485,0.4599125008099457,1.3447764687173804
2935,KREMEN1 (OMIM:617392),37,2871.623197372439,4.311746542601259,7.867352366614838,0.007513143055003663,1.3675237989148712
2936,KRIT1 (OMIM:116860),42,3126.194787116205,3.6308882544903662,7.997162314449003,0.6358983499778939,1.0470932066184975
2937,KRT1 (OMIM:113800),30,2038.6255770955418,4.686495579529981,8.05479432619218,0.00034693676236589757,1.5719561155799504
2938,KRT1 (OMIM:146590),23,1144.853512507511,4.5251126976581455,8.426869173965448,0.0006982854539680614,1.5887619722076343
2939,KRT1 (OMIM:600962),8,100.63125044840643,3.5939732303002296,5.9916162679467355,0.8747191700035017,1.3246606452453376
2940,KRT1 (OMIM:607654),13,294.838219180924,3.779977168986205,6.448558214846457,0.0006982854539680614,1.3378332101098527
2941,KRT1 (OMIM:620148),29,1884.3037004506189,4.641142119336499,8.191651545449322,0.0006982854539680614,1.5530008795201211
2942,KRT1 (OMIM:620411),16,425.12860047552203,3.542738337296017,6.100361096055729,0.2711921911140702,1.285340433414937
2943,KRT10 (OMIM:146600),9,133.20367995549097,3.70010222098586,6.308894801084602,1.5615295258888247,1.2691996032875295
2944,KRT10 (OMIM:607602),40,3814.0454393938558,4.889801845376738,8.44156208148163,0.00034693676236589757,1.6556475990841903
2945,KRT10 (OMIM:609165),69,11171.687886244752,4.762015296779519,8.344276377139433,0.001862257631737183,1.5097508588546829
2946,KRT10 (OMIM:620150),31,2015.9735790830819,4.335427051791574,7.709703569441195,0.0006982854539680614,1.5353903332938217
2947,KRT10 (OMIM:620707),36,3055.7481837497558,4.85039394245993,8.421940424133542,0.0006982854539680614,1.7168113761086496
2948,KRT12 (OMIM:122100),23,1217.194041354076,4.811043641715716,8.386157208594057,0.1564554387196953,1.6153079789094065
2949,KRT13 (OMIM:615785),15,426.57404341763873,4.062609937310845,7.992066034662073,0.031520756049406115,1.5915473183924684
2950,KRT14 (OMIM:125595),40,3687.0656403314565,4.727007231194175,9.009600944699374,0.00059399419207768,1.5024315068600338
2951,KRT14 (OMIM:131800),21,793.5227952670368,3.77867997746208,7.4209433130974976,0.30108357039469835,1.3156671126902835
2952,KRT14 (OMIM:131900),19,744.4811707301787,4.3536910569016305,8.598560884144582,0.4717651528530012,1.5721282634320217
2953,KRT14 (OMIM:161000),38,3216.9664515210975,4.576054696331576,8.351244418049593,0.0006982854539680614,1.5711812018740066
2954,KRT14 (OMIM:601001),10,186.09282453593403,4.135396100798534,8.177551643075665,0.4717651528530012,1.7559651764702275
2955,KRT16 (OMIM:167200),31,2041.3060095990504,4.3899053969872055,8.71144208333201,0.00034846550864526177,1.5221943147328694
2956,KRT16 (OMIM:613000),20,876.8087136158722,4.614782703241433,8.250545036506484,0.00034693676236589757,1.6318998211232925
2957,KRT17 (OMIM:167210),67,10776.05335889398,4.873836887785608,9.219989474443304,0.00034846550864526177,1.6019929189824296
2958,KRT17 (OMIM:184500),15,388.2481208524873,3.6976011509760696,8.062588011442337,0.0005670439116028207,1.6968104290033028
2959,KRT18 (OMIM:215600),68,11213.70886734138,4.922611443082256,8.717718360402442,0.00026285598368636976,1.5827805597194782
2960,KRT2 (OMIM:146800),9,145.08765174194104,4.030212548387251,6.276770728777976,0.00034693676236589757,1.768232359267925
2961,KRT25 (OMIM:616760),18,610.3243674364433,3.989048153179368,7.367369975644899,0.008514203311026328,1.5594617446540635
2962,KRT3 (OMIM:618767),19,775.5233452538871,4.535224241250802,8.386157208594057,0.00043503920607854075,1.6858099546035128
2963,KRT4 (OMIM:193900),14,320.34486439535067,3.5202732351137436,5.8432627658598095,0.00034846550864526177,1.4062261432961773
2964,KRT5 (OMIM:131960),31,2434.1697293009884,5.234773611399975,8.598560884144582,0.00013334478632072802,1.9549855563959195
2965,KRT5 (OMIM:179850),7,70.72220580037447,3.3677240857321173,4.792983876437161,1.5615295258888247,0.9681305244894169
2966,KRT5 (OMIM:609352),8,100.24227411288426,3.580081218317295,7.044258069213804,1.545704569424549,1.4287334091089718
2967,KRT5 (OMIM:619555),19,652.6645062474433,3.8167514985230606,7.121856903049366,0.30108357039469835,1.3428685395916786
2968,KRT5 (OMIM:619588),16,409.6393779613086,3.413661483010905,5.517560811098228,0.30108357039469835,1.2199269361844214
2969,KRT5 (OMIM:619594),23,1104.820073830068,4.366877762174181,8.460959231264825,0.10953086452218977,1.8447467348583457
2970,KRT5 (OMIM:619599),47,4657.324836287451,4.308348599710871,8.848135632585288,0.4717651528530012,1.4234766913187795
2971,KRT6A (OMIM:615726),41,3943.9780961406523,4.809729385537381,8.71144208333201,0.00034846550864526177,1.5473980412748394
2972,KRT6B (OMIM:615728),22,979.9101408843723,4.2420352419236895,8.71144208333201,0.0006982854539680614,1.6864529117764804
2973,KRT6C (OMIM:615735),31,1960.5403939274245,4.216215900919193,8.05479432619218,0.00034846550864526177,1.474304274503021
2974,KRT71 (OMIM:615896),22,835.564113612779,3.617160664990385,7.577468615329417,0.7388212240972487,1.3252490998928943
2975,KRT74 (OMIM:194300),27,1324.1277083278337,3.7724436134696115,8.171312838831005,0.2711921911140702,1.3671131925993432
2976,KRT74 (OMIM:613981),20,699.1570082122458,3.679773727432873,7.577468615329417,0.7388212240972487,1.3189661699798074
2977,KRT74 (OMIM:614929),29,1886.5107437909476,4.6465781866772105,9.460404434219145,0.0015105945099440441,1.8366493236640662
2978,KRT83 (OMIM:617756),37,2622.5877116374504,3.9378193868430187,8.409902020104614,0.2711921911140702,1.3007860845364039
2979,KRT85 (OMIM:602032),53,6288.896376834058,4.563785469400623,9.451389495834906,0.0029555588328317216,1.5823283861035033
2980,KY (OMIM:617114),118,34970.99972775263,5.066058196110768,8.935193734854732,0.00010061562736080588,1.6044516579472619
2981,KYNU (OMIM:236800),21,858.4491082795707,4.087852896569385,7.923338867358987,0.16283535681414846,1.3599736829328066
2982,KYNU (OMIM:617661),100,23213.828057024635,4.68966223374235,8.946647851828457,0.00017796557473134708,1.4551452258638196
2983,L1CAM (OMIM:303350),77,14547.701917848695,4.971873519428809,8.943732246798897,0.00045198453520349144,1.5990034573124345
2984,L1CAM (OMIM:304100),97,22031.750926933826,4.731905267812248,8.795029463371854,5.9439822204979764e-05,1.4496145238143407
2985,L1CAM (OMIM:307000),52,5856.735177918191,4.416844025579329,8.112119751380071,0.00045198453520349144,1.4624952662327244
2986,L2HGDH (OMIM:236792),86,18021.945981034893,4.930764974291352,8.769362459642002,0.002280473925624122,1.4562829016121763
2987,LACC1 (OMIM:618795),28,1794.72129342499,4.747939929695741,8.302972108638846,0.004492900413956976,1.744036417417708
2988,LAGE3 (OMIM:301006),120,34738.84602131022,4.86538459682216,8.365246804543462,0.00040364886229316726,1.4136876627751194
2989,LAMA1 (OMIM:615960),75,13950.569057513967,5.027232092797826,8.554434678494864,2.000000165480742e-10,1.4362674309602916
2990,LAMA2 (OMIM:607855),66,9971.968131417912,4.648936191803222,8.881585010738874,0.14566549635316983,1.5133772297900148
2991,LAMA2 (OMIM:618138),85,18222.566248203584,5.104360293614449,9.103463680778338,0.0006888527898926093,1.7004252936350712
2992,LAMA3 (OMIM:245660),36,2882.187294046701,4.574900466740795,9.219989474443304,0.0007656819336483295,1.7783225850536362
2993,LAMA3 (OMIM:619783),7,71.55506379328422,3.4073839901563914,5.6260075194648635,0.4717651528530012,1.4185849902992544
2994,LAMA3 (OMIM:619784),7,71.55506379328422,3.4073839901563914,5.6260075194648635,0.4717651528530012,1.4185849902992544
2995,LAMA4 (OMIM:615235),12,287.78278536700196,4.360345232833363,7.547904301746881,0.05130359026450264,1.6475365430830191
2996,LAMA5 (OMIM:620049),19,751.5160656778346,4.394830793437629,7.2218479807888265,0.0007165373026079224,1.8227938551934277
2997,LAMA5 (OMIM:620076),145,50084.02676224329,4.7973205710961,9.208356222389895,0.00015304849304319395,1.4861158588293983
2998,LAMB1 (OMIM:615191),91,21471.484645791785,5.243341793844148,8.716908124908079,0.0001018499913121344,1.5176282086775363
2999,LAMB2 (OMIM:609049),126,40353.67865396858,5.1242766544722,8.83271819558002,2.854372589682972e-05,1.5403811563047216
3000,LAMB2 (OMIM:614199),83,17437.0932023333,5.124035616318925,8.899890418968988,2.854372589682972e-05,1.4933506518338562
3001,LAMB3 (OMIM:104530),28,1582.517439708653,4.186554073303315,7.395521217763388,0.0011415716065568396,1.6060109380977576
3002,LAMB3 (OMIM:226650),74,12744.8987661069,4.7185852521684195,8.863243109171647,0.0009189324407240284,1.50506290034859
3003,LAMC2 (OMIM:619785),7,71.55506379328422,3.4073839901563914,5.6260075194648635,0.4717651528530012,1.4185849902992544
3004,LAMC2 (OMIM:619786),9,129.33050243872052,3.5925139566311253,6.290710917276645,0.4717651528530012,1.4331053868455794
3005,LAMC3 (OMIM:614115),32,2328.683024190692,4.694925451997363,8.427639205084887,0.12163535650251811,1.5921005161555521
3006,LAMP2 (OMIM:300257),82,18865.17605663548,5.680570929429533,9.04567578431098,0.0005003767975596837,1.7314257292799515
3007,LAMTOR2 (OMIM:610798),48,4940.257325030321,4.379660749140355,8.193566836414108,0.011062529308141045,1.3468163915391518
3008,LARGE1 (OMIM:608840),115,33096.87721512176,5.0491040755334495,8.911677092771463,7.985349342145561e-05,1.573609120491639
3009,LARGE1 (OMIM:613154),95,22946.099494991897,5.139104030233348,8.771567589291417,0.00032553097681344684,1.540628925623245
3010,LARP7 (OMIM:615071),81,15122.883796267466,4.667556727243045,8.716403987401229,0.00015294580467822567,1.3964450731386255
3011,LARS1 (OMIM:615438),87,17937.385086825456,4.7948102343826395,8.870272353659333,0.0454015306599506,1.5628572092168107
3012,LARS2 (OMIM:615300),96,23027.260081488334,5.049837737168494,8.818266894970456,0.00011361266494711034,1.5239806750437046
3013,LARS2 (OMIM:617021),88,19956.743303444382,5.213360319604071,8.975466878990153,0.0018646679343534583,1.5428405972341785
3014,LAS1L (OMIM:309585),77,12980.214024165112,4.43616337121159,8.935471638612867,0.0454015306599506,1.443907299533758
3015,LAT (OMIM:617514),80,17053.704014368857,5.396741776699005,9.041084440611392,2.000000165480742e-10,1.698439416328238
3016,LBR (OMIM:169400),136,45945.36171785206,5.004941363600442,9.089958309365686,0.0016755542924666625,1.5367296355084061
3017,LBR (OMIM:215140),186,91855.48189247037,5.338882992878255,9.500240291567259,0.00017796557473134708,1.6379220267397951
3018,LBR (OMIM:613471),102,25947.583608834022,5.037387615770534,9.226538891619565,0.027031792170348293,1.6302789870779602
3019,LBR (OMIM:618019),152,60127.02195852938,5.239371031590221,9.282945678138425,0.00015304849304319395,1.5213378846460974
3020,LBX1 (OMIM:619483),27,1974.5124255623148,5.625391525818561,8.6606798215908,0.00016212543135581012,1.881873204613756
3021,LCA5 (OMIM:604537),15,542.1400051663517,5.163238144441444,8.348132377263367,0.05982695727736995,1.769947930886187
3022,LCAT (OMIM:136120),22,1078.0750340919908,4.666991489575718,7.694264143370124,0.000151751107741131,2.248535366655381
3023,LCAT (OMIM:245900),46,5094.898875001691,4.922607608697286,8.528580536293704,4.189843108750679e-05,1.62748277627066
3024,LCK (OMIM:615758),105,27146.078651627708,4.971809276854891,8.921844382409917,0.0004605722303507187,1.501583203452502
3025,LCP2 (OMIM:619374),63,9699.16518441594,4.96629041700765,8.831119916486884,2.000000165480742e-10,1.5768292217805389
3026,LCT (OMIM:223000),20,884.1582523909983,4.653464486268412,8.895541588368252,0.390265610139474,1.7284672825011391
3027,LDB3 (OMIM:601493),31,2653.9121132015816,5.707337877852864,9.19945232737294,8.946248855872717e-05,1.8901879761839846
3028,LDB3 (OMIM:609452),41,4140.5238512856085,5.049419330836108,8.839681589393662,0.0005718811754514479,1.7799800437785462
3029,LDHA (OMIM:612933),38,3596.9098808476624,5.116514766497386,9.107112983547811,0.019538305154274842,1.7602402990097332
3030,LDHD (OMIM:245450),50,5020.595239411317,4.098445093396994,8.36757435480088,0.0454015306599506,1.409279006509466
3031,LDLRAP1 (OMIM:603813),23,1128.0172710744228,4.458566288831711,7.835974379045277,0.0012817528951234228,1.851853572911614
3032,LEMD2 (OMIM:212500),15,483.52185943462837,4.6049700898536035,8.093003834280225,0.02584939923939534,1.78942958353979
3033,LEMD2 (OMIM:619322),129,37478.87413180484,4.539592312476362,8.873591603540987,0.0001849738499394851,1.395170377307955
3034,LEMD3 (OMIM:166700),38,2731.2921002463136,3.8851950216875015,8.962056967805685,0.2540368067767165,1.4924545962606701
3035,LEP (OMIM:614962),64,9388.916090144428,4.657200441539895,9.3416634968819,0.0010425010607765092,1.5260537978793804
3036,LEPR (OMIM:614963),72,11980.645277162894,4.6872634104706155,8.980051526453565,0.0010425010607765092,1.4737140045240722
3037,LETM1 (OMIM:620089),114,32233.039473063207,5.004353279469524,8.642693944400596,0.014035786517923171,1.462241612778803
3038,LFNG (OMIM:609813),44,3990.9685863302348,4.218782860814201,8.11894721629093,0.180300913446586,1.4744813574173266
3039,LGI3 (OMIM:620007),99,23562.447275882863,4.857235059963484,8.583048020682618,0.0001663034595149971,1.567057886966536
3040,LGI4 (OMIM:617468),109,28296.532167911744,4.807429862030538,8.564422575958046,0.0005149209235504193,1.4666877507464748
3041,LGR4 (OMIM:619613),20,918.5045602812802,4.8342345277962115,8.767982673828797,0.007127461221491979,1.9350475936946752
3042,LHB (OMIM:228300),64,10181.258922950972,5.050227640352665,9.375493845237445,0.00011361266494711034,1.57370004047426
3043,LHCGR (OMIM:176410),18,684.5767929158743,4.4743581236331655,8.28730793312519,0.00040116343540472633,1.7588540449052994
3044,LHCGR (OMIM:238320),15,393.2558387556442,3.745293702434707,7.622359918443191,0.8462758826639298,1.4495109355803049
3045,LHFPL5 (OMIM:610265),13,327.936771188583,4.204317579340808,7.810172152642902,0.014035786517923171,1.6864540913844437
3046,LHX3 (OMIM:221750),40,3792.979389682355,4.862794089336353,8.672847578349531,0.00025564093999664455,1.6723469688426937
3047,LHX4 (OMIM:262700),28,1816.6275642194328,4.805893027035537,8.78843952692844,0.0011772364930887744,1.757113775454578
3048,LIAS (OMIM:614462),86,17026.90820430744,4.658524816499984,8.574468905653335,0.009198308701206151,1.492910568580834
3049,LIFR (OMIM:601559),240,146817.8521470675,5.1191719716550725,9.002585033438857,0.0005340748793716729,1.469189811194314
3050,LIG1 (OMIM:619774),89,18291.157829219035,4.670877893058997,8.738506935670689,2.000000165480742e-10,1.4870309051149364
3051,LIG3 (OMIM:619780),75,12539.144196528227,4.518610521271433,8.267239352510304,0.0011791204217911095,1.3258888132682427
3052,LIG4 (OMIM:606593),142,48360.59162869542,4.830745342992251,9.018628260155245,0.0001641602704542467,1.4898065752258705
3053,LIM2 (OMIM:615277),18,740.114436537141,4.8373492584126865,7.749339512453114,0.000729607958777182,1.8811159283340315
3054,LIMS2 (OMIM:616827),48,5085.159895956677,4.508120475138898,8.91750133585167,0.09459494695065138,1.665299360800572
3055,LINGO1 (OMIM:618103),58,7420.128954606345,4.488886239931244,8.232308486184055,0.0012599449808452711,1.4015326114447684
3056,LINS1 (OMIM:614340),54,6423.310908144029,4.4886868680251775,8.385219701354963,0.00035697193889868843,1.4313512833547644
3057,LIPA (OMIM:278000),103,30474.230447619688,5.80130029461635,9.051382881482878,7.554577520314774e-05,1.6690138486994592
3058,LIPA (OMIM:620151),39,3772.6306799577433,5.091269473627184,8.870272353659333,0.11812255668057281,1.7252302673722772
3059,LIPC (OMIM:614025),29,1983.279669662571,4.884925294735397,8.407449304347182,4.189843108750679e-05,1.7264814100259254
3060,LIPE (OMIM:615980),71,12693.607246211664,5.108091447167672,9.055320999324032,0.0010808633614766217,1.7131136278093884
3061,LIPH (OMIM:604379),25,1104.6448749478768,3.6821495831595894,7.577468615329417,0.7388212240972487,1.2379307624046947
3062,LIPN (OMIM:613943),17,590.8287343072677,4.34432892872991,8.24858177845666,0.06714051012774007,1.672209510925141
3063,LIPT1 (OMIM:616299),81,16069.03589439212,4.959578979750654,8.646620634346702,0.00035535606261518,1.556461053134109
3064,LIPT2 (OMIM:617668),99,24210.633302504422,4.990854113070382,8.512433482718082,0.00011853325674116622,1.454587031591456
3065,LITAF (OMIM:601098),49,6276.249987798508,5.3369472685361465,8.879229495516284,0.0006461379115094649,1.6628595552148864
3066,LMAN1 (OMIM:227300),11,240.21369991668183,4.367521816666942,7.603720058863415,9.244983221835519e-05,1.8155538143209053
3067,LMAN2L (OMIM:616887),17,556.8084480262959,4.094179764899234,8.09409310310133,0.0012599449808452711,1.7034277392018269
3068,LMAN2L (OMIM:617863),33,2648.632494378404,5.01634942117122,8.908085989829646,0.0011901076561597205,1.7153172187877184
3069,LMBR1 (OMIM:135750),45,4528.9482476777885,4.574695199674534,7.970619915206867,0.0012035071238519705,1.5368600221884767
3070,LMBR1 (OMIM:186200),23,1136.6641053049477,4.492743499229042,7.998107121639624,0.00017189252005425464,1.7628751077114122
3071,LMBR1 (OMIM:190605),27,1498.7183072295186,4.269852727149625,9.180430384559102,0.037409126933750196,1.9041346555272904
3072,LMBR1 (OMIM:200500),54,7062.17678962951,4.935134024898329,9.167512730790582,0.00031000156262966493,1.9271408194745232
3073,LMBRD1 (OMIM:277380),147,52660.38287965366,4.907313659458919,9.04123604997162,0.021118882200204435,1.3971893153178856
3074,LMBRD2 (OMIM:619694),135,42812.46535688329,4.73327422408881,8.663106660444003,0.02126094445351756,1.3622184690276233
3075,LMF1 (OMIM:246650),31,2001.6220807850377,4.304563614591479,8.694340290038223,0.047784109337295634,1.637021906100306
3076,LMNA (OMIM:115200),31,2603.7644887598117,5.599493524214648,9.19945232737294,0.0023615433118719413,2.042915623971648
3077,LMNA (OMIM:151660),102,25943.32192570422,5.036560265133803,9.215633237678707,0.00024335669615791332,1.5965539601835996
3078,LMNA (OMIM:176670),47,4838.944495578031,4.476359385363581,8.648223041059222,0.0007234721597415179,1.6643078303049952
3079,LMNA (OMIM:181350),84,19974.414397640845,5.729895122673794,9.354376266383621,0.00025006395324224406,1.7538352916610438
3080,LMNA (OMIM:212112),83,15911.868015379056,4.675835443837513,8.934779570604881,0.0024505065415623057,1.6031669383752636
3081,LMNA (OMIM:248370),150,56160.21258682545,5.0255223791342685,9.58091494342327,0.0012817528951234228,1.5580671997779918
3082,LMNA (OMIM:605588),51,6634.881510264511,5.203828635501577,9.072852201496532,0.0006461379115094649,1.7674409675921028
3083,LMNA (OMIM:610140),33,2462.8874124941312,4.664559493360097,8.627202551767676,0.012227945396267566,1.7297188941982682
3084,LMNA (OMIM:613205),90,21535.15556062193,5.377067555710844,8.964734206947517,8.736249828716642e-05,1.6805023856532884
3085,LMNA (OMIM:616516),53,6714.0184760639795,4.87229207261537,8.275753915126609,0.000151751107741131,1.7020176017311288
3086,LMNA (OMIM:619793),57,7622.577655640595,4.776051162682077,8.559016205622848,0.009931296854663717,1.4835979416503005
3087,LMNB1 (OMIM:169500),87,20320.25870643882,5.431771907628661,9.169631742035566,0.0011791204217911095,1.5116290516814301
3088,LMNB1 (OMIM:619179),149,54829.961806343315,4.97278811956678,8.664861288304921,0.0001473428281572063,1.4355611246226159
3089,LMNB2 (OMIM:608709),64,8930.056617266859,4.429591576025228,8.265279128447267,0.004158995174929635,1.4017669264039847
3090,LMNB2 (OMIM:616540),76,13948.06207696588,4.894056869110835,8.767528602384298,0.0004350215848769862,1.573350976238686
3091,LMNB2 (OMIM:619180),103,25265.274079601048,4.809684766723977,8.828398500569119,0.00040364886229316726,1.521208723897979
3092,LMOD1 (OMIM:619362),35,2760.579213884039,4.639628930897544,8.585467478714422,0.0001473428281572063,1.6073114749129007
3093,LMOD2 (OMIM:619897),57,8425.819433734025,5.279335484795755,8.947997433750036,0.00012113826840601775,1.7152975612079195
3094,LMOD3 (OMIM:616165),60,8596.662585692806,4.8568715173405685,9.082897244763661,0.0007644814594371429,1.5381499320806755
3095,LMX1A (OMIM:601412),6,53.511775140302866,3.567451676020191,4.668350980941391,0.007663143125940271,1.3184325820213636
3096,LMX1B (OMIM:161200),178,82232.88494961064,5.220141239739138,8.919555841518696,0.00012445245842139074,1.5300959786141926
3097,LMX1B (OMIM:256020),27,1551.9913004621521,4.421627636644308,7.946987999966627,0.0007165373026079224,1.6494643523039092
3098,LNPK (OMIM:618090),84,18436.443302944237,5.288710069691405,8.83281985509052,0.0010976185592787876,1.578750532230079
3099,LONP1 (OMIM:600373),249,160327.5836080729,5.192628047936031,9.52688926004608,0.00037868868455093207,1.4667144333287905
3100,LORICRIN (OMIM:604117),22,932.8611440235716,4.038359930837972,7.203372115541648,0.0011133398815453648,1.370481993379061
3101,LOX (OMIM:617168),84,17481.50944035095,5.0147760873066405,8.983513150344777,0.0002901132539534321,1.5106830998740943
3102,LOXHD1 (OMIM:613079),10,174.67118032835452,3.881581785074545,7.810172152642902,0.014035786517923171,1.9679199931503715
3103,LOXL1 (OMIM:177650),35,3070.9658286253716,5.161287106933398,8.757138649736957,0.00014814486474983748,1.7473348344538526
3104,LOXL3 (OMIM:619781),14,364.1106271600335,4.001215683077292,7.94304835981926,0.00014468862235090667,1.6720215389389703
3105,LPAR6 (OMIM:278150),25,1132.8044156926414,3.7760147189754716,6.85568679108073,0.7388212240972487,1.2302098340704164
3106,LPIN1 (OMIM:268200),43,4525.3441869906555,5.011455356578799,8.910142571259092,8.907799783192584e-05,1.7057094599025726
3107,LPIN2 (OMIM:609628),57,7874.3226810302585,4.933786140996403,9.407255775602524,0.06314178087656491,1.8142171203826825
3108,LPL (OMIM:144250),33,2450.519686332844,4.64113576956978,8.602712573148768,0.000151751107741131,1.8661356452015012
3109,LPL (OMIM:238600),71,12554.775161318943,5.052223404957321,8.705025179854326,0.0001339273823782835,1.6942013914182057
3110,LRAT (OMIM:613341),40,3887.3388315339,4.983767732735769,8.582649409843931,7.985349342145561e-05,1.5893422756985458
3111,LRBA (OMIM:614700),180,85637.99794700243,5.3158285504036265,9.196475162957853,0.00010563534348670766,1.5316018709619252
3112,LRIF1 (OMIM:619477),42,3679.963608965255,4.274057617845824,8.770431236473053,0.004239304276640087,1.7045436567407113
3113,LRIG2 (OMIM:615112),36,2854.586604831985,4.531089848939659,8.212894244933898,7.419480645582617e-05,1.5328613936581996
3114,LRIT3 (OMIM:615058),27,1795.4641230140317,5.115282401749378,8.40341664421445,0.00014468862235090667,1.6370314263137582
3115,LRP1 (OMIM:604093),34,2354.1126553823133,4.196279243105728,8.662341703407858,0.6400582255495566,1.5721465085257382
3116,LRP1 (OMIM:620690),18,585.5310182988785,3.827000119600513,7.634754997602884,0.45278862138334436,1.5203535802453765
3117,LRP12 (OMIM:164310),125,40894.44972471941,5.2767031902863755,9.006267214967494,8.736249828716642e-05,1.5197012908414824
3118,LRP12 (OMIM:620452),47,5347.578563925948,4.946881187720582,9.166301628168,0.004239304276640087,1.6187931703008516
3119,LRP2 (OMIM:222448),129,40674.3721816739,4.926643917353912,9.092655953436697,5.9439822204979764e-05,1.4642383586774417
3120,LRP4 (OMIM:212780),102,25396.54894640093,4.930411366026195,8.615951989584506,0.0003047761521861186,1.5594388434036337
3121,LRP4 (OMIM:614305),73,13286.982835564715,5.055929541691292,8.770477618249148,0.00017189252005425464,1.517206542683641
3122,LRP4 (OMIM:616304),24,1194.0102021175196,4.32612392071565,8.201665326403253,0.0001327613358585333,1.4618813970679316
3123,LRP5 (OMIM:144750),44,3489.121795614687,3.688289424539838,8.512100866607378,0.013228921305085128,1.4024586063597175
3124,LRP5 (OMIM:259770),106,27389.75157620768,4.921788243703087,8.851988980381044,0.0001692096978716535,1.5442137820900448
3125,LRP5 (OMIM:601813),44,4896.3500291455075,5.17584569677115,8.394604690939934,0.00017898136726952627,1.6825140640063483
3126,LRP5 (OMIM:607634),47,4665.203798837971,4.3156371867141265,9.090727863333015,0.0007145103008383936,1.6142790159942424
3127,LRP5 (OMIM:617875),13,315.3528092726287,4.04298473426447,7.605187688560167,0.0006348976444134446,1.7574675507058954
3128,LRP6 (OMIM:610947),54,7478.046402372999,5.225748708856044,8.995214177557596,0.000151751107741131,1.858547824983555
3129,LRP6 (OMIM:616724),18,542.6050712453134,3.546438374152375,5.851748883148228,0.0009929488752456845,1.2724504904331133
3130,LRPAP1 (OMIM:615431),12,315.999130474914,4.7878656132562725,7.83132233299892,0.00014468862235090667,1.7418540594889933
3131,LRPPRC (OMIM:220111),244,157982.38352666702,5.328961192965898,9.042984915611237,5.9439822204979764e-05,1.4002068262392457
3132,LRRC32 (OMIM:619074),106,26871.478095753282,4.828657339758002,8.810625430682554,5.9439822204979764e-05,1.4189923478374085
3133,LRRC56 (OMIM:618254),32,2352.0059480363007,4.7419474758796385,8.542887204255335,0.0001389659282769288,1.792482488423733
3134,LRRC8A (OMIM:613506),32,2169.826562188381,4.374650326992704,7.785682704141875,0.08854697781472262,1.3990969910827626
3135,LRRK1 (OMIM:615198),46,4347.744843520971,4.200719655575817,8.443360570406046,0.271197358050388,1.5179829966447664
3136,LRRK2 (OMIM:607060),38,3161.158507786653,4.496669285614016,8.081384498212785,0.00022130642903701804,1.5768901009558982
3137,LRSAM1 (OMIM:614436),56,8058.941174369536,5.233078684655543,9.07858094540996,0.00031792342844160594,1.7338953860212878
3138,LRTOMT (OMIM:611451),13,327.9443695309685,4.204414993986775,7.810172152642902,0.014407477094097808,1.6865130459595197
3139,LSM11 (OMIM:619486),45,4436.043482461923,4.480852002486791,7.898464667927022,0.0001018499913121344,1.4110547732313217
3140,LSS (OMIM:616509),10,161.9983502718365,3.5999633393741446,7.971876514467999,0.5854579498923579,1.77615533364403
3141,LSS (OMIM:618275),15,338.7277208949534,3.225978294237651,5.728069361516864,0.4599125008099457,1.1268632894374553
3142,LSS (OMIM:618840),82,15744.813501121167,4.740985697416792,8.431421101704531,0.00036767347151116914,1.401152330222903
3143,LTBP1 (OMIM:619451),118,33347.52394733885,4.830874105075887,8.853883542825958,0.003303224205639112,1.4345794747996983
3144,LTBP2 (OMIM:251750),46,5101.442435946876,4.928929889803745,8.18390217755029,0.0002327990288024711,1.6173406790292084
3145,LTBP2 (OMIM:613086),20,828.1720909200628,4.358800478526646,8.605825783861178,0.5854579498923579,1.6367319128602233
3146,LTBP2 (OMIM:614819),46,5345.1140597806625,5.164361410416099,8.780672131693825,0.00014468862235090667,1.7587056951820588
3147,LTBP3 (OMIM:601216),57,7506.208953170496,4.70313844183615,8.550333269043296,0.0019587674577635403,1.517760501049622
3148,LTBP3 (OMIM:617809),96,21815.205358005805,4.784036262720571,9.136065882335949,0.0024505065415623057,1.5775936929130163
3149,LTBP4 (OMIM:613177),186,87382.80400359737,5.078919151618562,9.175518051479408,0.0001473428281572063,1.4952116972377185
3150,LTC4S (OMIM:614037),36,2595.2274076175113,4.119408583519859,8.385219701354963,0.0012541389199276578,1.4866680713679061
3151,LTV1 (OMIM:620199),27,1460.8059576892877,4.161840335297116,8.300035443091156,0.4599125008099457,1.4090640658002591
3152,LYN (OMIM:620376),190,94930.91987309411,5.287157887668845,9.30088762674316,8.678962776528191e-05,1.5335204638653954
3153,LYRM4 (OMIM:615595),73,13644.755814090106,5.192068422408716,8.878217937826726,0.00035697193889868843,1.5883080293930802
3154,LYRM7 (OMIM:615838),128,43649.946702432964,5.370318245870197,8.95149833589933,0.0011777486855865352,1.4901431009131618
3155,LYSET (OMIM:619345),64,8686.94611428828,4.309001048754107,9.110722093303282,0.001137044764433523,1.490828796492712
3156,LYST (OMIM:214500),141,49154.32389105913,4.980174659681777,9.177727062598576,2.854372589682972e-05,1.4963521445927417
3157,LZTFL1 (OMIM:615994),113,32083.561785910075,5.0700950989112,8.885645268937147,2.000000165480742e-10,1.5565947426998579
3158,LZTR1 (OMIM:605275),197,98738.37353149126,5.114387938023996,8.825900426131785,0.00015294580467822567,1.3763570449851863
3159,LZTR1 (OMIM:615670),11,182.10114185906377,3.3109298519829777,5.730947917979883,1.3714002417792543,0.9887240946790032
3160,LZTR1 (OMIM:616564),150,54628.515789511104,4.888457788770569,8.775210646811114,0.00015304849304319395,1.4127367297118254
3161,M1AP (OMIM:619108),14,430.711270389271,4.7330908833985825,7.446697629721063,0.000803149581822378,2.144320924369956
3162,MAB21L1 (OMIM:618479),143,51193.35575429331,5.042190067398139,8.664617404708855,2.000000165480742e-10,1.3962781359597782
3163,MAB21L2 (OMIM:615877),107,28617.309572780516,5.046254553479195,8.890705948247707,0.00017189252005425464,1.4717400322817973
3164,MACF1 (OMIM:618325),122,37756.99851034876,5.115431311522661,8.964079417231831,0.00030206516417093,1.4398099092120689
3165,MAD1L1 (OMIM:620189),107,26098.76305064083,4.602144780575001,8.833558786663197,0.00031792342844160594,1.4652086272004519
3166,MAD2L2 (OMIM:617243),47,4793.962498692341,4.434747917384219,8.426875952827007,0.0013984767725301699,1.446955964460105
3167,MADD (OMIM:619004),204,107685.27880499235,5.200679938423276,9.051382881482878,6.377830462530904e-05,1.4658661564811928
3168,MADD (OMIM:619005),151,58169.94776593202,5.136419228779869,8.96358751564049,0.0001018499913121344,1.4732027331507416
3169,MAF (OMIM:601088),127,38123.50368399586,4.764842355205082,9.244580916808104,2.000000165480742e-10,1.4385645188522516
3170,MAF (OMIM:610202),34,2846.257814620043,5.073543341568704,8.55212942638359,2.854372589682972e-05,1.9271443804319401
3171,MAFA (OMIM:147630),44,4597.745901453395,4.860196513164266,8.699637750499937,0.0002791634935974599,1.6340320565043924
3172,MAFB (OMIM:166300),108,28643.764121290693,4.957383890842972,8.982678031299352,0.0007165373026079224,1.583758522944382
3173,MAFB (OMIM:617041),25,1523.690546851516,5.078968489505053,8.577746669899756,0.00015636528988878843,1.7859301360483433
3174,MAG (OMIM:616680),102,27291.46874108984,5.298285525352328,8.845910558058238,0.0015990505493633342,1.487953026985735
3175,MAGED2 (OMIM:300971),30,2235.802120371808,5.139774989360478,9.015018594616555,0.000357002530703531,2.0702833242144014
3176,MAGEL2 (OMIM:615547),167,71715.25923239435,5.173887831498042,8.793704575466938,0.0010425010607765092,1.454176661599222
3177,MAGI2 (OMIM:617609),24,1257.5891238699467,4.556482332862125,8.083639940233253,0.0007165373026079224,1.7828182940101371
3178,MAGT1 (OMIM:300853),102,27852.91303518437,5.407282670391064,9.192782877774807,0.0001813130719935384,1.6485454147516134
3179,MAGT1 (OMIM:301031),15,399.1571347532552,3.8014965214595735,8.606287008981077,0.7400213448202568,1.6741477668525198
3180,MAK (OMIM:614181),26,1491.0592262862483,4.587874542419225,7.981024797845407,0.00015500775417016222,1.5428098605256768
3181,MALT1 (OMIM:615468),81,15443.524006555674,4.766519755109776,8.726784142339895,4.9346129758286674e-05,1.462720598482834
3182,MAMLD1 (OMIM:300758),11,213.41770851066264,3.8803219729211387,6.0796791675302595,0.00029814871705161885,1.4546504403987957
3183,MAN1B1 (OMIM:614202),123,36383.020612333814,4.849129763072613,8.995747773179575,0.0011342589495837805,1.4787571159859871
3184,MAN2B1 (OMIM:248500),202,102474.01592374392,5.047732423217768,8.813287686805229,9.920054935105743e-05,1.4197318403965806
3185,MAN2C1 (OMIM:619775),165,66466.30670254069,4.912513429603894,9.576610568278216,5.9439822204979764e-05,1.456902578601494
3186,MANBA (OMIM:248510),66,9344.99188066601,4.356639571406065,8.989675600588276,0.22140590507770008,1.3861245996815608
3187,MANF (OMIM:620651),64,9645.456976382942,4.784452865269317,9.184128176181398,0.00014468862235090667,1.6062588104064213
3188,MAOA (OMIM:300615),38,3394.297185084841,4.828303250476304,8.35151082614376,0.0005689965370294645,1.6587925555689915
3189,MAP1B (OMIM:618918),128,41121.6855591674,5.059262494976305,8.991827087192652,7.104736562826131e-05,1.5108989436758216
3190,MAP1B (OMIM:619808),8,86.24197746992536,3.0800706239259057,4.662535130851787,0.014035786517923171,1.3648539402151487
3191,MAP2K1 (OMIM:155950),11,144.4343663432667,2.6260793880593947,6.070751066763941,0.7154510495873228,1.4455902139822252
3192,MAP2K1 (OMIM:615279),83,16182.386056485968,4.755329431820737,8.5375094729547,0.00015294580467822567,1.468857412771664
3193,MAP2K2 (OMIM:615280),142,49017.766138475665,4.896390584204941,8.873855931658573,0.00017184060928174597,1.3887641358470355
3194,MAP3K1 (OMIM:613762),33,2413.741428740831,4.571479978675816,7.789505802288326,0.00040730427135542244,1.528495561078632
3195,MAP3K14 (OMIM:620449),66,10849.072130553635,5.0578424851065895,8.263615990160542,0.00010563534348670766,1.6228294556765164
3196,MAP3K20 (OMIM:616890),34,2677.2779529728186,4.772331466974721,8.644677401262188,0.06357817011318781,1.8066000755424292
3197,MAP3K20 (OMIM:617760),54,6824.03290328259,4.768716214732767,8.742895946957871,0.0005149209235504193,1.5985261732137515
3198,MAP3K7 (OMIM:157800),186,86349.79767117821,5.018878097714514,9.035060335419141,0.00015294580467822567,1.3808646296666187
3199,MAP3K7 (OMIM:617137),226,132584.23286676436,5.2147190901382245,9.527536618572732,0.0001657766422300117,1.4507947615598098
3200,MAPK1 (OMIM:619087),239,147712.21279373908,5.1936363979374525,9.048460997444975,0.00015294580467822567,1.4744574713580163
3201,MAPK8IP3 (OMIM:618443),203,106615.94326622618,5.200016742243876,8.995747773179575,0.0009189324407240284,1.4788427959276405
3202,MAPKAPK3 (OMIM:617111),20,800.8816879064909,4.215166778455216,7.623687714312455,0.19604394948175022,1.58826245842349
3203,MAPKAPK5 (OMIM:619869),136,45176.100544497,4.921143850163072,8.755342747970113,0.0001018499913121344,1.3131102170213378
3204,MAPKBP1 (OMIM:617271),27,1616.7683467450986,4.606177626054412,7.849743718686125,0.0007165373026079224,1.769941583756442
3205,MAPRE2 (OMIM:616734),179,79954.17745862961,5.018779578094885,8.910044185249363,4.941497953343199e-05,1.3971350715396609
3206,MAPT (OMIM:260540),35,2607.9373824736986,4.383088037770922,8.102022436191847,0.08434565666331476,1.5649982302938021
3207,MAPT (OMIM:601104),95,24018.220151946338,5.379220638733782,9.025369349691356,9.774864833445439e-05,1.5448069987608184
3208,MARCHF6 (OMIM:613608),20,930.5841257240074,4.897811188021092,8.540667695729933,0.32364730478968384,1.780322533833633
3209,MARK3 (OMIM:618283),14,401.59073278142887,4.413084975620097,8.170979257041063,0.7609453784098479,1.6680027401571693
3210,MARS1 (OMIM:615486),89,20593.456753703143,5.258798966727054,9.02509333271678,0.021118882200204435,1.611195120176431
3211,MARS1 (OMIM:616280),37,3274.598532197716,4.916814612909484,9.072852201496532,0.4857493373777998,1.7308192200670365
3212,MARS1 (OMIM:619692),54,6512.948891034483,4.551326967878744,8.934947894429376,0.2588962797527854,1.4368307584173834
3213,MARS1 (OMIM:620323),102,24472.836621648286,4.7510845703064035,8.880564369144865,0.001107639007670092,1.4591200970180278
3214,MARS2 (OMIM:611390),67,11161.781891433724,5.048295744655687,8.631089911625867,0.034298969772904774,1.4648079823170586
3215,MARS2 (OMIM:616430),100,23117.675196241755,4.670237413382172,9.093223440682088,0.006214400107397506,1.4708565084219742
3216,MARVELD2 (OMIM:610153),8,111.71408265858632,3.989788666378083,7.562010141463631,0.3980917516456417,1.8074678692780834
3217,MASP1 (OMIM:257920),185,84290.42337241358,4.952433805664723,8.902033352382247,0.0001473428281572063,1.4694711335469601
3218,MASP2 (OMIM:613791),33,2372.2672045908066,4.492930311725012,8.671235140059562,0.0002931452936995604,1.6837523794940736
3219,MAST1 (OMIM:618273),67,11233.530336096435,5.080746420667768,8.78336626963522,0.00030206516417093,1.5461661449574449
3220,MAST3 (OMIM:620115),38,3115.657795496769,4.43194565504519,8.915644428508728,0.009813035528955065,1.776927016549732
3221,MAT1A (OMIM:250850),30,1764.4871215521084,4.056292233453123,8.248004418732414,0.7400213448202568,1.379161256308365
3222,MATN3 (OMIM:140600),16,454.49720272574075,3.787476689381173,7.3388787375577165,0.0004915082918591009,1.433563459839597
3223,MATN3 (OMIM:607078),61,8219.43991745096,4.491497222650798,9.256556349706319,0.0013767302025706244,1.5930881459125465
3224,MATN3 (OMIM:608728),68,11204.615250693641,4.918619513034961,8.760976956703061,0.0009269033534250847,1.5546841418555355
3225,MATR3 (OMIM:606070),76,15035.539900103793,5.275628035124138,9.16883064934852,0.0029392195486610383,1.6683996684219453
3226,MAX (OMIM:620712),121,34168.06584477279,4.706345157682202,8.925527418442744,0.0015754652414439237,1.381803143038871
3227,MB (OMIM:620286),49,5440.253259759498,4.626065697074403,9.200049140906955,0.46443555168908324,1.6591917491999941
3228,MBD4 (OMIM:606660),9,115.07113446485921,3.1964204018016447,6.287472407573648,0.7126650421225125,1.328284572157834
3229,MBD4 (OMIM:619975),57,7266.548415016604,4.552975197378824,8.88050889691096,0.3601405876468729,1.3502203935028148
3230,MBD5 (OMIM:156200),236,146993.72568076634,5.300891658159623,9.072246849774901,0.00015294580467822567,1.440276526496791
3231,MBL2 (OMIM:614372),25,1431.669938238999,4.7722331274633305,8.473995936917408,0.00010140920281185092,1.7877960022878456
3232,MBOAT7 (OMIM:617188),64,10301.377326886653,5.109810181987427,8.544670865943266,0.001107639007670092,1.5930760907969137
3233,MBTPS1 (OMIM:618392),83,15323.433842886212,4.5029191427817254,8.380069403308497,0.004652465187464556,1.4674061557868328
3234,MBTPS2 (OMIM:300918),36,3017.5377276428117,4.78974242482986,8.466945914997268,0.0006982854539680614,1.712567944559656
3235,MBTPS2 (OMIM:301014),61,8542.951353014965,4.66827942787703,8.765736900359698,0.001137044764433523,1.605885595202593
3236,MBTPS2 (OMIM:308205),233,140187.35042734924,5.186745242983174,9.160537478317783,2.000000165480742e-10,1.4476517271483507
3237,MBTPS2 (OMIM:308800),74,13262.652880238196,4.910275038962679,9.104902842735882,0.0003818483824623428,1.632195721389082
3238,MC2R (OMIM:202200),41,4028.56407006068,4.912883012269122,8.899455483627488,0.0006337521246226539,1.776362291573828
3239,MC4R (OMIM:618406),29,1595.622479767603,3.9301046299694655,8.247773105819268,0.0010425010607765092,1.5127419400191595
3240,MCAT (OMIM:620583),29,2039.9642578429693,5.024542507002388,8.218005267797317,0.0017252892329913654,1.571601155617524
3241,MCCC1 (OMIM:210200),73,13913.075335649031,5.294168696974517,8.860628775566731,0.0011777486855865352,1.6069298892309716
3242,MCCC2 (OMIM:210210),90,20365.144690244175,5.084930010048483,8.654114219197888,0.0011777486855865352,1.5095631269626388
3243,MCEE (OMIM:251120),44,4295.1679047932985,4.540346622403064,8.920777156318604,0.390265610139474,1.4294127967391956
3244,MCFD2 (OMIM:613625),23,1250.6204285292001,4.943163749127273,8.752757684697947,9.244983221835519e-05,1.7664373397584519
3245,MCIDAS (OMIM:618695),41,3911.8693748859323,4.770572408397478,8.702149906951822,0.00022214785473814938,1.6615319340549266
3246,MCM10 (OMIM:619313),78,16243.50285141514,5.4090918586131,8.933908660396092,0.00010563534348670766,1.6899373953311692
3247,MCM2 (OMIM:616968),10,171.04182653212058,3.8009294784915686,7.867044916815852,0.0025707430151976655,2.0755858737839117
3248,MCM3AP (OMIM:618124),103,27607.50950908252,5.255570056935564,9.120746959343741,0.0005727427745271421,1.5777141720024381
3249,MCM4 (OMIM:609981),88,17596.440540171614,4.59677130098527,9.107138567489411,7.104736562826131e-05,1.5459919251621177
3250,MCM5 (OMIM:617564),48,5155.951678745019,4.570879147823598,7.926378548761438,0.00036767347151116914,1.3447736754520236
3251,MCM6 (OMIM:223100),17,578.3132720914319,4.252303471260529,8.282600462758705,0.7400213448202568,1.5711118543668472
3252,MCM8 (OMIM:612885),42,4113.778584569725,4.777907763727904,8.01490187983841,0.0013598250934187413,1.4846017950991517
3253,MCM9 (OMIM:616185),30,1933.4650400061523,4.444747218404948,7.922971865440854,0.0013598250934187413,1.5383103368064732
3254,MCOLN1 (OMIM:252650),102,25155.776248500533,4.883668462143377,8.494021273146501,7.985349342145561e-05,1.4209508940908233
3255,MCOLN1 (OMIM:620763),6,48.8176346745549,3.2545089783036603,5.81587044141693,0.7609453784098479,1.5480545003649164
3256,MCPH1 (OMIM:251200),29,1519.452177718394,3.7424930485674732,8.232308486184055,0.00040364886229316726,1.3972980398555508
3257,MCTS1 (OMIM:301115),43,4077.8258991908665,4.515864783157106,8.730457946576333,0.08854697781472262,1.6239313219638538
3258,MDFIC (OMIM:620014),60,7799.47924252403,4.406485447753689,8.510208847556525,0.004469792754054722,1.347350602188799
3259,MDH2 (OMIM:617339),104,27742.784445001875,5.179758111464129,9.08316548962287,0.0005974451415905798,1.5217725700252365
3260,MDM2 (OMIM:618681),52,5768.853614898664,4.35056833702765,8.610262410451249,0.0006353231604271463,1.3351674330480416
3261,MDM4 (OMIM:618849),75,12911.85856878469,4.652922006769257,9.293754286088975,0.0013984767725301699,1.6103324641174386
3262,MECOM (OMIM:616738),114,30631.60959736966,4.755722651353774,8.694572812999567,0.006897913965728082,1.474759675892002
3263,MECP2 (OMIM:300055),177,84724.23642188002,5.439409117994352,9.375493845237445,0.00018869251796236437,1.522035711628252
3264,MECP2 (OMIM:300260),194,99227.48267605274,5.3003302535149155,8.715848745782402,0.0001018499913121344,1.4731364029626985
3265,MECP2 (OMIM:300496),29,1810.8383310981226,4.4601929337392185,8.35151082614376,0.0005689965370294645,1.6357980577881714
3266,MECP2 (OMIM:300673),65,10913.63090048667,5.246937932926284,8.860628775567122,2.000000165480742e-10,1.6416398704398834
3267,MECP2 (OMIM:312750),110,31048.09702670097,5.178998670008502,8.8608466583155,0.0003375709275285942,1.557420834131448
3268,MECR (OMIM:617282),100,26002.35935869676,5.253001890645811,8.758319797340576,0.0004882882588597252,1.422867817713316
3269,MECR (OMIM:620629),28,1942.515013226445,5.138928606419166,8.445934044335457,0.0017252892329913654,1.5756878206614142
3270,MED11 (OMIM:620327),109,28503.666586201365,4.842620894699518,8.81832595481965,0.0001473428281572063,1.4033044848340934
3271,MED12 (OMIM:300895),169,73995.58412011946,5.212424916886409,8.939945598133225,0.0002486465088485564,1.437248723914104
3272,MED12 (OMIM:301068),237,152855.7371931605,5.465770478193538,9.221083893416997,0.00010468782252650423,1.4979552631028539
3273,MED12 (OMIM:305450),228,135788.53231799998,5.247257605610943,9.54026241098788,5.9439822204979764e-05,1.4263045817880886
3274,MED12 (OMIM:309520),144,50698.7627397796,4.924122255223349,9.480303106140934,0.00018869251796236437,1.416669043949725
3275,MED12L (OMIM:618872),152,57794.38946169005,5.036109224615724,9.013265320832058,0.00024154765399423707,1.5144269182126797
3276,MED13 (OMIM:618009),80,16327.990245498222,5.167085520727285,8.666118447332739,0.00015294580467822567,1.5725109922420668
3277,MED13L (OMIM:616789),114,30885.56374135222,4.795150402321413,8.789156748701284,0.00015294580467822567,1.408858469638888
3278,MED17 (OMIM:613668),65,9970.15079386612,4.79334172782025,8.727661548696684,0.00030206516417093,1.457059677518533
3279,MED23 (OMIM:614249),84,17714.664242800725,5.081659277911855,8.644088814735133,0.00037868868455093207,1.4889233837791866
3280,MED25 (OMIM:616449),196,94771.68619232447,4.9592719095931175,8.822869115005792,0.0001473428281572063,1.3901815911648479
3281,MED27 (OMIM:619286),115,31923.81078058447,4.870146572171544,8.74637943623181,0.030991452217247382,1.361068380168396
3282,MEF2A (OMIM:608320),37,3276.107017158287,4.919079605342773,8.948517604211755,0.0012817528951234228,1.849771536513982
3283,MEF2C (OMIM:613443),104,27004.83929335625,5.041978956937314,8.97303136700663,0.0005974451415905798,1.5795722956579343
3284,MEFV (OMIM:134610),46,5154.237244012262,4.979939366195422,9.114354178419502,0.0007325559063462348,1.7644409599753323
3285,MEFV (OMIM:249100),111,32380.43673565409,5.3039208412209815,9.4286855550867,0.0007165373026079224,1.6128192283736174
3286,MEFV (OMIM:608068),51,6354.993932995805,4.984308967055534,9.4286855550867,9.72745890095313e-05,1.8184598651434827
3287,MEGF10 (OMIM:614399),127,42242.41424105023,5.279641824903166,8.997283853759603,0.0006461379115094649,1.54895009225838
3288,MEGF10 (OMIM:620249),114,32526.888428057115,5.049974915084166,8.997283853759603,0.00025006395324224406,1.63693564725743
3289,MEGF8 (OMIM:614976),239,154550.27953515685,5.434066296373435,9.576610568278216,0.00016194096168394945,1.4871322016920865
3290,MEI1 (OMIM:618431),11,254.59562259097441,4.629011319835898,8.70445885574398,0.0003828231525103401,2.399165759451647
3291,MEIOB (OMIM:617706),14,434.37094546479415,4.773307093019716,7.446727095251637,0.000803149581822378,2.1034030878193644
3292,MEIOB (OMIM:620686),15,468.6762172738497,4.463583021655712,7.298576418887027,0.00011361266494711034,1.9193428188363748
3293,MEIS2 (OMIM:600987),137,44484.20337181738,4.775032564600405,9.312931469874188,0.0001018499913121344,1.491261047247443
3294,MEN1 (OMIM:131100),90,21367.5296344323,5.33521339186824,8.897067812396294,0.003743882164772427,1.6599131849625668
3295,MEOX1 (OMIM:214300),63,9247.524401641225,4.735035535914606,8.656721343267414,0.0002277196686593763,1.3965699871529524
3296,MERTK (OMIM:613862),25,1378.8958572044512,4.596319524014837,8.437531608118437,0.0013834482554761526,1.7127255218622122
3297,MESD (OMIM:618644),95,21958.826070899268,4.917990161455603,8.74637943623181,0.0009929488752456845,1.4397877225038918
3298,MESP2 (OMIM:608681),36,2663.767038779488,4.22820164885633,8.37146596535256,0.585689352650918,1.2965066329244195
3299,MET (OMIM:607278),23,959.6352966757596,3.7930248880464807,8.290102030407954,0.08956045956453657,1.7582478278416105
3300,MET (OMIM:616705),7,67.17848022202988,3.198975248668089,4.662535130851787,0.3980917516456417,1.227516412457778
3301,MET (OMIM:620019),45,4602.281228468344,4.648768917644792,8.876180524575485,0.0007631624041484902,1.8400829259975202
3302,METTL23 (OMIM:615942),45,4236.446905079772,4.279239298060375,8.908085989829646,0.003320060082725269,1.4636189750462938
3303,METTL5 (OMIM:618665),80,15011.399921282267,4.750443013064008,8.568069512451574,0.0012599449808452711,1.4142081474322812
3304,MFAP5 (OMIM:616166),56,6677.593354507111,4.3360995808487734,8.362965754114972,0.0007034141640015808,1.3616056401799317
3305,MFF (OMIM:617086),87,18428.231025407964,4.9260173818251705,8.581464885582102,0.0005412573883512041,1.3636798667588965
3306,MFN2 (OMIM:151800),61,8883.260724217585,4.854240832905784,8.90656598571372,0.09459494695065138,1.65490486449262
3307,MFN2 (OMIM:601152),92,23305.133961978543,5.567399417577292,9.174733685028867,0.0006461379115094649,1.635686367402236
3308,MFN2 (OMIM:609260),84,18003.646115576943,5.164557118639398,9.072852201496532,0.00031792342844160594,1.5372895673971954
3309,MFN2 (OMIM:617087),73,13581.048642173599,5.16782672837656,9.072852201496532,0.07178293162677946,1.5761591579196155
3310,MFRP (OMIM:609549),6,49.15484029084072,3.2769893527227145,5.6791243898200365,0.7609453784098479,1.6313754562220786
3311,MFRP (OMIM:611040),55,7688.231568938964,5.177260315783815,8.839996780287654,0.00015500775417016222,1.5691472710639343
3312,MFSD2A (OMIM:616486),90,20378.251829709596,5.088202704047339,8.789156748701284,0.0001663034595149971,1.575446028216978
3313,MFSD8 (OMIM:610951),60,8859.65012059101,5.005452045531644,8.16838380965354,0.0004882882588597252,1.4910252243923259
3314,MFSD8 (OMIM:616170),28,1900.6719494486651,5.028232670499114,8.607034287435987,0.00014468862235090667,1.7259196563085015
3315,MGAT2 (OMIM:212066),194,98755.48640367572,5.275118124228178,9.107138567489411,8.244249002149404e-05,1.5501823306860125
3316,MGME1 (OMIM:615084),102,25139.697380170215,4.8805469579053025,9.096009782454216,0.0001339273823782835,1.550986251276998
3317,MGP (OMIM:245150),139,46454.5746482181,4.8435590291125115,9.05574079114555,0.0001641602704542467,1.5753922009584498
3318,MIA3 (OMIM:619269),138,44688.367673983055,4.7274270257043325,8.860975265279883,0.0001473428281572063,1.517022155644158
3319,MIB1 (OMIM:615092),11,233.6555353527126,4.248282460958411,7.250839343051477,0.00016031828208005656,1.9834677949355832
3320,MICOS13 (OMIM:618329),138,48815.11861406613,5.163981658104954,8.945561178653508,0.00035697193889868843,1.4863837189941704
3321,MICU1 (OMIM:615673),178,78724.22597544572,4.997411666060161,8.98359128733105,0.00022026734555797406,1.4553321507708663
3322,MID1 (OMIM:300000),149,56494.8255126768,5.12378246986004,8.969313948678833,0.00045198453520349144,1.3814822323599254
3323,MID2 (OMIM:300928),56,6998.052235626512,4.544189763393839,8.57305354534755,0.13307267511849236,1.352123279196311
3324,MIEF1 (OMIM:620550),14,386.45939854439143,4.2468065774108945,7.167012073045745,0.7609453784098479,1.3411325078921794
3325,MIEF2 (OMIM:619024),27,1706.5108895651138,4.861854386225395,8.911550766086647,0.004239304276640087,1.8061257409481228
3326,MINAR2 (OMIM:620238),7,67.17848022202988,3.198975248668089,4.662535130851787,0.3980917516456417,1.227516412457778
3327,MINPP1 (OMIM:619527),110,28740.482967830554,4.794075557603095,8.656505223280545,0.0010976185592787876,1.3955655948339911
3328,MIP (OMIM:615274),10,180.09678522581427,4.002150782795873,6.401532239623281,0.033672121072073846,2.0161904277181844
3329,MIPEP (OMIM:617228),81,14996.1613299727,4.628444854929845,8.560519341724659,0.00015294580467822567,1.4821053037726006
3330,MITF (OMIM:103500),26,1521.8504435821765,4.6826167494836195,8.017998793590554,0.014407477094097808,1.4570383912459683
3331,MITF (OMIM:193510),37,3180.0560515147267,4.7748589362082985,8.286259117680356,0.5225530736842586,1.5071244399949182
3332,MITF (OMIM:614456),7,66.0132866209229,3.1434898390915667,5.582868513253719,0.8954429315708131,1.2857827410707994
3333,MITF (OMIM:617306),98,23047.6385243092,4.849071854472796,8.665169043104912,0.00015304849304319395,1.489569565893534
3334,MKKS (OMIM:236700),97,24045.068493688457,5.164318834555081,9.185156279754512,0.0001473428281572063,1.523547748670795
3335,MKKS (OMIM:605231),55,7105.79658730362,4.785048206938464,8.956280203738162,0.0004882882588597252,1.4466974072687657
3336,MKRN3 (OMIM:615346),10,176.89803967314634,3.931067548292141,6.300643807200034,0.000994346441968499,1.8424185867866938
3337,MKS1 (OMIM:249000),261,178384.8266833681,5.25743668385995,9.148788967171441,2.000000165480742e-10,1.4126701068922212
3338,MKS1 (OMIM:615990),31,2203.0241180206494,4.737686275313225,8.357509181003545,0.00015500775417016222,1.569400742939162
3339,MKS1 (OMIM:617121),66,10163.30843351747,4.738139129844974,8.602400318048161,0.0004882882588597252,1.4336747605706488
3340,MLH1 (OMIM:276300),85,18935.154489274275,5.30396484293397,8.954479659487772,5.242916722816017e-05,1.540908388694134
3341,MLH1 (OMIM:609310),7,62.597125405054996,2.9808154954788093,5.374492625270428,0.36940524006644593,1.4952065097999765
3342,MLH3 (OMIM:614385),12,227.33081835800368,3.4444063387576316,5.83123719257426,0.07650017549322971,1.6433457419692115
3343,MLIP (OMIM:620138),56,8630.4173940482,5.604167138992337,9.300420975353555,0.001799275823352384,1.993545947394005
3344,MLPH (OMIM:609227),16,412.33116486763754,3.4360930405636463,7.378898401681758,1.2272785033855085,1.3121650111385594
3345,MLYCD (OMIM:248360),70,11776.376917513655,4.8763465496950955,8.748322091067735,0.00016031828208005656,1.503541308264553
3346,MMAA (OMIM:251100),99,25542.068716950496,5.2653202879716545,8.920777156318604,0.0011777486855865352,1.529042722987687
3347,MMAB (OMIM:251110),105,29112.88218802989,5.332029704767379,8.920777156318604,0.00035697193889868843,1.4977081770075624
3348,MMADHC (OMIM:277410),71,11537.313057462434,4.642781914471804,8.34454284503454,0.0018646679343534583,1.4787203552496113
3349,MME (OMIM:617017),32,2547.5464116061453,5.136182281464003,9.16883064934852,0.0015990505493633342,1.8262186840502515
3350,MME (OMIM:617018),69,11469.481612583651,4.888952094025427,8.879229495516284,0.18782260269370699,1.4788706885019722
3351,MMP13 (OMIM:250400),47,5414.904467617442,5.0091623197201125,8.841837620610564,0.0004262808596326783,1.6593183244735639
3352,MMP13 (OMIM:602111),69,11104.521315052662,4.733385044779481,8.890761443237208,0.0013767302025706244,1.5578174298930487
3353,MMP14 (OMIM:277950),58,6951.924484971746,4.205640946746368,8.130443615282964,0.0007234721597415179,1.3871577258325316
3354,MMP19 (OMIM:611543),16,534.0286191852215,4.450238493210179,7.981024797845407,0.001460262399412806,1.5941833296604362
3355,MMP2 (OMIM:259600),179,82509.77493555438,5.179196217158645,9.081286266286407,0.0005149209235504193,1.4827554056529408
3356,MMP20 (OMIM:612529),19,677.0146543313549,3.959150025329561,7.758403407027391,0.0012508654631617168,1.7751965878420863
3357,MMP21 (OMIM:616749),68,11173.404251196038,4.904918459699753,8.286978846844368,0.0003686362090459548,1.4172036371617573
3358,MMP9 (OMIM:613073),30,1765.2187801007708,4.0579742071282086,7.958629353629862,0.6807271865787016,1.4120857534156273
3359,MMUT (OMIM:251000),130,42812.66030379993,5.105862886559324,9.04243326962102,0.0007165373026079224,1.4691269359447345
3360,MN1 (OMIM:618774),94,21449.306325585403,4.907185157992543,8.855625929658318,0.0001018499913121344,1.499268187320174
3361,MNS1 (OMIM:618948),31,2147.063263308175,4.617340351200377,8.615706089761913,0.000803149581822378,1.8240697883677097
3362,MNX1 (OMIM:176450),102,25638.748805646574,4.977431334817816,9.254793230806976,0.00015768016405966561,1.5103294613403855
3363,MOCOS (OMIM:603592),21,893.5960638526576,4.2552193516793215,8.390231943046738,0.36055313953333146,1.7077602294339247
3364,MOCS1 (OMIM:252150),114,32272.15822629803,5.010426676959794,8.92622207743526,0.00012943476669520794,1.5280547851344572
3365,MOCS2 (OMIM:252160),117,34082.34900515126,5.0224504870544155,8.964079417231831,0.00012943476669520794,1.4927290609244044
3366,MOG (OMIM:614250),27,1781.3476948439702,5.075064657675129,8.736640977196304,2.000000165480742e-10,1.9622413500233438
3367,MOGS (OMIM:606056),149,53620.887288783626,4.863131442842701,9.186384532686503,0.001362946333419783,1.4544418801543175
3368,MORC2 (OMIM:616688),105,31488.23123589585,5.767075317929643,9.151849204939682,0.0006461379115094649,1.6482805071374684
3369,MORC2 (OMIM:619090),91,20671.40885706706,5.047963090858867,8.66959282211506,0.00031792342844160594,1.4524396911644069
3370,MOS (OMIM:620383),11,248.26801560992448,4.513963920180445,7.298576418887027,0.0003828231525103401,2.193722004224343
3371,MOV10L1 (OMIM:619878),13,360.0192848341918,4.615631856848613,7.339821052931584,0.000803149581822378,2.2062082622839783
3372,MPC1 (OMIM:614741),78,13681.635120075558,4.555989050974212,8.820231812316363,0.0001663034595149971,1.5040520930589538
3373,MPDU1 (OMIM:609180),116,31336.906998502876,4.698186956297283,8.616277493040236,0.0001018499913121344,1.3542725932724855
3374,MPDZ (OMIM:615219),112,31543.41539789871,5.074552026688981,8.650939582739277,2.854372589682972e-05,1.446495105489842
3375,MPEG1 (OMIM:619223),44,4588.7652618822885,4.850703236662039,8.864956502213227,0.005412005236895957,1.7394153851021419
3376,MPI (OMIM:602579),77,15043.337607090209,5.141263707139511,9.051382881482878,0.00017851427268566979,1.6121146006872873
3377,MPIG6B (OMIM:617441),23,1284.7723832582851,5.07815171248334,8.945867767676216,0.0014855743094601048,1.858172759360756
3378,MPL (OMIM:601977),7,78.8494636592086,3.7547363647242187,6.697882164378438,0.021118882200204435,1.9165897843108195
3379,MPL (OMIM:604498),23,1220.9914970583513,4.826053348056725,8.458909455712796,0.021118882200204435,1.9844506207636206
3380,MPLKIP (OMIM:234050),120,34550.88626298323,4.8390597006979315,9.049987439520152,5.9439822204979764e-05,1.4918325322113284
3381,MPO (OMIM:254600),11,168.97573598316717,3.0722861087848576,5.126249188181604,0.7400213448202568,0.913561387569124
3382,MPV17 (OMIM:256810),151,60639.53024515112,5.354483906856611,9.05354975179089,0.00019109498643675617,1.5540831649633422
3383,MPV17 (OMIM:618400),75,14180.381226670346,5.110047288890215,9.102949570487763,0.00025006395324224406,1.6910712254813949
3384,MPZ (OMIM:118200),67,11590.487869524051,5.242192613986455,9.072852201496532,0.00031792342844160594,1.8017914220640399
3385,MPZ (OMIM:303100),33,2628.3877252744646,4.978007055444062,8.437531608118437,2.000000165480742e-10,1.7304396171891845
3386,MPZ (OMIM:607677),34,2722.365191385529,4.852700875910034,9.072852201496532,0.1516386957418106,1.7857506337990057
3387,MPZ (OMIM:607736),54,7508.792619530228,5.247234534961724,9.072852201496532,0.0025707430151976655,1.7578784531812153
3388,MPZ (OMIM:607791),30,2110.993037282737,4.852857556971809,9.072852201496532,0.0006529628222895659,1.7676432244403575
3389,MPZ (OMIM:618184),73,13704.509352786505,5.214805689796996,8.679984336960535,0.00035697193889868843,1.6316592548214852
3390,MPZL2 (OMIM:618145),9,110.19939552136343,3.061094320037873,4.723785436329275,0.0025707430151976655,1.5162221479066724
3391,MRAP (OMIM:607398),106,27868.9236599402,5.007892840959604,9.014291456696972,0.0001018499913121344,1.6257951106923207
3392,MRAS (OMIM:618499),99,23324.858815759115,4.80825784699219,8.64198020110445,0.00015304849304319395,1.4527478577821893
3393,MRE11 (OMIM:604391),83,17501.557828110606,5.142979085545285,9.214679967371058,0.00037868868455093207,1.6129291161749124
3394,MRM2 (OMIM:618567),63,9269.665689960364,4.746372601106177,8.584255270720316,0.0008490127402368342,1.5481216017809385
3395,MRPL12 (OMIM:618951),81,14580.745257358434,4.50023001770322,8.574706191933506,0.019538305154274842,1.3737074316149436
3396,MRPL3 (OMIM:614582),64,10273.82365111948,5.096142684087043,8.825116156796453,0.019538305154274842,1.5198997313609297
3397,MRPL39 (OMIM:620646),105,27060.89031048114,4.956207016571637,8.945053305387994,0.019538305154274842,1.4894967013113898
3398,MRPL44 (OMIM:615395),29,1971.9464824917447,4.857011040620061,8.394802587477349,0.0016094262110088685,1.6694164367812812
3399,MRPS14 (OMIM:618378),67,10895.427922186132,4.927828096872968,8.658302736169775,0.001107639007670092,1.4623606277160448
3400,MRPS16 (OMIM:610498),88,17800.93366066783,4.650191656391805,8.568243611390578,0.00045198453520349144,1.4122362251345564
3401,MRPS2 (OMIM:617950),80,15572.247739621189,4.927926499880123,9.028118885708396,0.019538305154274842,1.5341097589977908
3402,MRPS22 (OMIM:611719),101,23865.46060211258,4.725833782596551,8.695792767676242,0.009198308701206151,1.4053529252833463
3403,MRPS22 (OMIM:618117),25,1361.2333803350725,4.537444601116908,8.422070554097699,0.0002603386054333028,1.6957303068355882
3404,MRPS23 (OMIM:618952),8,94.20512398684212,3.36446871381579,5.86708475630963,0.7400213448202568,1.4353743222701396
3405,MRPS25 (OMIM:619025),62,8559.996710246016,4.526703707163414,8.602957554307755,5.9439822204979764e-05,1.4437837681439833
3406,MRPS28 (OMIM:618958),116,30807.275236764595,4.618781894567405,8.868190009958482,0.019538305154274842,1.397997870458774
3407,MRPS34 (OMIM:617664),114,32952.70806488072,5.11608571105119,8.62047673317005,0.00022366396974664592,1.5006004309775465
3408,MRPS7 (OMIM:617872),63,11371.820120280527,5.822744557235293,9.004264940230842,0.00017331200295161542,1.7449933439035048
3409,MRTFA (OMIM:618847),31,1942.0501246117442,4.176451880885471,8.608779112318507,2.000000165480742e-10,1.387240811260034
3410,MS4A1 (OMIM:613495),30,2016.6134533350864,4.635892996172612,8.02642541031401,0.02355189553633338,1.5564088263800047
3411,MSH2 (OMIM:619096),41,4019.970963348623,4.902403613839784,8.19976823008877,8.840919630067408e-05,1.5295154252014667
3412,MSH3 (OMIM:617100),58,8028.911072550591,4.8571754824867455,9.099237223531544,0.0020827722371366555,1.498099813643883
3413,MSH4 (OMIM:108420),18,761.7108424060382,4.9785022379479615,8.557226359697278,0.000803149581822378,2.008080969776927
3414,MSH4 (OMIM:619938),13,337.2837750298063,4.324150961920593,7.298576418887027,0.00011361266494711034,1.944442276651656
3415,MSH5 (OMIM:617442),19,768.6492235630844,4.495024699199324,7.484685361121894,0.0002603386054333028,1.8619648627989691
3416,MSH5 (OMIM:619937),13,360.0192848341918,4.615631856848613,7.339821052931584,0.000803149581822378,2.2062082622839783
3417,MSH6 (OMIM:614350),29,1712.1625479843858,4.217149132966467,8.046519895068517,0.07650017549322971,1.5119833223940955
3418,MSH6 (OMIM:619097),59,8671.24780230576,5.067941439103308,8.614022178146813,5.242916722816017e-05,1.6197797567511454
3419,MSL3 (OMIM:301032),153,56195.06837731019,4.832737218550928,8.84939032163348,0.001107639007670092,1.4528232394530116
3420,MSMO1 (OMIM:616834),79,14160.91544925689,4.596207546010026,8.975266020861353,0.0013983207012920977,1.5618144545453216
3421,MSN (OMIM:300988),45,4349.332757687194,4.393265411805247,8.294436454448903,0.08854697781472262,1.3749844858231497
3422,MSRB3 (OMIM:613718),12,262.3018593765096,3.9742705966137817,7.033789584794274,0.7609453784098479,1.368610418633319
3423,MST1R (OMIM:617075),14,300.3092478386934,3.3001016246010266,5.708471727282082,0.2790069274728386,1.1530459053416047
3424,MSTN (OMIM:614160),12,241.1999583452947,3.654544823413556,6.327269167462992,0.1470979436354091,1.3597804969504792
3425,MSTO1 (OMIM:617675),148,56092.79338504546,5.15653551986077,8.910142571259092,0.00015286693837893977,1.5246247871310656
3426,MSX1 (OMIM:106600),11,175.44466053197766,3.1899029187632304,5.632335382053142,0.0009189324407240284,1.4270026208794568
3427,MSX1 (OMIM:189500),26,1558.9303797485454,4.796708860764755,9.15787951725278,0.0009929488752456845,1.8771791700307179
3428,MSX1 (OMIM:608874),14,360.9091259069894,3.966034350626257,7.529365065227255,0.1698472034295444,1.4998083695738031
3429,MSX2 (OMIM:168500),47,5046.950179482925,4.6687790744522895,8.50241840903048,0.1698472034295444,1.4757173210087426
3430,MSX2 (OMIM:168550),29,1853.4501657955964,4.565148191614769,8.327804399024194,0.00014635645308271001,1.6017475095631322
3431,MSX2 (OMIM:604757),61,8746.19673200931,4.77934247650782,8.585838619266562,0.0001213039522527137,1.5700158226458643
3432,MT-ATP6 (OMIM:551500),49,5859.371930767632,4.982459124802408,8.626600266239661,0.17161579822346057,1.5741539893511207
3433,MTAP (OMIM:112250),76,12776.436973153133,4.48296034145724,9.063832152900357,0.0026947046279763263,1.6727945794258312
3434,MTFMT (OMIM:614947),138,47057.351416568315,4.97803357839504,8.829101726474832,0.0002696013531600888,1.432443371084115
3435,MTFMT (OMIM:618248),43,4328.338949261623,4.79328787293646,8.448120563363869,0.009198308701206151,1.5528213108638627
3436,MTHFD1 (OMIM:617780),99,24249.632640670257,4.998893556106011,9.055750152776117,0.006897913965728082,1.563133025050644
3437,MTHFR (OMIM:236250),49,4788.832268909371,4.0721362830862,8.305195639943225,0.0454015306599506,1.3631746406538092
3438,MTHFS (OMIM:618367),127,38018.74564646763,4.75174923715381,9.100964310357936,0.0012287831758608515,1.3731077772006537
3439,MTM1 (OMIM:310400),134,45268.63161385777,5.080084346746467,9.110652810498433,2.000000165480742e-10,1.5121040976728537
3440,MTMR2 (OMIM:601382),53,6764.853495776992,4.9091825078207485,8.744460536297934,0.0006461379115094649,1.6790661131138553
3441,MTO1 (OMIM:614702),83,16523.86813611326,4.855676795801721,8.860622938536464,0.019538305154274842,1.4129222356646385
3442,MTOR (OMIM:616638),164,65210.43130092054,4.878829215989866,8.969313948678833,0.00015294580467822567,1.4043648400216084
3443,MTPAP (OMIM:613672),72,13546.188493744772,5.299760756551163,8.980532786046794,0.001107639007670092,1.6773722368573245
3444,MTR (OMIM:250940),138,46221.23653260268,4.889583892161502,9.013265320832058,2.000000165480742e-10,1.4356093017720206
3445,MTRFR (OMIM:613559),98,24035.32610730122,5.0568748384812165,8.69190078267815,0.0008407434371969585,1.4298343979078627
3446,MTRFR (OMIM:615035),93,23154.391781281913,5.412433796466085,9.198946744088769,0.0010221449047190993,1.6235184422945597
3447,MTRR (OMIM:236270),73,12384.155249722719,4.7123878423602426,8.241309916506596,0.07970583462251685,1.4435097551224192
3448,MTSS2 (OMIM:620086),63,9001.896646343634,4.609266075956802,8.586198289053225,0.006897913965728082,1.5154861675043785
3449,MTTP (OMIM:200100),38,3411.5299117320337,4.852816375152253,8.790812873694563,0.0005121596046084929,1.7927523821562548
3450,MTX2 (OMIM:619127),223,123214.75254223836,4.977770473972382,9.196915662491865,0.0008771266049050804,1.4306129387485818
3451,MUC1 (OMIM:174000),73,13293.259207968942,5.0583178112515,8.552307613134367,0.0006353231604271463,1.7147896906214641
3452,MUSK (OMIM:208150),165,67548.52115641093,4.992499715920985,9.065048128256931,0.0007660873712183492,1.4472460198258277
3453,MUSK (OMIM:616325),93,22079.768589075822,5.161236229330487,9.200206902925197,0.0001327613358585333,1.6623824471962518
3454,MUTYH (OMIM:608456),8,91.29652952027965,3.2605903400099874,5.600573171745497,0.36940524006644593,1.463083970139991
3455,MVD (OMIM:614714),8,106.50308459271137,3.803681592596835,6.404854132228905,1.4089720234889813,1.3849345046354273
3456,MVK (OMIM:175900),11,234.0925954185246,4.256229007609538,7.944363621846826,1.4089720234889813,1.6608377350197256
3457,MVK (OMIM:260920),127,42264.095620314976,5.28235165858205,9.4286855550867,0.0004605722303507187,1.5623848811198504
3458,MVK (OMIM:610377),171,77036.93858916736,5.300098974142921,9.226538891619565,0.0001225856569594062,1.5081480582296876
3459,MYBPC1 (OMIM:614335),30,1871.901451944701,4.303221728608508,8.594386038696415,0.0014414616470545855,1.822875222438074
3460,MYBPC1 (OMIM:614915),17,481.68521875494133,3.541803079080451,6.350342603216089,0.7154510495873228,1.1588677998029027
3461,MYBPC1 (OMIM:618524),59,7894.156681329801,4.613767785698306,8.626600266239661,0.0013637384159160648,1.6641688889242376
3462,MYBPC3 (OMIM:115197),76,15816.23901606882,5.549557549497831,9.235549052995463,0.0001849738499394851,1.6828551333453796
3463,MYBPC3 (OMIM:615396),20,1039.5210287097264,5.47116330899856,8.700593765332401,0.0028246861463372313,1.8444264143111029
3464,MYC (OMIM:113970),10,197.30670527465878,4.384593450547973,8.124254707422228,0.2995110221702624,1.8410749883829554
3465,MYCN (OMIM:164280),139,47692.63280365236,4.972644437874295,8.898987769038582,0.0007338760807665929,1.4758463464441938
3466,MYCN (OMIM:620748),144,49707.37273631665,4.8278334048481595,8.896395064633179,0.0001473428281572063,1.4025128560184652
3467,MYD88 (OMIM:153600),27,1655.0083630794984,4.715123541537032,8.63693835469825,0.327665973435471,1.5577783187863647
3468,MYD88 (OMIM:612260),43,4379.266264869769,4.849685786123775,8.52410805245243,0.00010563534348670766,1.6167739427319747
3469,MYF5 (OMIM:618155),53,6784.853774681913,4.923696498317788,8.42593450612741,0.00036094220643242167,1.5550502832733524
3470,MYH11 (OMIM:132900),53,6554.228055931241,4.756333857714979,8.261709682924781,0.00012113826840601775,1.5696712164111915
3471,MYH11 (OMIM:619350),60,9374.49810262931,5.296326611654977,8.796104221293637,7.419480645582617e-05,1.6560422459903816
3472,MYH11 (OMIM:619351),85,18738.30611139266,5.248825241286459,8.993526946627833,7.419480645582617e-05,1.620223724091494
3473,MYH14 (OMIM:600652),9,110.19939552136343,3.061094320037873,4.723785436329275,0.0025707430151976655,1.5162221479066724
3474,MYH14 (OMIM:614369),42,4493.817245777214,5.219299937023478,9.121280167684716,0.00025006395324224406,1.8325317533899632
3475,MYH2 (OMIM:605637),68,10784.798828924377,4.734327844128348,8.626600266239661,0.0006217310747805367,1.5539336492968898
3476,MYH3 (OMIM:178110),135,44141.9844510213,4.880263620897877,8.564790570250523,0.00017189252005425464,1.3399348599478045
3477,MYH3 (OMIM:193700),232,144595.59672080938,5.39616348413231,9.274818919570118,0.0001935303784154868,1.4991479386413653
3478,MYH3 (OMIM:618436),57,7446.316995693166,4.665612152689953,8.451274062581685,0.0012171027474718729,1.6468221422784437
3479,MYH3 (OMIM:618469),54,6654.650643875175,4.6503498559574945,8.500406274751159,0.09459494695065138,1.5076890403334464
3480,MYH6 (OMIM:613251),25,1497.4271875073723,4.991423958357908,8.24545218396927,0.0001849738499394851,1.7583244490362906
3481,MYH6 (OMIM:613252),13,366.9862788291843,4.70495229268185,7.860232416045132,0.05130359026450264,1.7585930833907486
3482,MYH6 (OMIM:614089),9,134.10183867009238,3.7250510741692326,6.095059556407622,0.0018127530439782328,1.381926394791718
3483,MYH6 (OMIM:614090),9,94.107571101091,2.6140991972525276,5.611900841742558,0.015026947267907334,1.5748084130164939
3484,MYH7 (OMIM:160500),82,17249.14646324882,5.193961596883113,9.012091311065253,0.00020110568398922692,1.7531812962985154
3485,MYH7 (OMIM:255160),94,23204.310411690793,5.308696044770257,8.913429227230967,0.0001849738499394851,1.5798671068903085
3486,MYH7 (OMIM:608358),59,8814.877542073385,5.1518863483771975,8.934929131235185,0.00025006395324224406,1.8256335098146927
3487,MYH7 (OMIM:613426),68,13060.107920469532,5.733146584929558,9.19945232737294,0.0004395559339724585,1.7016441685588848
3488,MYH8 (OMIM:158300),79,14976.496053202529,4.860920497631461,8.802376928755695,0.00017189252005425464,1.5661435876538679
3489,MYH8 (OMIM:608837),21,797.5101550360349,3.7976674049334997,7.58308750832683,0.7154510495873228,1.2968102276487756
3490,MYH9 (OMIM:155100),58,8946.25167478465,5.4121304747638534,9.048119543087411,0.0016755542924666625,1.6881292791414744
3491,MYH9 (OMIM:603622),6,53.511775140302866,3.567451676020191,4.668350980941391,0.007663143125940271,1.3184325820213636
3492,MYL1 (OMIM:618414),95,21904.55351603382,4.905835053982938,8.669591169895874,0.0001327613358585333,1.5806818665148026
3493,MYL11 (OMIM:619110),140,48028.99724138097,4.9361764893505615,8.687583425391328,0.0001935303784154868,1.4689970807539112
3494,MYL2 (OMIM:608758),50,6926.214346575127,5.65405252781643,8.839386227188967,0.0001928074247934363,1.676419010691515
3495,MYL2 (OMIM:619424),78,15674.517352687695,5.2196194980645005,9.056588713482213,0.00016031828208005656,1.70087639143383
3496,MYL3 (OMIM:608751),41,4838.780801805711,5.900952197324038,9.19945232737294,8.946248855872717e-05,1.7626016084093135
3497,MYL4 (OMIM:617280),17,576.8060407252788,4.2412208876858735,7.030799445469061,8.736249828716642e-05,2.0076229360885276
3498,MYL9 (OMIM:619365),50,5498.425278354976,4.488510431310185,8.993526946627833,7.419480645582617e-05,1.4578837748744202
3499,MYLK (OMIM:249210),22,1014.9647582407258,4.393786832210934,8.239329441880743,0.12338941143481996,1.6211595366988683
3500,MYLK (OMIM:613780),15,394.63156475540455,3.7583958548133767,8.231422330749918,0.0007034141640015808,1.9187456744679232
3501,MYMK (OMIM:254940),171,74204.53560250899,5.105231207602958,8.799999546358414,0.00030206516417093,1.5051558883819152
3502,MYMX (OMIM:619941),65,9609.820848927699,4.6201061773690855,8.81520314498915,0.00042567357536057125,1.5120130351733572
3503,MYO15A (OMIM:600316),9,109.47198872963699,3.04088857582325,4.687030655879789,0.001488733334007875,1.5338875469324216
3504,MYO18B (OMIM:616549),109,27203.3197947401,4.621698911780513,8.51551660317277,0.0002277196686593763,1.3826088322062338
3505,MYO1E (OMIM:614131),31,2060.011147466107,4.430131499927112,8.15920527809197,0.0007165373026079224,1.5459454841674312
3506,MYO1H (OMIM:619482),91,22110.453780724558,5.39937821263115,8.885520883428894,4.395661259112839e-05,1.691177151150892
3507,MYO3A (OMIM:607101),9,110.19939552136343,3.061094320037873,4.723785436329275,0.0025707430151976655,1.5162221479066724
3508,MYO5A (OMIM:214450),35,2367.895994457469,3.9796571335419646,8.6055088637535,0.3541716737760512,1.364094008119293
3509,MYO5B (OMIM:251850),20,856.1832781074688,4.506227779512994,8.481304561428395,0.00017851427268566979,1.7033796754339432
3510,MYO5B (OMIM:619868),51,6395.579518014602,5.016140798442826,8.875055534834347,8.678962776528191e-05,1.6190738473609405
3511,MYO6 (OMIM:606346),9,110.19939552136343,3.061094320037873,4.723785436329275,0.0025707430151976655,1.5162221479066724
3512,MYO6 (OMIM:607821),19,777.1210109729716,4.544567315631412,7.948137248848518,0.09341807646618362,1.6494153889173309
3513,MYO7A (OMIM:600060),9,160.6036515307097,4.461212542519714,8.20350728518708,0.3980917516456417,2.1542368211341802
3514,MYO7A (OMIM:601317),8,124.35183990699636,4.441137139535584,7.845668772055533,0.014035786517923171,2.15021410899319
3515,MYO9A (OMIM:618198),66,10857.398915816219,5.061724436277958,8.738268659321479,0.001107639007670092,1.5066752407337707
3516,MYOC (OMIM:137750),11,221.59336183051948,4.028970215100355,8.226041481797994,0.7609453784098479,1.657969487284716
3517,MYOCD (OMIM:618719),44,4573.89390310631,4.834982984256142,8.031255777675826,0.00016031828208005656,1.5276603026010294
3518,MYOD1 (OMIM:618975),125,39226.210890157236,5.0614465664719015,8.78720403398921,0.0001473428281572063,1.493173545409264
3519,MYOF (OMIM:619366),24,942.3175792356262,3.4141941276653123,6.971982765267307,0.7388212240972487,1.173863510333606
3520,MYORG (OMIM:618317),68,11649.298569829101,5.113827291408736,8.567409380754633,0.00018869251796236437,1.4854856920854975
3521,MYOT (OMIM:609200),58,8295.429739418898,5.018408795776708,9.107112983547811,0.0005718811754514479,1.683907688729675
3522,MYOZ2 (OMIM:613838),40,4374.58184462854,5.608438262344283,9.043632319455332,0.0006794167071612963,1.7658794774895308
3523,MYPN (OMIM:615248),29,2166.377428467519,5.335904996225417,8.308254549994711,0.0024505065415623057,1.6923529947902645
3524,MYPN (OMIM:617336),73,12289.186632041397,4.676250621020318,8.660444866988472,0.0006888527898926093,1.6053698378391188
3525,MYRF (OMIM:618113),6,64.58461223897336,4.305640815931557,7.230976703807732,1.046009439364104,1.7277640455910759
3526,MYRF (OMIM:618280),145,53527.94033122949,5.127197349734625,9.022857578709173,0.00017312359511342573,1.4402568325064875
3527,MYSM1 (OMIM:618116),83,15646.3655421388,4.597815322403409,8.83259227562925,0.0013984767725301699,1.4586678950255398
3528,MYT1L (OMIM:616521),107,29061.765663529353,5.124628048585674,8.789156748701284,0.00015294580467822567,1.5160369711446238
3529,NAA10 (OMIM:300855),314,263049.93160094076,5.352962528254223,9.089958309365686,0.0001018499913121344,1.4614890020972784
3530,NAA15 (OMIM:617787),36,3086.53910109196,4.899268414431683,8.35151082614376,0.04582841245223828,1.607117185074137
3531,NAA20 (OMIM:619717),134,44634.48579534977,5.008919963567475,9.013265320832058,2.000000165480742e-10,1.499015775984989
3532,NACC1 (OMIM:617393),95,22080.33988007748,4.945204900353299,8.886642438784968,0.0005727427745271421,1.4611245900422771
3533,NADK2 (OMIM:616034),127,41259.662349919585,5.156813192090937,8.676051886080515,0.00037868868455093207,1.4631944342949013
3534,NADSYN1 (OMIM:618845),68,10911.212358773173,4.789821053017196,8.585259807530454,0.0001489791573623283,1.5489642032241688
3535,NAE1 (OMIM:620210),127,35995.22857442031,4.498841216650457,9.044974456591541,0.011062529308141045,1.3650455888636017
3536,NAF1 (OMIM:620365),72,11671.264961582063,4.566222598428037,9.057062461196077,0.00010349237996709834,1.5325781843529318
3537,NAGA (OMIM:609241),59,7843.626556615074,4.584235275637098,8.527832132835597,0.0012599449808452711,1.47820607802484
3538,NAGA (OMIM:609242),103,25886.842132816048,4.928011066593575,8.765294651058802,0.006833865803760908,1.5348187859535896
3539,NAGLU (OMIM:252920),104,23622.58149076877,4.410489449359368,8.843139062515883,0.0006794167071612963,1.40373911355638
3540,NAGLU (OMIM:616491),33,2468.0344976888173,4.674307760774275,8.331094802385888,0.36201212601023636,1.5106944366125439
3541,NAGS (OMIM:237310),57,8295.490581192344,5.197675802752095,8.904032694045698,0.0011777486855865352,1.6739542581169342
3542,NALCN (OMIM:615419),126,39392.34306509914,5.002202293980844,8.784571918774214,0.00015294580467822567,1.430445368336224
3543,NALCN (OMIM:616266),142,51212.077863716666,5.115580647659241,9.054649716855387,0.00017796557473134708,1.4743152687996992
3544,NANOS1 (OMIM:615413),13,393.1545594227369,5.040443069522268,8.565672566780993,0.000803149581822378,1.9633887257133629
3545,NANS (OMIM:610442),145,48965.777664513356,4.69020858855492,8.669605260759202,0.0012599449808452711,1.3787601349573195
3546,NAPB (OMIM:620033),54,6824.74988886722,4.769217252877163,8.915862472076086,0.0001663034595149971,1.6854019267584297
3547,NARS1 (OMIM:619091),98,24077.423142900658,5.065731778434811,8.908085989829646,0.0005974451415905798,1.448795619542012
3548,NARS1 (OMIM:619092),123,38010.429788189125,5.06603089273479,8.964079417231831,0.0005974451415905798,1.5261306380541872
3549,NARS2 (OMIM:616239),129,41853.24595341171,5.069433860636108,9.039951078484824,0.00045198453520349144,1.4782097241560381
3550,NARS2 (OMIM:618434),7,83.92796466027039,3.9965697457271614,7.452344977888898,0.014035786517923171,1.8505643162307934
3551,NAT2 (OMIM:243400),2,0.7400213448202568,0.7400213448202568,0.7400213448202568,0.7400213448202568,0.0
3552,NAT8L (OMIM:614063),65,10012.099629684952,4.813509437348534,8.452525671429177,0.0005974451415905798,1.5136026013711135
3553,NAXD (OMIM:618321),154,63155.175067227,5.360765220883372,9.003972907997158,0.00016212543135581012,1.52655033877403
3554,NAXE (OMIM:617186),113,33220.36695357196,5.2497419332446205,8.833391197292961,0.0011777486855865352,1.5115202981645564
3555,NBAS (OMIM:614800),110,28991.926834865222,4.8360178206614215,8.896395064633179,0.00011738054055120839,1.4150283256519434
3556,NBAS (OMIM:616483),55,7619.370661566553,5.130889334388251,8.918338151577295,0.0005937179460107278,1.6578196874431588
3557,NBEA (OMIM:619157),81,16090.88129120749,4.966321386175151,8.83281985509052,0.001107639007670092,1.5473983741810518
3558,NBEAL2 (OMIM:139090),44,5003.080412387088,5.28866851203709,8.9808357614461,0.0011035854909201093,1.799798152003082
3559,NBN (OMIM:251260),211,115025.3211827906,5.191844783696259,8.914496839257097,0.00010563534348670766,1.4502754977028014
3560,NCAPD2 (OMIM:617983),43,3972.5818101324553,4.399315404354878,8.35151082614376,0.00040364886229316726,1.506302571424908
3561,NCAPD3 (OMIM:617984),34,2332.1499023976285,4.157129950797912,8.253206758092773,0.0017609213018302608,1.4427885301110575
3562,NCAPG2 (OMIM:618460),219,124823.57232344928,5.229088530997833,8.940243106964795,0.0001473428281572063,1.4046552747420396
3563,NCAPH (OMIM:617985),28,1461.9801585931532,3.867672377230564,8.232308486184055,0.0011342589495837805,1.4894474802293998
3564,NCDN (OMIM:619373),52,6331.074668583372,4.774566115070416,8.75367880845029,0.001107639007670092,1.5379619463882654
3565,NCF1 (OMIM:233700),68,12083.198672354918,5.304301436503476,9.024754086574896,0.0001238454922430653,1.6639011230318692
3566,NCF2 (OMIM:233710),103,28734.763819888918,5.470162539480091,9.218329734759083,0.0001238454922430653,1.581715799261999
3567,NCF4 (OMIM:613960),56,7301.950109041502,4.741526044832145,8.75997487311922,4.9346129758286674e-05,1.5885908733139813
3568,NCKAP1L (OMIM:618982),88,19120.81352291309,4.994987858650233,8.754967235309081,0.00018664127441571447,1.6009850392891978
3569,NCSTN (OMIM:142690),17,527.0507812363882,3.8753733914440307,7.250528866786839,0.00027445280492934096,1.4535254494988343
3570,NDE1 (OMIM:605013),108,29252.73787645295,5.062779140957589,8.957244018559804,2.000000165480742e-10,1.551135885990735
3571,NDE1 (OMIM:614019),63,9133.193402690375,4.676494317813812,8.377282336380427,0.00040364886229316726,1.470592377470366
3572,NDNF (OMIM:618841),49,5904.478504759971,5.020815055068002,8.939489958713066,0.0013598250934187413,1.7280279233724054
3573,NDP (OMIM:305390),41,4731.142438284047,5.769685900346398,8.661365814921837,4.097561346135146e-05,1.7042271401757147
3574,NDP (OMIM:310600),58,8801.12070626935,5.3243319457164855,8.74832263769285,0.00018869251796236437,1.488939596580257
3575,NDRG1 (OMIM:601455),104,28949.006193026842,5.404967549108821,8.936516932489056,0.00011424600553125569,1.6634426483695273
3576,NDST1 (OMIM:616116),91,19241.283650947735,4.698726166287603,8.795029463371854,0.0010976185592787876,1.4177360448746892
3577,NDUFA1 (OMIM:301020),85,19630.358828759774,5.49869995203355,9.175618551460804,0.00037868868455093207,1.6118464852424885
3578,NDUFA10 (OMIM:618243),36,2633.3616023007553,4.17993905127104,8.341976251551907,0.7227309992301671,1.3352951763856
3579,NDUFA11 (OMIM:618236),61,8587.10992453969,4.692409794830432,8.512433482718082,0.019538305154274842,1.5372926797973985
3580,NDUFA12 (OMIM:618244),42,3809.6501385664487,4.424680764885538,8.288661289250147,0.001107639007670092,1.5084963438661976
3581,NDUFA13 (OMIM:618249),82,16813.82383038017,5.062879804390295,8.755342747970113,0.00037868868455093207,1.4917181815590295
3582,NDUFA2 (OMIM:618235),105,27777.951164737402,5.087536843358499,9.26419003440818,0.0011777486855865352,1.5483956858004935
3583,NDUFA4 (OMIM:619065),58,8258.484750057429,4.996058529980296,8.899284965990233,0.0012541389199276578,1.5278431873527183
3584,NDUFA6 (OMIM:618253),146,53875.26089039791,5.089774292904857,8.626136853793938,0.0001469875513899424,1.364172661343468
3585,NDUFA8 (OMIM:619272),129,40200.9245111942,4.869298027034181,8.551195022186693,0.0001018499913121344,1.392009263864451
3586,NDUFA9 (OMIM:618247),81,15029.454893057373,4.638720646005362,8.55308894247866,0.00037868868455093207,1.3894735560997886
3587,NDUFAF1 (OMIM:618234),77,14852.636210012219,5.076088930284422,9.181781892504443,0.0004882882588597252,1.661950988196811
3588,NDUFAF2 (OMIM:618233),68,11345.586972044708,4.980503499580644,8.6606798215908,0.0006778198740530075,1.5250753420533423
3589,NDUFAF3 (OMIM:618240),69,11022.207791811725,4.698298291479849,8.622073345432458,0.0001473428281572063,1.4386481487137468
3590,NDUFAF4 (OMIM:618237),89,19578.862909909618,4.999709629701128,9.11345293491237,0.006829839193248843,1.5034064015622024
3591,NDUFAF5 (OMIM:618238),99,24423.55768190902,5.034746996889099,8.779589132855696,0.00037868868455093207,1.5666109115037008
3592,NDUFAF6 (OMIM:618239),73,11788.061498275612,4.485563736025727,8.525369314769758,0.019538305154274842,1.4450691265758155
3593,NDUFAF6 (OMIM:618913),76,14338.736082002875,5.03113546736943,8.73963345649469,0.00012762636136547128,1.6049179561739266
3594,NDUFAF8 (OMIM:618776),46,5031.411173596596,4.861266834392847,8.692899294129576,0.0005412573883512041,1.5873086976474025
3595,NDUFB10 (OMIM:619003),59,7841.8317145291785,4.583186273833535,8.665412502288227,0.0007660873712183492,1.4738425228326797
3596,NDUFB11 (OMIM:300952),94,21673.30688232591,4.958432139630728,8.776793431718247,0.0001928074247934363,1.4706538849138189
3597,NDUFB11 (OMIM:301021),22,1016.5660718792285,4.400718925884106,8.829361530511717,0.390265610139474,1.6290857410986133
3598,NDUFB3 (OMIM:618246),39,3741.8009352176787,5.049663880185801,8.8697382056422,0.0007644814594371429,1.6868921874753307
3599,NDUFB7 (OMIM:620135),58,7506.8569051893455,4.541353239678975,8.379114711027764,0.0004395559339724585,1.3504771172471493
3600,NDUFB8 (OMIM:618252),61,8772.947889623443,4.7939605954226465,8.70910413419511,0.00017312359511342573,1.5276318786337053
3601,NDUFB9 (OMIM:618245),13,319.7072736516144,4.098811200661723,8.170648947061698,0.019538305154274842,1.6188792520279962
3602,NDUFC2 (OMIM:619170),89,17447.898278910016,4.455540929241577,8.71711108096531,0.0004395559339724585,1.3688057011910024
3603,NDUFS1 (OMIM:618226),121,37687.40771892556,5.191102991587543,9.164078412867404,0.00016212543135581012,1.443688107199339
3604,NDUFS2 (OMIM:618228),88,19481.41357058476,5.089188498062894,8.808835962337243,9.40336853774267e-05,1.5162306904997642
3605,NDUFS2 (OMIM:620569),19,872.1353665844875,5.100206822131506,8.226927723794072,0.0014213189289875093,1.7714966906713772
3606,NDUFS3 (OMIM:618230),70,11755.727281668947,4.867795975846355,8.653000347361925,0.019538305154274842,1.5816891102962232
3607,NDUFS4 (OMIM:252010),206,112914.66977137173,5.3476045357031365,9.26419003440818,8.772690078048988e-05,1.468266981084979
3608,NDUFS6 (OMIM:618232),37,3235.203527795889,4.8576629546484815,8.763181121242674,0.07970583462251685,1.677505691422005
3609,NDUFS7 (OMIM:618224),53,6888.251094748901,4.998730837989043,8.820231812316363,0.00016212543135581012,1.5454383138255765
3610,NDUFS8 (OMIM:618222),85,17781.6089067252,4.980842831015462,8.829277787476167,0.007807459901876793,1.553399280718904
3611,NDUFV1 (OMIM:618225),80,15537.830198359836,4.917034872898682,8.808835962337243,0.019538305154274842,1.5053059536767002
3612,NDUFV2 (OMIM:618229),65,9591.582507714287,4.611337744093407,8.619857548271435,0.0454015306599506,1.4693776811768064
3613,NEB (OMIM:256030),141,52950.594989702586,5.364801923982025,8.990817034092053,0.00025006395324224406,1.5457389998816717
3614,NEB (OMIM:619334),52,6135.891204218018,4.627368932291115,8.648159595223204,0.0007644814594371429,1.4222227040669662
3615,NECAP1 (OMIM:615833),45,4963.729467878655,5.013868149372379,8.821531924588221,0.00011853325674116622,1.7056511858599404
3616,NECTIN1 (OMIM:225060),89,18966.248304954224,4.843270762245716,8.505292999874069,0.00017189252005425464,1.4382887536849243
3617,NECTIN4 (OMIM:613573),79,14972.22971595763,4.859535772787287,8.61629089342666,0.00017189252005425464,1.6262804642291073
3618,NEDD4L (OMIM:617201),206,113887.65861920684,5.393684992621683,8.973354788365825,0.00017189252005425464,1.4571610424210195
3619,NEFH (OMIM:616924),66,11778.417880524263,5.491103907004319,9.16883064934852,0.0001657766422300117,1.761246145676075
3620,NEFL (OMIM:607684),105,28559.40594463934,5.230660429421125,9.16883064934852,0.00031792342844160594,1.6559513262555112
3621,NEFL (OMIM:607734),51,6589.266301520873,5.168052001192842,8.802038284270553,0.0006461379115094649,1.631947055525058
3622,NEFL (OMIM:617882),74,14112.435833123114,5.224892940808261,9.16883064934852,0.0006888527898926093,1.7280281610494117
3623,NEK1 (OMIM:252100),124,38107.199282865855,4.997010134128751,8.64749541931975,0.02435156498137964,1.4747210138552982
3624,NEK1 (OMIM:263520),176,77443.33291047247,5.028787851329381,8.672034386329951,0.0004350215848769862,1.4395751396003449
3625,NEK1 (OMIM:617892),57,7321.808173886163,4.587599106444964,8.318722321149043,0.0029392195486610383,1.3927355584724825
3626,NEK10 (OMIM:618781),40,3612.569607490869,4.6314994967831655,8.740241763709802,0.14899747745250042,1.5865487963933511
3627,NEK2 (OMIM:615565),8,86.92382021384824,3.1044221504945804,5.43251797015506,0.7609453784098479,1.1236034803366979
3628,NEK8 (OMIM:613824),39,3603.4421351239826,4.862944851719274,8.652273240077946,0.0005831481310837044,1.782764330143045
3629,NEK8 (OMIM:615415),79,15236.57357266024,4.94533384377158,8.831058084428097,0.0006348976444134446,1.5702139769624783
3630,NEK9 (OMIM:614262),74,13055.471195920521,4.833569491270093,9.084652968046429,0.0001657766422300117,1.5514119536306468
3631,NEK9 (OMIM:617022),139,45529.51446877012,4.747108171073935,8.918333983128573,0.0006032365657549471,1.490729905013446
3632,NEK9 (OMIM:617025),6,42.88305156827422,2.8588701045516145,4.305190792882857,1.5615295258888247,0.7948505220616223
3633,NEMF (OMIM:619099),50,6136.54126087095,5.009421437445674,8.63732282740059,0.08434565666331476,1.51856651731076
3634,NEPRO (OMIM:618853),151,55190.56736387177,4.873339281578081,8.72165855201268,0.001137044764433523,1.4746664521658772
3635,NEU1 (OMIM:256550),119,33168.57647998256,4.72419548212257,8.76390630382159,0.030896185296058608,1.4177616723991482
3636,NEUROD1 (OMIM:606394),7,72.70587688122511,3.462184613391672,5.6562540989733865,0.7400213448202568,1.182222818078389
3637,NEUROD2 (OMIM:618374),79,16248.88088094931,5.273898370966994,8.906110405645867,0.0005412573883512041,1.5330988066676616
3638,NEUROG1 (OMIM:620469),96,22977.882992843774,5.039009428255214,9.002585033438857,0.00011853325674116622,1.5378743951824705
3639,NEUROG3 (OMIM:610370),20,985.0870533107379,5.184668701635463,8.578122802393457,0.016424147675763168,1.9055439329408121
3640,NEXMIF (OMIM:300912),200,109196.22580828686,5.487247528054616,9.107138567489411,0.00016212543135581012,1.450761832688841
3641,NEXN (OMIM:613122),12,287.78278536700196,4.360345232833363,7.547904301746881,0.05130359026450264,1.6475365430830191
3642,NEXN (OMIM:613876),21,1021.6243773927729,4.864877987584633,8.075744667128708,0.05130359026450264,1.643317817341096
3643,NF1 (OMIM:162200),139,51066.62154047197,5.324431398235009,9.142478548591058,5.242916722816017e-05,1.5663929418503655
3644,NF1 (OMIM:162210),50,5731.969311209794,4.67915862139575,8.614512097178524,0.0030276185147941883,1.58983457982925
3645,NF1 (OMIM:193520),72,12177.16256970755,4.764148110214221,8.45014461368704,5.242916722816017e-05,1.4920362457767218
3646,NF1 (OMIM:601321),140,48437.40287608845,4.9781503469772295,8.642394781778524,5.242916722816017e-05,1.4458294821192024
3647,NF2 (OMIM:101000),97,25579.828878959583,5.493949501494756,8.904197305172007,5.242916722816017e-05,1.5352308583391034
3648,NFASC (OMIM:618356),153,58581.641474725286,5.037980862979471,8.802110267054042,0.00017796557473134708,1.4250687863681455
3649,NFATC2 (OMIM:620232),61,8262.453386263014,4.515001850416947,8.560919737403522,0.00025658964035981595,1.5753931723352355
3650,NFE2L2 (OMIM:617744),97,22321.8441111309,4.794210504967977,8.974265842932104,7.104736562826131e-05,1.5109767684225126
3651,NFIA (OMIM:613735),106,27200.11382982171,4.88771138002187,8.510912239695806,2.000000165480742e-10,1.4325558678932708
3652,NFIB (OMIM:618286),91,18872.535267781474,4.608677721069957,8.35151082614376,0.00045198453520349144,1.3381978128612129
3653,NFIX (OMIM:602535),335,305028.4389641808,5.452291339068386,9.36074011123011,0.00014468862235090667,1.4627003861518295
3654,NFIX (OMIM:614753),119,33332.82916272598,4.747589967629395,8.655165031920538,0.03466662980603024,1.3979248398611097
3655,NFKB1 (OMIM:616576),73,12656.829503705023,4.816145168837528,8.852264002930822,0.00016163665507626628,1.5464144377904923
3656,NFKB2 (OMIM:615577),97,24396.60526885895,5.239820719256648,9.078444909987466,2.000000165480742e-10,1.5999500398552124
3657,NFKBIA (OMIM:612132),72,12434.112358721537,4.864676196682917,9.05600215022103,0.00020510182079304693,1.6246649208300468
3658,NFS1 (OMIM:619386),85,17289.160902582276,4.842902213608481,8.683732480994799,0.019538305154274842,1.5626041795009065
3659,NFU1 (OMIM:605711),96,22161.419848373538,4.8599604930643725,8.758319797340576,0.0001469875513899424,1.5570578148246899
3660,NGF (OMIM:608654),70,12969.05620188023,5.370209607403822,9.134209152532467,0.001714411138164288,1.7285861840235426
3661,NGLY1 (OMIM:615273),205,107150.69401050494,5.124375610258486,9.11716656383999,0.0001469875513899424,1.5078338354518588
3662,NHERF1 (OMIM:612287),29,1851.9587350881036,4.561474716965773,8.128822197812909,4.6205325448638656e-05,1.765373083643075
3663,NHLH2 (OMIM:619755),19,793.7492234406329,4.641808324214228,8.712736557852748,0.7643690178006315,1.767851380426371
3664,NHLRC1 (OMIM:620681),29,1827.5635920240966,4.501388157694819,8.540667695729933,0.025418230699425857,1.8252965125229892
3665,NHLRC2 (OMIM:618278),146,55698.03706420852,5.261977993784461,9.20436982758174,0.00025276387251265363,1.5528693557894806
3666,NHP2 (OMIM:613987),61,8074.595743393041,4.412347400761225,9.223393158840036,0.00034846550864526177,1.5233621695497037
3667,NHS (OMIM:302200),14,414.4265841960248,4.554138287868405,7.679001080534101,0.00045591926357315673,1.8731323661872077
3668,NHS (OMIM:302350),72,12998.520632799511,5.085493205320622,8.74832263769285,0.00017449449899708947,1.578816227288726
3669,NIN (OMIM:614851),110,29918.108080910533,4.990510105239455,8.720472677351378,0.0001018499913121344,1.562736787059111
3670,NIPA1 (OMIM:600363),57,8654.91940635876,5.422881833558121,8.81248646573978,0.0010221449047190993,1.7424672582491014
3671,NIPAL4 (OMIM:612281),46,4977.097069055602,4.808789438701065,8.549771736475256,0.0006982854539680614,1.6361363576731573
3672,NIPBL (OMIM:122470),296,232397.24324691924,5.322886927322933,9.129778370613398,0.0001657766422300117,1.453533624544279
3673,NKAP (OMIM:301039),114,31080.242974142006,4.825375403530819,8.83428045510323,0.0002901132539534321,1.4656463577445051
3674,NKX2-1 (OMIM:118700),27,1558.0712715752275,4.438949491667315,8.298781692341548,1.046009439364104,1.3595876566944862
3675,NKX2-1 (OMIM:188550),12,277.3431902084977,4.202169548613601,8.158647373864142,0.0011669022655097488,2.0690700409803355
3676,NKX2-1 (OMIM:610978),104,29307.595295681644,5.471918464466326,9.286337158045818,0.00037868868455093207,1.5825960889124129
3677,NKX2-5 (OMIM:108900),33,2694.476161794747,5.103174548853687,7.93714751811006,0.00028544590564410127,1.590347456544167
3678,NKX2-5 (OMIM:225250),37,3663.7035374024344,5.501056362466118,8.98150872536103,2.000000165480742e-10,2.016023249828264
3679,NKX2-5 (OMIM:614432),20,819.599305336945,4.313680554404974,7.646679430903847,0.17219429100577577,1.5698095981112083
3680,NKX2-5 (OMIM:614435),16,601.1245053678826,5.009370878065689,7.60104492183399,0.014185094008210306,1.7628165464263306
3681,NKX3-2 (OMIM:613330),131,41912.539322828416,4.922200742551781,9.028459311104783,0.0010465776658136754,1.5731268197083557
3682,NKX6-2 (OMIM:617560),128,41390.41119003398,5.092324211372291,8.592083008857962,0.0001018499913121344,1.4240244574092287
3683,NLGN1 (OMIM:618830),24,1220.6025339854436,4.422472949222622,8.017744947538702,0.04582841245223828,1.6845381582937382
3684,NLGN3 (OMIM:300425),31,2113.880514385375,4.545979600828764,8.35151082614376,0.0005689965370294645,1.60071155250469
3685,NLGN4X (OMIM:300495),40,3552.7035531134916,4.554748145017297,8.384350262326066,0.006897913965728082,1.497624963420059
3686,NLRC4 (OMIM:616050),114,34712.088397752304,5.389238999806288,9.384086172826208,2.000000165480742e-10,1.6447477218510766
3687,NLRC4 (OMIM:616115),16,492.1082463827688,4.10090205318974,8.449594673865136,0.7400213448202568,1.7268400455155426
3688,NLRP1 (OMIM:606579),6,49.883519889577165,3.3255679926384776,5.931415318170709,1.5615295258888247,1.4018420058831338
3689,NLRP1 (OMIM:615225),75,13448.626569952346,4.846351917099945,9.009727909269078,6.332900395274356e-05,1.6041267679957005
3690,NLRP1 (OMIM:617388),131,42663.60800961149,5.0104061079990005,9.381884481962807,0.0007325559063462348,1.593283778137351
3691,NLRP1 (OMIM:618803),26,1321.193880091583,4.0652119387433325,8.957180372449994,0.005398842532294881,1.561336756334113
3692,NLRP12 (OMIM:611762),83,16931.73322727735,4.975531362702718,9.4286855550867,4.9346129758286674e-05,1.659306252416786
3693,NLRP2 (OMIM:620332),8,109.51327751700872,3.9111884827503114,6.957128747041759,0.0003828231525103401,2.476173920827913
3694,NLRP3 (OMIM:120100),75,13599.157994023204,4.900597475323677,9.384086172826208,0.0025846524501621755,1.6225588408751008
3695,NLRP3 (OMIM:148200),36,2917.8281975414166,4.63147332943082,8.809088357509522,0.0009781260640196695,1.642413630004773
3696,NLRP3 (OMIM:191900),111,31554.120238075833,5.168570063566885,9.4286855550867,4.9346129758286674e-05,1.6657904658753844
3697,NLRP3 (OMIM:607115),87,18382.66783577278,4.913837967327661,9.082580782637375,0.0025707430151976655,1.602064215163125
3698,NLRP3 (OMIM:617772),46,4389.225846277306,4.240797919108508,8.571882502668963,0.2530744653395064,1.5227206429555515
3699,NLRP5 (OMIM:620333),8,109.51327751700872,3.9111884827503114,6.957128747041759,0.0003828231525103401,2.476173920827913
3700,NLRP7 (OMIM:231090),4,16.578402006652844,2.763067001108807,4.702760397565918,1.521667660495458,1.0992842861391015
3701,NME5 (OMIM:620032),36,2758.9947892859564,4.379356808390407,8.542887204255335,0.14899747745250042,1.6077885384237334
3702,NME8 (OMIM:610852),24,1102.1029334803818,3.9931265705810937,8.847950109566542,0.14899747745250042,1.4907626743945768
3703,NMNAT1 (OMIM:608553),69,12422.811082379369,5.295315891892314,8.954575991288893,0.00015500775417016222,1.5790787073464918
3704,NMNAT1 (OMIM:619260),150,58385.337872244934,5.224638735771359,8.736589190768612,0.00014468862235090667,1.4532460389320283
3705,NNT (OMIM:614736),53,7552.0236422584,5.480423543003194,8.973191694287124,0.00034954821993255067,1.7627596141565522
3706,NOBOX (OMIM:611548),19,793.1961053715385,4.638573715623032,7.162077576331319,0.00011361266494711034,1.8688538779011292
3707,NOD2 (OMIM:186580),100,23942.906024016003,4.836950711922425,8.491981334250498,0.00010915393797618887,1.538510710934916
3708,NOD2 (OMIM:617321),83,16994.860958262372,4.994081974217565,9.4286855550867,0.00019863002875500322,1.5874313243347096
3709,NODAL (OMIM:270100),105,28156.07032150508,5.156789436173092,8.57285659467777,0.00042093348761430225,1.4257555511390463
3710,NOG (OMIM:184460),69,11424.549239296082,4.869799334738313,9.576610568278216,0.0010013330397080193,1.680975787710208
3711,NOG (OMIM:185800),62,9553.7395605134,5.052215526448123,8.95058223478147,0.026507170030067483,1.5908050413414865
3712,NOG (OMIM:186500),180,87251.9893130002,5.416014234202371,8.942278420249739,0.00017189252005425464,1.5549889533119126
3713,NOG (OMIM:186570),68,10938.595022892605,4.80184153770527,8.98611514072812,0.0037890645697852402,1.5774380615483197
3714,NOG (OMIM:611377),81,16607.77651098565,5.125856947835077,8.871995524325117,0.00017189252005425464,1.6019192594203884
3715,NOL3 (OMIM:614937),19,791.4029733235938,4.62808756329587,8.629338893539032,0.12834298007838962,1.7911705151109591
3716,NONO (OMIM:300967),211,118939.15968690337,5.368501904170768,8.979285324890162,7.104736562826131e-05,1.46939184392317
3717,NOP10 (OMIM:620400),18,616.1463311894785,4.0271002038528,8.163207270610902,0.7726575342011646,1.3566984305695287
3718,NOP10 (OMIM:620425),44,4334.8875850468685,4.5823335994152945,8.310517126285367,0.002088083035473771,1.4170320596185253
3719,NOP56 (OMIM:614153),79,16075.56622126987,5.2176456414378025,8.834901350171112,0.003986896984321227,1.517809597913086
3720,NOS1AP (OMIM:619155),32,2313.4220407086914,4.664157340138491,8.15920527809197,0.0007165373026079224,1.6047572739408067
3721,NOS3 (OMIM:189800),31,2125.971166397506,4.571981003005389,8.559087931193675,0.021118882200204435,1.580533782546253
3722,NOTCH1 (OMIM:109730),38,3624.8389715020066,5.156243202705557,8.722656766446923,0.002034046398408494,1.6743224718224228
3723,NOTCH1 (OMIM:616028),94,23544.76568674639,5.386585606668128,9.169406128519876,0.0005442624307972413,1.6570328086639696
3724,NOTCH2 (OMIM:102500),206,106612.68308791351,5.049144356519702,9.207615899033257,6.342864272785213e-05,1.3798486590327386
3725,NOTCH2 (OMIM:610205),70,12183.50885031925,5.0449312009603515,8.53782038193374,0.0006353231604271463,1.5284775646018878
3726,NOTCH2NLC (OMIM:603472),79,15893.57929204866,5.1585781538619475,9.13487950409162,0.0001327613358585333,1.505934450214371
3727,NOTCH2NLC (OMIM:618866),22,995.492546046374,4.309491541326294,7.8621962218035595,0.001315611201124014,2.0553844494385927
3728,NOTCH2NLC (OMIM:619473),83,16938.005146926036,4.977374418726429,8.739986743640854,0.0004882882588597252,1.5271369244396769
3729,NOTCH3 (OMIM:125310),79,16492.134931976227,5.352851324886799,9.173834865029978,0.00018869251796236437,1.503602951039673
3730,NOTCH3 (OMIM:130720),176,79100.65560226806,5.136406207939484,8.969313948678833,0.00026741715183565954,1.4201999100108194
3731,NOTCH3 (OMIM:615293),4,19.250686138041715,3.208447689673619,5.796828685558326,0.8954429315708131,1.6584122906583305
3732,NOVA2 (OMIM:618859),102,23969.482169537543,4.653364816450698,8.78156526911474,2.000000165480742e-10,1.3542311366373672
3733,NPC1 (OMIM:257220),105,26581.005745939652,4.868316070684918,8.870272353659333,0.00018869251796236437,1.4507059372737752
3734,NPC2 (OMIM:607625),107,26861.1719521594,4.736584720888626,8.96358751564049,0.00018869251796236437,1.441167166089909
3735,NPHP1 (OMIM:256100),47,5355.530340538049,4.954237132782654,8.555514971460587,8.369844453416479e-05,1.806384824543547
3736,NPHP1 (OMIM:266900),49,5848.592063742601,4.9732925712096945,8.374591355895678,0.0005831481310837044,1.7195205175283574
3737,NPHP1 (OMIM:609583),54,7472.127311559139,5.221612377050412,8.506863789711335,0.0007165373026079224,1.6776482610775192
3738,NPHP3 (OMIM:208540),125,40944.84534926879,5.283205851518554,8.831058084428097,2.000000165480742e-10,1.5377553687992
3739,NPHP3 (OMIM:267010),119,35947.18402276811,5.1199521468121505,8.831058084428097,2.000000165480742e-10,1.4676115432960082
3740,NPHP3 (OMIM:604387),53,6884.832698464083,4.996250144023282,8.49375215778387,0.0005831481310837044,1.7017628115190806
3741,NPHP4 (OMIM:606966),38,3421.3693072976603,4.86681267040919,8.028414431320083,0.0005831481310837044,1.7966794343123789
3742,NPHP4 (OMIM:606996),44,4640.7815466521615,4.90568873853294,8.028414431320083,0.0005831481310837044,1.6867674788138907
3743,NPHS1 (OMIM:256300),66,10676.293549003392,4.977293029838411,8.628763693313916,0.0001657766422300117,1.5406120993858674
3744,NPHS2 (OMIM:600995),31,2056.2978901951938,4.4221460004197715,8.17652298785914,0.0007165373026079224,1.5584280081067035
3745,NPPA (OMIM:612201),22,1160.3954619720441,5.0233569782339575,8.075744667128708,0.00020110568398922692,1.764608986820788
3746,NPPA (OMIM:615745),40,3512.847964082257,4.503651236002893,8.325848009448434,7.872725866844903e-05,1.563014012942814
3747,NPR2 (OMIM:602875),104,25690.933083986558,4.796664130692038,8.888851180302819,0.00012033134248499284,1.5519778909923347
3748,NPR2 (OMIM:615923),53,6002.595624955513,4.356020047137528,8.195941917307461,0.030182697791721932,1.6033631152210484
3749,NPR2 (OMIM:616255),7,77.92635365453464,3.7107787454540304,6.193548072437209,1.4778030279168342,1.5040763758983147
3750,NPR3 (OMIM:619543),76,11886.543679692411,4.170717080593828,8.586679779267678,0.0002901132539534321,1.3165229273910082
3751,NPRL2 (OMIM:617116),12,187.66704019514873,2.843440002956799,4.862622761198226,0.45346090293252395,1.04713779005382
3752,NPRL3 (OMIM:617118),14,272.4949683281133,2.9944502014078385,4.928029119183162,0.0022889474931495285,1.2598930201466216
3753,NPTX1 (OMIM:620158),44,5020.962005114445,5.307570829930703,8.634355339789256,9.774864833445439e-05,1.763409582385867
3754,NR0B1 (OMIM:300018),4,13.88258594918173,2.3137643248636217,2.5902135287135377,1.7415024639215706,0.291616550694168
3755,NR0B1 (OMIM:300200),64,11174.60766684074,5.542960152202748,8.899455483627488,0.00017331200295161542,1.622166935536886
3756,NR1H4 (OMIM:617049),62,9725.679667587416,5.1431410193481835,8.709919954440453,8.678962776528191e-05,1.6129468813176047
3757,NR2E3 (OMIM:268100),29,1891.6491808012854,4.659234435471146,8.206685295649711,0.00044538129837211403,1.6137860475198258
3758,NR2E3 (OMIM:611131),43,4799.431580193546,5.314985138641801,8.279140059415415,0.0004882882588597252,1.6365853081943094
3759,NR2F1 (OMIM:615722),90,18086.809068483395,4.516057195626316,8.527832132835597,0.00015294580467822567,1.3786477272918058
3760,NR2F2 (OMIM:615779),29,1958.476692756332,4.823834218611656,8.61082889905292,0.002034046398408494,1.7451734717961316
3761,NR2F2 (OMIM:618901),43,4644.2022322742105,5.1430810988640205,9.025295217379876,0.0018127530439782328,1.7902087528614798
3762,NR3C1 (OMIM:615962),49,6222.035408117913,5.290846435474416,8.994376999904299,0.0006337521246226539,1.7389458349543523
3763,NR3C2 (OMIM:177735),38,3952.265436938339,5.621999199058804,8.899455483627488,0.00034954821993255067,1.855479212416324
3764,NR3C2 (OMIM:605115),10,215.57948570040932,4.790655237786874,8.240347067493309,0.004611210091315286,1.989480472378979
3765,NR4A2 (OMIM:619911),53,7042.432920787274,5.110618955578573,8.908085989829646,0.006897913965728082,1.6505961986845668
3766,NR5A1 (OMIM:612964),29,1867.3841561388103,4.599468364873917,7.723197006264651,0.00011361266494711034,1.6274713141055803
3767,NR5A1 (OMIM:612965),27,1596.1661537580571,4.547481919538624,7.401285875742313,0.0002603386054333028,1.5581897803655642
3768,NR5A1 (OMIM:613957),10,178.57426910261933,3.968317091169318,6.140129408366509,0.0011000032708224148,1.486250010686845
3769,NR5A1 (OMIM:617480),27,1646.3880928733288,4.690564367160481,7.401285875742313,0.00029814871705161885,1.620434589547933
3770,NRAS (OMIM:249400),66,10387.494499222563,4.842654778192337,8.490531611429748,2.000000165480742e-10,1.479014792435558
3771,NRAS (OMIM:613224),146,53386.05124452658,5.043557037744598,8.890822721340799,0.00017184060928174597,1.4500816742887546
3772,NRCAM (OMIM:619833),188,89492.67039663931,5.091174786473962,9.126221757608684,4.395661259112839e-05,1.4493205120514923
3773,NRIP1 (OMIM:618270),21,977.8395390454666,4.656378757359365,6.896861096378834,0.0001473428281572063,1.6808710333760175
3774,NRL (OMIM:613750),42,4372.028257902097,5.077849312313702,8.202466307456737,2.000000165480742e-10,1.5645306900868008
3775,NRROS (OMIM:618875),36,2604.836559856167,4.134661206120899,8.052111526637907,0.03466662980603024,1.4389176628194769
3776,NRXN1 (OMIM:614325),59,8765.32721019169,5.1229264817017475,9.08316548962287,0.00015294580467822567,1.6565207812577387
3777,NSD1 (OMIM:117550),227,132104.43937327436,5.150069758421674,9.013265320832058,2.000000165480742e-10,1.409167824099257
3778,NSD2 (OMIM:619695),138,46538.70332380998,4.923167600106843,9.107138567489411,6.377830462530904e-05,1.5167584048060296
3779,NSDHL (OMIM:300831),110,28414.25360163016,4.739658649145982,8.293513910105343,0.002093790532653398,1.3540865017922445
3780,NSDHL (OMIM:308050),188,87200.00910284634,4.960746905384363,9.054750860307559,0.0001473428281572063,1.5322676788522003
3781,NSF (OMIM:619340),53,6619.547184472044,4.803735257236607,8.915862472076086,0.00040364886229316726,1.642283932797516
3782,NSMCE2 (OMIM:617253),124,36159.06183196738,4.741550200887409,9.01253862069019,0.00024335669615791332,1.5057166968885727
3783,NSMCE3 (OMIM:617241),95,21263.154385651782,4.762184632844744,8.975800314366268,7.104736562826131e-05,1.5702274751055625
3784,NSMF (OMIM:614838),63,9252.99983002874,4.7378391346793345,9.348000251224683,0.00033296623504988637,1.5356869809876212
3785,NSRP1 (OMIM:620001),124,37665.34194878863,4.9390692301060355,8.941760887040134,0.00030206516417093,1.3919832472553444
3786,NSUN2 (OMIM:611091),155,60140.019307478884,5.038962656680258,9.126221757608684,0.0005689965370294645,1.4972490584976104
3787,NSUN3 (OMIM:619012),53,6269.987931838484,4.550063811203544,8.385219701354963,0.019538305154274842,1.5119812862466944
3788,NSUN6 (OMIM:620779),63,9532.313687529015,4.880856982861759,8.35151082614376,0.0005689965370294645,1.5137890094834703
3789,NT5C2 (OMIM:613162),99,24035.950398912522,4.954844444220268,8.789156748701284,0.0010221449047190993,1.4891157783983664
3790,NT5C3A (OMIM:266120),23,1219.3477837558626,4.819556457533054,8.618861219577282,0.00027414783043571854,1.8979741120879734
3791,NT5E (OMIM:211800),24,1091.0946200167687,3.95324137687235,8.500205242670045,0.473594995891922,1.6366086824444228
3792,NTF4 (OMIM:613100),5,33.61053708499669,3.3610537084996692,5.298500616123931,0.5562648172422795,1.5519498425502847
3793,NTHL1 (OMIM:616415),57,8065.610008972747,5.053640356499215,8.969887359280325,0.013746132038318894,1.5899014679596748
3794,NTN1 (OMIM:618264),4,12.867363093649775,2.144560515608296,3.3146689959303366,1.046009439364104,0.6854340973287224
3795,NTNG2 (OMIM:618718),100,24725.440502570586,4.995038485367795,8.448230027457507,0.03356323160771202,1.4374824356526175
3796,NTRK1 (OMIM:256800),89,19866.450670153754,5.073148792174094,9.219642275963114,0.00018324041600661318,1.6224199484566209
3797,NTRK2 (OMIM:613886),42,4225.192104714313,4.907307903268657,8.35151082614376,0.0001018499913121344,1.580703856915486
3798,NTRK2 (OMIM:617830),70,12206.13148609455,5.054298752006025,8.915644428508728,0.0005412573883512041,1.5206912681228206
3799,NUAK2 (OMIM:619452),41,3649.552428498366,4.450673693290691,8.655575451501718,0.010959957308230775,1.4812038767711293
3800,NUBPL (OMIM:618242),65,9986.459359183951,4.801182384223053,8.28612281824178,0.13307267511849236,1.4339368288557977
3801,NUDT2 (OMIM:619844),74,12798.279620251178,4.738348619122983,8.579856997877776,0.001107639007670092,1.441197002431046
3802,NUP107 (OMIM:616730),106,26519.409833149548,4.765392602542597,9.126580523450853,0.0007165373026079224,1.4549506442848283
3803,NUP107 (OMIM:618078),18,690.9535955991778,4.516036572543646,7.992714483912926,0.0002603386054333028,1.7548093454599272
3804,NUP107 (OMIM:618348),153,56671.54678528645,4.873714033822364,9.43472683013209,0.0007165373026079224,1.4680079706991078
3805,NUP133 (OMIM:618177),23,1146.2439531196383,4.530608510354301,8.083639940233253,0.0007165373026079224,1.7457907482840826
3806,NUP133 (OMIM:618349),90,18846.684308699303,4.705788841123422,8.919555841518696,0.0006912747598399878,1.4955882133773695
3807,NUP155 (OMIM:615770),21,1079.9955803394278,5.142836096854418,8.78032712110944,0.00020110568398922692,2.061955277953859
3808,NUP160 (OMIM:618178),22,1027.9994398206918,4.4502140251978,8.083639940233253,0.0008411024489901056,1.7106120322623388
3809,NUP188 (OMIM:618804),135,42170.410855911876,4.662289757425304,8.929141437209049,0.00016194096168394945,1.3438458109670517
3810,NUP205 (OMIM:616893),19,751.5160656778346,4.394830793437629,7.2218479807888265,0.0007165373026079224,1.8227938551934277
3811,NUP214 (OMIM:618426),99,24572.681712958933,5.065487881459273,8.884128826560575,0.00038532815235779185,1.553847631419846
3812,NUP37 (OMIM:618179),43,4070.30983644952,4.507541347120177,8.352767071431554,0.00040364886229316726,1.7875470846154324
3813,NUP54 (OMIM:620427),62,9214.187266604633,4.872653234587326,8.644900900811471,0.00037868868455093207,1.5519678332828544
3814,NUP62 (OMIM:271930),38,3438.349397353166,4.890966425822427,8.619857548271435,0.00037868868455093207,1.597448148753186
3815,NUP85 (OMIM:618176),30,2110.114838676416,4.850838709600957,8.15920527809197,0.0007165373026079224,1.6737319014006684
3816,NUP88 (OMIM:618393),74,12053.853778570616,4.462737422647396,8.294547247564683,0.00017796557473134708,1.3435489579277777
3817,NUP93 (OMIM:616892),25,1348.0922428727076,4.493640809575692,7.817849762714577,0.0007165373026079224,1.7070417058324676
3818,NUS1 (OMIM:617082),79,14854.50609382583,4.821326223247592,9.11345293491237,0.0454015306599506,1.4658338631369907
3819,NUS1 (OMIM:617831),44,5143.590353003612,5.437199104654981,8.953705511742415,0.025418230699425857,1.7792174435924863
3820,NXN (OMIM:618529),116,32005.169759582648,4.798376275799497,9.396423690577597,0.00015304849304319395,1.4072071975181566
3821,NYX (OMIM:310500),15,479.91978673484783,4.57066463556998,8.40341664421445,0.00014468862235090667,1.9218885571626185
3822,OAS1 (OMIM:618042),38,3024.980116107468,4.302958913381889,8.097605233841309,0.08854697781472262,1.4761488452258837
3823,OAT (OMIM:258870),37,3112.707223347119,4.673734569590269,8.435592660198271,0.014341157291411992,1.539363993448611
3824,OBSCN (OMIM:620235),31,2276.086431338112,4.894809529759381,8.911550766086647,0.36055313953333146,1.701824415186013
3825,OBSL1 (OMIM:612921),87,17534.712155849476,4.687172455452948,8.729396313675885,0.00015304849304319395,1.5120251806222293
3826,OCLN (OMIM:251290),164,66550.14782577817,4.9790623840923365,8.996978643317815,0.0006912747598399878,1.4397590829406783
3827,OCRL (OMIM:300555),52,6857.055219857696,5.171233197479409,9.013610899157808,7.104736562826131e-05,1.6685859374157526
3828,OCRL (OMIM:309000),206,107729.28234526937,5.102026158904541,9.107138567489411,4.6205325448638656e-05,1.446304267665826
3829,ODAD1 (OMIM:615067),78,16099.182056076384,5.361032985706422,9.249794655572087,0.0001389659282769288,1.738618098566902
3830,ODAD2 (OMIM:615451),51,6372.680782407686,4.99818100580995,9.15748710625821,0.005079334454200349,1.7976274184884131
3831,ODAD3 (OMIM:616037),51,6282.133292324909,4.92716336652934,9.154044242731064,0.0001641602704542467,1.7248762206619732
3832,ODAD4 (OMIM:617092),54,7031.49592190334,4.913693865760545,8.763821335619985,0.0001641602704542467,1.6665021390769306
3833,ODAPH (OMIM:614832),18,575.2486687889725,3.7597952208429577,7.0044179549823555,0.0019587674577635403,1.6612108775118917
3834,ODC1 (OMIM:619075),168,72321.09682292909,5.1554816668754695,8.839828256811186,0.00017235528661797627,1.4507725375512635
3835,OFD1 (OMIM:300209),88,17850.801696866984,4.663218834082284,9.22438947932339,0.0012599449808452711,1.522235461086901
3836,OFD1 (OMIM:300424),41,4094.363911237262,4.993126721021051,8.720601790602114,0.0008069303612503042,1.5939139947134195
3837,OFD1 (OMIM:300804),125,38777.26140638214,5.003517600823502,8.698690732164966,0.0006912747598399878,1.505132738482404
3838,OFD1 (OMIM:311200),194,93959.82857830895,5.0189535055984695,8.84939032163348,2.000000165480742e-10,1.3657951460840123
3839,OGDH (OMIM:203740),47,5367.682565178109,4.965478783698528,8.701890416906137,0.019538305154274842,1.6166988808318874
3840,OGDHL (OMIM:619701),120,35819.64994533339,5.016757695424844,9.11345293491237,0.0001018499913121344,1.4895737002657796
3841,OGT (OMIM:300997),104,25863.299211906902,4.828846006704052,8.561392742882122,0.027293219589393354,1.4926114260822918
3842,OPA1 (OMIM:125250),62,10834.044036774885,5.729267073915857,8.607995389202053,0.000802857538053094,1.5711901853391916
3843,OPA1 (OMIM:165500),52,7322.442681998566,5.522204134237229,8.32895603283997,0.00035005354757042197,1.6310392714233501
3844,OPA1 (OMIM:210000),99,25498.42924048064,5.256324312611965,8.911457320616677,0.011607258236768704,1.4627970557379435
3845,OPA1 (OMIM:616896),69,11141.48899317909,4.749142793341471,8.903547679073126,0.00011853325674116622,1.4774543626943355
3846,OPA3 (OMIM:165300),29,1860.0245224493406,4.581341188298868,8.250604869747226,0.7609453784098479,1.391580644048425
3847,OPA3 (OMIM:258501),46,4506.913138298496,4.354505447631397,7.601384698091896,0.7400213448202568,1.2676315907182303
3848,OPHN1 (OMIM:300486),122,38765.95797280231,5.2521281632302275,8.568069512451574,2.000000165480742e-10,1.4404645413376695
3849,OPLAH (OMIM:260005),37,3065.1812630134655,4.602374268788987,8.331944006628204,0.03617384043265691,1.5733914377714162
3850,OPN1LW (OMIM:303900),8,122.45811666383096,4.373504166565391,6.918430898385011,0.0014374282086192323,2.180516055637196
3851,OPN1MW (OMIM:303800),8,122.45811666383096,4.373504166565391,6.918430898385011,0.0014374282086192323,2.180516055637196
3852,OPN1SW (OMIM:190900),12,319.2702775877001,4.837428448298486,7.358327321724035,0.0034373272473919594,1.8408780585123188
3853,OPTN (OMIM:137760),7,87.55875971880192,4.169464748514377,7.607921200528625,0.5562648172422795,1.715443743317259
3854,OPTN (OMIM:613435),47,5128.604262146882,4.744314766093323,8.606175918349175,0.0029392195486610383,1.605643670819227
3855,ORAI1 (OMIM:612782),94,22536.207028359502,5.155846952267102,8.964000283603562,4.9346129758286674e-05,1.6971407729920123
3856,ORAI1 (OMIM:615883),56,7400.486175892951,4.805510503826592,9.037903586843846,0.0005149209235504193,1.6511861032887285
3857,ORC1 (OMIM:224690),240,150327.75562555672,5.241553543429453,8.995888854625257,0.00017189252005425464,1.4594285689152917
3858,ORC4 (OMIM:613800),117,33342.55947874278,4.913433462826817,8.790654604289099,0.0012035071238519705,1.405486576217458
3859,ORC6 (OMIM:613803),176,78507.17305285297,5.097868380055388,8.837530152045716,0.0012035071238519705,1.4410228671181886
3860,OSBPL2 (OMIM:616340),8,90.71911191350983,3.2399682826253513,4.985368300333607,0.3980917516456417,1.346498073791611
3861,OSGEP (OMIM:617729),184,80631.79975191406,4.78924921310965,8.74832263769285,0.0007165373026079224,1.3234943314933405
3862,OSMR (OMIM:105250),14,479.33819366444413,5.267452677631254,8.775791889028804,0.7400213448202568,1.8953128938050443
3863,OSTM1 (OMIM:259720),188,90737.55493104964,5.161995388044694,9.158572043184854,0.0012573389324259374,1.5127704937201572
3864,OTC (OMIM:311250),77,14839.341678537334,5.071545344681248,8.737619939006404,0.0005937179460107278,1.6050426655363972
3865,OTOA (OMIM:607039),7,67.17848022202988,3.198975248668089,4.662535130851787,0.3980917516456417,1.227516412457778
3866,OTOF (OMIM:601071),18,716.4461203688942,4.68265438149604,7.69507761712399,0.19758338043511225,1.7405677468866565
3867,OTOG (OMIM:614945),20,908.9536455008026,4.783966555267382,8.156777823914716,0.3980917516456417,1.658169618767933
3868,OTOGL (OMIM:614944),9,160.2222978164035,4.450619383788986,8.156777823914716,0.3980917516456417,2.1471196230352443
3869,OTUD5 (OMIM:301056),299,234150.28907537227,5.25578076980028,9.012341045914,0.00011500658009453042,1.4200386531116167
3870,OTUD6B (OMIM:617452),171,72060.26675364617,4.957706690997329,9.576610568278216,0.0002486465088485564,1.465799804487537
3871,OTULIN (OMIM:617099),81,16583.679660828966,5.118419648404002,9.384086172826208,0.0012541389199276578,1.5492258674773423
3872,OTULIN (OMIM:619986),22,999.9661529798461,4.328857805107559,8.036875247661403,0.00016163665507626628,1.56412883250658
3873,OTX2 (OMIM:610125),72,12477.358716839366,4.881595742112428,8.408704165405858,0.00017449449899708947,1.4570857709690332
3874,OTX2 (OMIM:613986),37,3292.034533763193,4.94299479544023,8.813095570881892,0.001672950119627768,1.7997373713316134
3875,OVOL2 (OMIM:122000),35,3276.321814068394,5.506423216921671,8.437756190200963,0.0001197871677958315,1.8834591115510428
3876,OXCT1 (OMIM:245050),24,1311.2960663768713,4.751072704264026,8.783843213026657,0.16283535681414846,1.7197618795384875
3877,OXGR1 (OMIM:620374),12,229.30385282724185,3.4743008004127556,6.601174222256826,0.36055313953333146,1.5019963887578978
3878,OXR1 (OMIM:213000),46,4768.009179237935,4.606772153853077,8.2838604065762,0.47643590212373366,1.4792758121571037
3879,P2RX2 (OMIM:608224),10,143.72293990267815,3.1938431089484034,4.992069330908352,0.0025707430151976655,1.5566387000312951
3880,P2RY12 (OMIM:609821),28,1888.2501975726113,4.995370893049237,8.685879812179927,0.004474723419452122,1.8677992949395126
3881,P3H1 (OMIM:610915),97,21529.272634095396,4.623984672271348,8.953144874077983,0.002789253875039039,1.488493343841891
3882,P3H2 (OMIM:614292),26,1678.609512866504,5.164952347281551,8.393751288270838,5.902663577321458e-05,1.7409958445330174
3883,P4HA2 (OMIM:617238),11,218.65160601300488,3.975483745690998,7.94304835981926,0.00014468862235090667,1.7906775667451291
3884,P4HB (OMIM:112240),83,15657.39762991945,4.601057193628989,8.656852922406301,9.990668968290492e-05,1.4442555235065648
3885,P4HTM (OMIM:618493),171,74243.5999743104,5.107918814882037,8.858841843383727,0.0006912747598399878,1.5355701809458049
3886,PABPN1 (OMIM:164300),50,5891.173784982715,4.809121457128747,8.815887882799048,0.46443555168908324,1.5910306748142684
3887,PACS1 (OMIM:615009),137,45994.96007479892,4.937200523271674,9.013265320832058,0.00015294580467822567,1.4224332784594071
3888,PACS2 (OMIM:618067),167,73566.73029651203,5.307461964974535,9.014594804619323,0.00015294580467822567,1.5123402195334363
3889,PADI3 (OMIM:191480),6,52.50927265679558,3.5006181771197054,5.350691257796713,0.0031111550003862197,1.8213583738613701
3890,PADI6 (OMIM:617234),7,88.27668674611807,4.203651749815147,6.957128747041759,0.000803149581822378,1.8564136654260877
3891,PAFAH1B1 (OMIM:607432),64,9802.717366454199,4.862459011137996,8.41185568765741,0.00030206516417093,1.5813969825746925
3892,PAH (OMIM:261600),97,21694.524335730886,4.65947687623086,8.262416781633963,0.00018869251796236437,1.4428064999447545
3893,PAICS (OMIM:619859),98,23301.856351322116,4.902557616520538,8.671705760922645,0.0002744252097946437,1.475367652351525
3894,PAK1 (OMIM:618158),86,18684.715754953926,5.112097333776724,8.463760885190064,0.00020163903379240495,1.4898598680872361
3895,PAK2 (OMIM:618458),97,21795.16731057533,4.6810926354328455,8.676444709847171,0.00014468862235090667,1.5120603721381234
3896,PAK3 (OMIM:300558),120,35593.1974450391,4.985041658969061,8.908085989829646,0.00018869251796236437,1.4548731066392153
3897,PALB2 (OMIM:610832),127,40441.713768262474,5.0545823982330305,9.608167696735087,5.822618850128371e-05,1.5290059167895123
3898,PALB2 (OMIM:613348),5,35.180165439445695,3.5180165439445696,5.518788566189636,0.7032320167063256,1.6238514684822898
3899,PALB2 (OMIM:620442),5,44.58927759932367,4.458927759932367,6.775331949409159,0.14432789991678685,2.1437235028961377
3900,PALLD (OMIM:606856),7,73.78281062107246,3.513467172432022,5.518788566189636,0.7032320167063256,1.3684313044978285
3901,PAM16 (OMIM:613320),114,30818.289474753856,4.78470570947894,9.07437315324761,0.0018763007293879283,1.474743486885604
3902,PANK2 (OMIM:234200),149,59323.409184410775,5.380320078397495,8.82326775698111,0.00022026734555797406,1.487368329145529
3903,PANK4 (OMIM:619593),16,558.6048053984703,4.655040044987252,7.537117379915361,0.0032760720586651523,1.6971962072999476
3904,PANX1 (OMIM:618550),11,216.35222912237495,3.93367689313409,6.957128747041759,0.0003828231525103401,2.133202267942594
3905,PAPPA2 (OMIM:619489),63,7804.452441726346,3.99613540282967,8.972676003191545,0.0454015306599506,1.4609455300928837
3906,PAPSS2 (OMIM:612847),64,9712.984022026736,4.817948423624373,8.70501671753605,0.00011361266494711034,1.62504933484426
3907,PARK7 (OMIM:606324),44,4738.287874335241,5.008760966527739,8.170019644493758,0.000267864563565454,1.596266300804739
3908,PARN (OMIM:616353),66,9956.025213208866,4.641503595901569,9.223393158840036,0.00034846550864526177,1.529676679971301
3909,PARN (OMIM:616371),22,1023.1574758148017,4.429253142055419,8.180511032160567,0.7726575342011646,1.6291260051146819
3910,PARS2 (OMIM:618437),113,31473.338140299118,4.9736627908184445,8.821531924588221,0.00011853325674116622,1.4458519015439972
3911,PATL2 (OMIM:617743),8,109.51327751700872,3.9111884827503114,6.957128747041759,0.0003828231525103401,2.476173920827913
3912,PAX1 (OMIM:615560),104,25159.778526238355,4.697494123644204,8.988965231348843,0.0005464706385911856,1.5165681388192658
3913,PAX2 (OMIM:120330),136,49348.7265372447,5.3756782720310134,9.058751031049225,2.000000165480742e-10,1.4777489187039476
3914,PAX2 (OMIM:616002),23,1153.0861392772413,4.5576527244159735,8.083639940233253,0.0006353231604271463,1.7284302360437382
3915,PAX3 (OMIM:122880),38,3107.529396339466,4.420383209586722,8.108093111289005,0.0012171027474718729,1.5708043701881325
3916,PAX3 (OMIM:148820),147,51949.479529661025,4.841066026433793,8.601620321810062,0.00017189252005425464,1.4041346479274917
3917,PAX3 (OMIM:193500),95,21740.448319187588,4.869081370478743,8.50416673456362,0.014407477094097808,1.3946961126895199
3918,PAX4 (OMIM:612225),37,2910.582914384633,4.370244616193143,9.052915261377967,0.0005831481310837044,1.7014247538466498
3919,PAX4 (OMIM:612227),21,904.5885867294049,4.307564698711452,8.374378237711909,0.7400213448202568,1.4949874103127934
3920,PAX6 (OMIM:120200),50,6198.530547897692,5.06002493705934,8.438740571823944,0.36055313953333146,1.4350579755378852
3921,PAX6 (OMIM:120430),10,174.66849827890928,3.8815221839757617,7.522572888454675,0.7609453784098479,1.4574976513307807
3922,PAX6 (OMIM:136520),19,690.1888118633453,4.036191882241786,7.127507573816318,0.4515308852267681,1.4705475877250669
3923,PAX6 (OMIM:148190),14,362.7436503756283,3.9861939601717395,7.930713134959016,0.5789848082407059,1.5215506606614222
3924,PAX6 (OMIM:165550),25,1376.1304027428055,4.587101342476018,7.945898010905795,0.5074503571115517,1.452263504861571
3925,PAX6 (OMIM:604229),39,3917.6838638226454,5.287022758195203,8.311269074284395,0.0001197871677958315,1.7058195414670951
3926,PAX7 (OMIM:618578),108,28348.37902866215,4.90626151413329,8.834691647992036,2.000000165480742e-10,1.4227225281290536
3927,PAX8 (OMIM:218700),87,19273.69123257615,5.15201583335369,9.295482401691658,0.0002896726971899875,1.6941746626173673
3928,PAX9 (OMIM:604625),23,1031.0284701096618,4.075211344306964,8.112304897063341,0.007513143055003663,1.614685592909265
3929,PBX1 (OMIM:617641),111,30594.398859302484,5.011367544521291,8.852767900076527,0.00022366396974664592,1.376343312509798
3930,PC (OMIM:266150),65,9696.103762287177,4.661588347253451,8.709497698600456,0.0005663055145444418,1.5132983665567454
3931,PCARE (OMIM:613428),21,966.7062777978133,4.603363227608635,7.918027599749562,0.00015500775417016222,1.5853085881722255
3932,PCBD1 (OMIM:264070),31,1908.5665707398466,4.104444238150208,7.807633431744148,0.0003624850944622661,1.3791822941517555
3933,PCDH12 (OMIM:251280),73,13414.914452948833,5.1046097613960555,8.80510022220674,0.0001663034595149971,1.6826732079365911
3934,PCDH15 (OMIM:602083),22,1059.961013014909,4.5885758139173545,8.096965144317204,0.014407477094097808,1.5298412675046775
3935,PCDH15 (OMIM:609533),9,140.64490208290488,3.9068028356362468,6.573274204458477,0.8486277359217859,1.2769605310616903
3936,PCDH19 (OMIM:300088),51,6673.848669083236,5.23439111300646,8.908085989829646,0.00018869251796236437,1.907062138674108
3937,PCDHGC4 (OMIM:619880),108,27489.25256337686,4.7575722678049255,9.307235462978156,0.00018949040145411217,1.5407495547270296
3938,PCGF2 (OMIM:618371),259,176061.2869544847,5.269560532593598,9.126221757608684,0.00012113826840601775,1.4537839465441447
3939,PCK1 (OMIM:261680),80,15516.113176771098,4.910162397712373,9.164078412867404,0.15492920798274556,1.524801019181124
3940,PCK2 (OMIM:261650),24,1289.850828673842,4.673372567658848,8.099889724333178,0.36055313953333146,1.5687044138500243
3941,PCLO (OMIM:608027),106,27848.92592384749,5.004299357384994,8.843456652150403,0.0001663034595149971,1.4073436056363537
3942,PCNA (OMIM:615919),96,20780.54498724638,4.557137058606663,8.993914154877867,0.0454015306599506,1.4143406852565135
3943,PCNT (OMIM:210720),195,91779.28010755313,4.852195617634318,8.894872634603368,0.0013767302025706244,1.4175762301940174
3944,PCSK1 (OMIM:600955),38,3616.546871389707,5.1444478967136655,8.83824069256948,0.00017851427268566979,1.6682022012316275
3945,PCSK9 (OMIM:603776),36,2725.633502274274,4.32640238456234,7.924647820193451,4.189843108750679e-05,1.434288375359382
3946,PCYT1A (OMIM:608940),142,49785.46565244051,4.973076181444462,8.928031774842259,0.00018580865589602608,1.4791642370350429
3947,PCYT1A (OMIM:620680),43,4774.638889222471,5.287529223945151,9.002388809109238,0.047784109337295634,1.7165376911407066
3948,PCYT2 (OMIM:618770),63,9653.476132048778,4.9428961249609715,8.908085989829646,0.0005974451415905798,1.5472946860419121
3949,PDCD10 (OMIM:603285),21,751.7927387335951,3.579965422540929,7.842660804585293,0.6358983499778939,1.2869339145450127
3950,PDCD6IP (OMIM:620047),74,12297.36713848,4.552894164561273,8.5485876392675,0.00040364886229316726,1.4653970959881335
3951,PDE10A (OMIM:616921),44,4888.4768844497285,5.167523133667789,8.579856997877776,0.00022026734555797406,1.6082417021289193
3952,PDE10A (OMIM:616922),22,867.5305393663912,3.7555434604605678,7.867673068867021,1.046009439364104,1.4486493349978142
3953,PDE11A (OMIM:610475),96,23198.549819746102,5.08740127626011,8.713470773220926,0.00018869251796236437,1.6035384825530927
3954,PDE1C (OMIM:618140),8,112.28833917036721,4.0102978275131145,7.810172152642902,0.3980917516456417,1.8551731799335855
3955,PDE2A (OMIM:619150),79,15220.819525585608,4.940220553581827,8.434144981225918,2.000000165480742e-10,1.4529611318707534
3956,PDE3A (OMIM:112410),37,2683.327020920555,4.029019550931764,7.693897025679115,0.08366328565324255,1.4508168661920209
3957,PDE4D (OMIM:614613),113,31186.87071644052,4.9283929703603855,8.731367529150354,0.00026707772230500043,1.4520914132877762
3958,PDE6A (OMIM:613810),31,2279.4337996824056,4.902008171360012,7.906962867292998,0.00015500775417016222,1.4760623604410787
3959,PDE6B (OMIM:163500),13,362.74518492060133,4.6505792938538635,8.40327481801168,0.09341807646618362,1.8178935436080612
3960,PDE6B (OMIM:613801),24,1249.7654016116867,4.528135513085822,7.906962867292998,0.00015500775417016222,1.5157001565008656
3961,PDE6C (OMIM:613093),30,2049.730714205463,4.712024630357386,8.08434226414483,0.7609453784098479,1.5170197945112036
3962,PDE6D (OMIM:615665),77,14455.174998783768,4.940251195756585,8.571168130822207,0.0006353231604271463,1.54562759232357
3963,PDE6G (OMIM:613582),33,2455.892409992966,4.651311382562436,7.4846460439295655,0.00015500775417016222,1.5050675265350941
3964,PDE6H (OMIM:610024),33,2693.1356829831348,5.100635763225634,8.720743863755816,0.00014468862235090667,1.6304780542897013
3965,PDE8B (OMIM:609161),44,4472.134145634536,4.7274145302690656,8.477840281058105,0.002624245263013067,1.5757887531248693
3966,PDE8B (OMIM:614190),11,238.0224576783454,4.3276810486971895,7.135922196634649,0.34401566703979003,1.5977473127314696
3967,PDGFB (OMIM:615483),64,10449.637361608697,5.18335186587733,8.78785284016116,0.00018869251796236437,1.6205908053722726
3968,PDGFRA (OMIM:175510),11,187.4540932830497,3.4082562415099944,7.704964415843121,1.046728041412748,1.5104097189703252
3969,PDGFRA (OMIM:607685),52,6449.103843237233,4.863577559002438,9.02234596019619,8.946248855872717e-05,1.582808003237455
3970,PDGFRB (OMIM:131440),18,695.663446861686,4.546819914128666,8.176835448425349,0.2068602661757259,1.5995151430743588
3971,PDGFRB (OMIM:228550),8,89.92079886753316,3.2114571024118987,6.29171062234157,0.7126650421225125,1.499351339088263
3972,PDGFRB (OMIM:601812),200,100877.22431118364,5.069207251818273,9.156767917904597,0.0008028321926913085,1.4731906988683179
3973,PDGFRB (OMIM:615007),46,4974.726698619608,4.806499225719429,8.382738276294397,0.00102680255120379,1.672235063842562
3974,PDGFRB (OMIM:616592),72,12317.128032452014,4.818907680928018,8.62905716839489,0.10689428016148683,1.4951193678715082
3975,PDHA1 (OMIM:312170),104,26605.831090246764,4.967481532906416,8.861597366609072,9.40336853774267e-05,1.5298276702680869
3976,PDHA2 (OMIM:619828),16,593.5014480487976,4.945845400406646,7.446697629721063,0.000803149581822378,2.0588645450722547
3977,PDHB (OMIM:614111),39,3272.972149052676,4.416966462959077,8.502289650455888,0.00045198453520349144,1.564264319728548
3978,PDHX (OMIM:245349),101,24990.85463931303,4.94868408699268,8.92622207743526,2.000000165480742e-10,1.5750969558856234
3979,PDK3 (OMIM:300905),56,8430.469669668466,5.474330954330172,8.645346748618408,0.0015990505493633342,1.8099379028773366
3980,PDP1 (OMIM:608782),40,3711.5785021452043,4.758433977109236,8.676638353011707,0.7227309992301671,1.556300777485518
3981,PDSS1 (OMIM:614651),72,13082.695519108058,5.1184254769593345,9.007379927547387,0.00012113826840601775,1.6548052705472973
3982,PDSS2 (OMIM:614652),55,6807.52118049246,4.58418934713297,8.58041462705443,0.009813035528955065,1.5262479447891153
3983,PDX1 (OMIM:260370),25,1528.2581012084622,5.0941936706948745,8.807469970175722,6.377830462530904e-05,1.8009834195940773
3984,PDX1 (OMIM:606392),8,101.39660002362504,3.621307143700894,5.833441078017566,0.7400213448202568,1.3708492250880056
3985,PDXK (OMIM:618511),65,9471.964439084677,4.553829057252249,8.81248646573978,0.00031792342844160594,1.585153948802034
3986,PDYN (OMIM:610245),63,10113.895381588862,5.178645868709094,8.580107807810702,0.00045198453520349144,1.5617126632699274
3987,PDZD7 (OMIM:618003),16,499.474865110711,4.1622905425892585,7.810172152642902,0.3980917516456417,1.513036535261977
3988,PDZD8 (OMIM:620021),84,17753.45609742815,5.092787176542785,8.78156526911474,0.0002486465088485564,1.5432269418250222
3989,PEPD (OMIM:170100),131,42706.69527895844,5.015466268814849,9.00705117933809,7.104736562826131e-05,1.5836271335350383
3990,PER2 (OMIM:604348),11,203.33995905449808,3.697090164627238,8.083047527502899,0.22140590507770008,1.7866490239889117
3991,PER3 (OMIM:616882),11,203.33995905449808,3.697090164627238,8.083047527502899,0.22140590507770008,1.7866490239889117
3992,PERCC1 (OMIM:618662),12,266.657184534115,4.0402603717290155,7.483889558423178,0.00017851427268566979,1.7085440883391696
3993,PERP (OMIM:619208),47,4766.549987084915,4.409389442261716,8.109177866547002,0.0006982854539680614,1.4174123871514677
3994,PERP (OMIM:619209),22,1068.2650243295225,4.624523914846417,9.092172655860395,0.10953086452218977,1.908922014835513
3995,PET100 (OMIM:619055),107,28559.431675533287,5.0360486114500596,8.86123495794566,0.0005937179460107278,1.5791140586760413
3996,PET117 (OMIM:619063),53,5964.701220865289,4.328520479582938,8.407518189591606,0.002624245263013067,1.5027624511952429
3997,PEX1 (OMIM:214100),278,199638.02183153224,5.184999138548483,9.173657543269869,2.000000165480742e-10,1.4208697913593569
3998,PEX1 (OMIM:234580),38,3193.6165872939578,4.54284009572398,8.68185126551195,0.0019587674577635403,1.6284084128763456
3999,PEX1 (OMIM:601539),72,11463.86737250478,4.485081131652887,8.62729383066405,0.20439110626138998,1.3507498478159243
4000,PEX10 (OMIM:614870),60,7896.93287954034,4.461543999740305,8.870272353659333,0.0001018499913121344,1.4609594609430947
4001,PEX10 (OMIM:614871),115,34407.247989160576,5.249008083777357,9.120746959343741,0.00019109498643675617,1.5423834659503253
4002,PEX11B (OMIM:614920),76,15129.491348285173,5.308593455538658,9.082718993068996,2.000000165480742e-10,1.5205905105431239
4003,PEX12 (OMIM:266510),111,28817.764869691608,4.720354606010091,9.051382881482878,0.002566989050840512,1.4287333374456967
4004,PEX12 (OMIM:614859),64,8771.57738816382,4.350980847303482,8.607539139020389,0.00024330234796083214,1.4381844605660372
4005,PEX13 (OMIM:614883),60,8082.231516187213,4.5662324950210245,8.709919954440453,0.005517641592392186,1.461910836126697
4006,PEX13 (OMIM:614885),41,3817.0546700282866,4.654944719546691,8.72778131173998,0.05614456645599763,1.577255926057142
4007,PEX14 (OMIM:614887),95,21669.39728920927,4.853168485825145,8.94235871408567,8.678962776528191e-05,1.4721693303228227
4008,PEX16 (OMIM:614876),66,9596.430941849963,4.473860578951032,8.825116156796453,0.0001018499913121344,1.4821437656735064
4009,PEX16 (OMIM:614877),131,45238.987159688564,5.312858151460783,8.62047673317005,0.0013663154309970131,1.4490736704679037
4010,PEX19 (OMIM:614886),138,46009.72901777896,4.867209247622867,8.568243611390578,0.00020730474885900254,1.3798434980433012
4011,PEX2 (OMIM:614866),278,206377.0893749824,5.360026215489245,9.079346567035344,8.678962776528191e-05,1.466391702839741
4012,PEX2 (OMIM:614867),76,13841.316556726175,4.856602300605675,9.016656293364266,0.20439110626138998,1.4664593943200623
4013,PEX26 (OMIM:614872),84,15175.40573320047,4.353243182214707,8.751342196286986,0.00024330234796083214,1.405096054700433
4014,PEX26 (OMIM:614873),29,1732.6849185443436,4.26769684370528,8.174593680309853,0.20439110626138998,1.3758497829932235
4015,PEX3 (OMIM:614882),70,10705.953466983357,4.433107025665986,8.64198020110445,0.0001018499913121344,1.425100175945543
4016,PEX3 (OMIM:617370),61,9432.084486414977,5.154144528095616,8.352461413094371,0.0010221449047190993,1.564695941786115
4017,PEX5 (OMIM:202370),53,6003.570085724736,4.356727202993277,8.589749615051831,0.22290924193042697,1.4229131178361418
4018,PEX5 (OMIM:214110),175,75913.39616539938,4.986101554377627,9.165041663593563,0.0004882882588597252,1.4635665680822503
4019,PEX5 (OMIM:616716),124,36766.880817565165,4.821253713292049,9.020563579017235,0.0012599449808452711,1.5330957461157646
4020,PEX6 (OMIM:614862),59,7435.297078436326,4.345585668285404,8.860752187242172,0.00024330234796083214,1.4930998123165675
4021,PEX6 (OMIM:614863),94,21569.72612966755,4.934734872950709,8.870272353659333,4.941497953343199e-05,1.5155964606651857
4022,PEX6 (OMIM:616617),33,2412.6229974762773,4.569361737644464,8.802704440853395,0.0019587674577635403,1.692887930193226
4023,PEX7 (OMIM:215100),135,42142.05766656231,4.659155076457966,8.923462072145467,0.0005881457664332432,1.3994245322029064
4024,PEX7 (OMIM:614879),66,10073.543646363432,4.696290744225377,8.792352869423427,0.3279234531797675,1.461650831242344
4025,PFKM (OMIM:232800),78,16192.244047073258,5.392022659698054,9.114327368073754,0.00027414783043571854,1.7644862794937664
4026,PFN1 (OMIM:614808),34,2322.8635158846955,4.14057667715632,8.456459636980163,0.0029392195486610383,1.3758560676656917
4027,PGAM2 (OMIM:261670),30,2253.3200614086322,5.180046118180764,8.916119240372586,0.00776217953784919,1.9487899894756793
4028,PGAP1 (OMIM:615802),174,77263.39273861918,5.133439156110503,8.962081790305193,4.395661259112839e-05,1.4505733023318248
4029,PGAP2 (OMIM:614207),177,81790.05308757696,5.251030629659538,9.11345293491237,2.000000165480742e-10,1.4735492284656742
4030,PGAP3 (OMIM:615716),113,30101.85963811205,4.756931042685217,8.964079417231831,0.0012287831758608515,1.4281268701214314
4031,PGK1 (OMIM:300653),65,10844.719408324025,5.213807407848089,8.910031946121318,0.00027414783043571854,1.6712454374524972
4032,PGM1 (OMIM:614921),161,68801.42694853408,5.341725694761963,9.05451169405972,0.0001473428281572063,1.5798907558762147
4033,PGM2L1 (OMIM:620191),118,32763.99939347444,4.74634208220693,8.6083832825948,0.001107639007670092,1.3683186140863175
4034,PGM3 (OMIM:615816),187,91582.79274311304,5.266102739526941,9.108734089409904,0.00021193106148507528,1.4637872957603377
4035,PGR (OMIM:264080),9,137.2516222160288,3.8125450615563556,6.957128747041759,0.0003828231525103401,2.297319217794812
4036,PHACTR1 (OMIM:618298),99,23662.646603285895,4.877890456253534,8.915644428508728,0.0001018499913121344,1.4965196941395231
4037,PHC1 (OMIM:615414),18,568.8456089692522,3.7179451566617794,6.509507464662804,0.0454015306599506,1.3076779513288497
4038,PHEX (OMIM:307800),122,35604.31795217871,4.823779698168095,9.172741998642168,0.0005584506568620292,1.579861366247616
4039,PHF21A (OMIM:618725),72,12744.454225903355,4.9860932026225955,8.505317087097245,0.030182697791721932,1.56089456175558
4040,PHF6 (OMIM:301900),125,38836.79581719219,5.011199460282864,9.360985230622335,0.00025658964035981595,1.529774747611179
4041,PHF8 (OMIM:300263),83,15273.843886858089,4.4883467196174225,8.795029463371854,0.006897913965728082,1.465219196468632
4042,PHGDH (OMIM:256520),223,124466.68124857322,5.028347321479143,8.91584372620391,2.000000165480742e-10,1.3860087848387255
4043,PHGDH (OMIM:601815),85,17113.01656111754,4.793562061937687,8.639816717776043,0.00040364886229316726,1.4437439858924077
4044,PHIP (OMIM:617991),138,46254.15967128068,4.893066716521811,8.995747773179575,0.030182697791721932,1.436839001983003
4045,PHKA1 (OMIM:300559),45,5491.536907288692,5.547006977059286,9.114327368073754,0.001799275823352384,1.9367735047998953
4046,PHKA2 (OMIM:306000),52,6771.529271596497,5.1067339906459255,9.054023334993094,0.0012817528951234228,1.6547685990154002
4047,PHKB (OMIM:261750),41,3735.992383135569,4.556088272116548,8.28845019785375,0.003867971210611443,1.4587304620188246
4048,PHKG2 (OMIM:613027),54,7424.921410371527,5.188624325906028,8.875423857334367,0.019538305154274842,1.6325913433972408
4049,PHLDB1 (OMIM:620639),78,14124.207340757144,4.703365747837877,9.092943229998568,0.05812296503939357,1.4929418634857168
4050,PHOX2A (OMIM:602078),28,1969.4928265318117,5.2102984828883905,8.26670653401395,0.039156078446199075,1.8081311722617996
4051,PHOX2B (OMIM:209880),78,16120.623022022835,5.368172834506439,8.719238126360976,0.0006778198740530075,1.5586323104357205
4052,PHOX2B (OMIM:613013),31,2244.345529601577,4.8265495260248965,8.144957786900306,0.0006952544131753047,1.618700950731882
4053,PHYKPL (OMIM:615011),7,56.371191036107874,2.684342430290851,4.699920633739699,0.7400213448202568,0.9523356287389978
4054,PI4K2A (OMIM:620732),136,48400.1145751578,5.272343635638105,9.126221757608684,0.00022026734555797406,1.4807091742791039
4055,PI4KA (OMIM:616531),93,20081.40517196297,4.6941106058819475,8.604868535006743,0.0007660873712183492,1.5103189300738107
4056,PI4KA (OMIM:619621),92,22378.834167771103,5.346114230236767,8.946568527144905,0.0005149209235504193,1.617115260975344
4057,PI4KA (OMIM:619708),172,77210.17162347655,5.250249668399058,9.548764659836696,0.00020062741195619893,1.5115203564953608
4058,PI4KB (OMIM:620281),9,168.3474357634737,4.676317660096491,7.554360939497258,0.538959347482563,1.695723925057601
4059,PIBF1 (OMIM:617767),57,6995.48412286559,4.383135415329317,9.138849586855367,0.2208074551888875,1.4465416561445044
4060,PIDD1 (OMIM:619827),89,19089.922802366193,4.874852605302909,8.908085989829646,0.00018869251796236437,1.4537489093670064
4061,PIEZO1 (OMIM:194380),55,6989.352506859532,4.706634684753894,9.133679514606659,0.00027414783043571854,1.6454358380590335
4062,PIEZO1 (OMIM:616843),116,32918.05492649814,4.935240618665388,8.946318384592406,0.0015402251514670172,1.493463968241215
4063,PIEZO2 (OMIM:108145),133,45553.24347875186,5.189478637360658,9.017730287093283,0.00018432619800010403,1.482983741101067
4064,PIEZO2 (OMIM:114300),148,56334.84194633956,5.178786720568079,8.809097001709317,2.000000165480742e-10,1.5333602004866391
4065,PIEZO2 (OMIM:248700),198,98623.16996157003,5.056820487185051,8.928031774842259,0.0001657766422300117,1.4330508162946718
4066,PIEZO2 (OMIM:617146),115,35010.67307216834,5.341063779125605,9.013265320832058,2.000000165480742e-10,1.5687805189482456
4067,PIGA (OMIM:300818),8,109.62969849665018,3.9153463748803636,7.372429864910019,0.00014775659025959595,1.809954231173964
4068,PIGA (OMIM:300868),464,605450.1709821853,5.636498947849345,9.26419003440818,0.00011853325674116622,1.4094830227169781
4069,PIGA (OMIM:301072),173,76176.05363363966,5.120046621430277,9.11861582201814,0.000334057395126325,1.4232521756906158
4070,PIGB (OMIM:618580),151,55049.02813657286,4.860841336562725,8.959837814839425,0.00015294580467822567,1.4220574129060912
4071,PIGC (OMIM:617816),22,1055.5134114098307,4.569322127315284,8.09409310310133,0.001107639007670092,1.5882712836846438
4072,PIGF (OMIM:619356),134,44097.04968064964,4.948608425614369,8.908085989829646,0.00023892361443259653,1.595121223280726
4073,PIGG (OMIM:616917),63,9518.866213209587,4.87397143533517,8.28408051539706,0.0006912747598399878,1.4520799474999024
4074,PIGH (OMIM:618010),116,32420.48874248207,4.8606429898773715,9.011846527805647,0.002774165303233062,1.5944517155321754
4075,PIGK (OMIM:618879),63,8554.561344089932,4.380215741981532,7.64076897347328,0.002093790532653398,1.2708848685184766
4076,PIGL (OMIM:280000),264,179964.68074178736,5.18391176235129,9.26419003440818,5.382657161057762e-05,1.4477185759337423
4077,PIGM (OMIM:610293),46,5071.935618074205,4.9004208870282175,8.915759878879893,0.0017851672569098686,1.6155732660279654
4078,PIGN (OMIM:614080),175,75919.73831533789,4.986518115949943,8.678093267417527,0.0001473428281572063,1.3416385310002965
4079,PIGO (OMIM:614749),151,55486.314417648,4.899453811712847,8.75858609556111,0.0002420511210071265,1.4475525838523506
4080,PIGP (OMIM:617599),85,17380.346747205513,4.868444467004346,8.915862472076086,0.0005412573883512041,1.4636065688720443
4081,PIGQ (OMIM:618548),124,37526.6995558494,4.920889005487727,8.885520883428894,0.001170782495132372,1.48303434227515
4082,PIGS (OMIM:618143),230,133286.74846304615,5.0612017643078095,9.26419003440818,0.0001018499913121344,1.4246503842582543
4083,PIGT (OMIM:615398),178,82604.32323240925,5.243720131556482,8.908085989829646,0.00018949040145411217,1.468079230481321
4084,PIGT (OMIM:615399),29,2023.402858022681,4.9837508818292635,8.73546531853212,0.00014775659025959595,1.7418119437469457
4085,PIGU (OMIM:618590),153,57644.24265075228,4.957365209043024,8.676051886080515,4.395661259112839e-05,1.4345553755283875
4086,PIGV (OMIM:239300),166,67080.8114008714,4.898197254536065,8.959837814839425,0.0008104782024593274,1.4706518473984906
4087,PIGW (OMIM:616025),63,9827.531517604537,5.032018186177439,8.941545922822993,0.0001018499913121344,1.5363509018825119
4088,PIGY (OMIM:616809),178,77750.3047298322,4.935587172591393,8.808835962337243,0.00023181596506145264,1.4535789014448
4089,PIK3C2A (OMIM:618440),158,59468.618071500605,4.794696288922084,8.833298713501284,0.0023039278272346396,1.4017665361973697
4090,PIK3CA (OMIM:155500),5,24.898953478553725,2.4898953478553727,4.163273604917567,1.37722059021972,0.8703243675205641
4091,PIK3CA (OMIM:182000),10,148.86180820230217,3.3080401822733814,6.492114839177365,0.8954429315708131,1.2654014549988615
4092,PIK3CA (OMIM:602501),108,27005.209306147666,4.673798772265086,8.74832263769285,0.000669664920966333,1.3624339326049844
4093,PIK3CA (OMIM:612918),75,13575.498279821119,4.892071452187791,8.572694030517296,0.00026741715183565954,1.5481024064103743
4094,PIK3CA (OMIM:613089),26,1337.0142126437524,4.1138898850576995,8.284693963278897,0.016636461831841688,1.4926441865767077
4095,PIK3CA (OMIM:615108),141,49925.233513502135,5.058281004407511,9.115391015781093,0.000669664920966333,1.573323065042422
4096,PIK3CA (OMIM:619538),5,15.065715364473423,1.5065715364473422,2.3822538344587336,0.6358983499778939,0.575545371099139
4097,PIK3CD (OMIM:615513),49,6013.482201007604,5.11350527296565,8.995616559257664,0.000955190167537979,1.648248378310345
4098,PIK3CD (OMIM:619281),85,18971.7076422236,5.314203821351148,8.677701334659876,2.000000165480742e-10,1.564076153546096
4099,PIK3CG (OMIM:619802),151,62406.20301394281,5.510481502334906,9.218329734759083,0.0002066025159796314,1.5535354696839345
4100,PIK3R1 (OMIM:269880),148,54923.09397334402,5.049006616413313,8.946778485468679,0.0002327990288024711,1.4507197810022114
4101,PIK3R1 (OMIM:615214),36,2975.126429858705,4.722422904537627,8.156481850755647,0.0002066025159796314,1.5443095946382006
4102,PIK3R1 (OMIM:616005),82,17383.896130398716,5.234536624630748,8.692440196813884,0.00010563534348670766,1.5767034267197146
4103,PIK3R2 (OMIM:603387),128,39462.795729486636,4.855166797426998,8.668213518136163,0.0006912747598399878,1.448941844438716
4104,PIK3R5 (OMIM:615217),55,7411.843040079321,4.991140094329509,9.016656293364266,0.3850952692825773,1.5343130279576878
4105,PIKFYVE (OMIM:121850),15,419.601125359364,3.9962011938987048,8.105971036727992,0.7609453784098479,1.6001616042534759
4106,PINK1 (OMIM:605909),40,3833.280334867949,4.914461967779422,8.220227590986546,0.025697212858548604,1.5064709797911908
4107,PIP5K1C (OMIM:611369),21,797.947605889618,3.7997505042362762,7.239786941042253,0.35600562293807925,1.2743259894333199
4108,PISD (OMIM:618889),61,8222.474322396743,4.493155367429915,8.405881591175914,0.00015500775417016222,1.4718124074391084
4109,PITPNM3 (OMIM:600977),28,1761.240488875874,4.659366372687497,8.223041860723374,0.0017252892329913654,1.5891041425964878
4110,PITRM1 (OMIM:619405),58,8224.754368928978,4.975652975758607,8.771567589291417,0.000267864563565454,1.6632071815180425
4111,PITX1 (OMIM:119800),90,19001.601812004406,4.744469865669015,8.47892081260218,0.00020062741195619893,1.4732088135009545
4112,PITX2 (OMIM:137600),21,878.2548191646104,4.182165805545764,7.852860062791744,0.5661934951537853,1.663277766668334
4113,PITX2 (OMIM:180500),81,16677.72304457961,5.147445384129509,8.419044914137057,0.00017449449899708947,1.5579228924415662
4114,PITX2 (OMIM:180550),22,1008.371869741029,4.365246189355104,7.837886039370723,0.00822332760621461,1.506218870517775
4115,PITX3 (OMIM:107250),20,964.1462527117965,5.0744539616410345,8.450942368008372,0.000147720855623706,2.018097577504921
4116,PITX3 (OMIM:610623),32,2167.7104986063505,4.370384069770868,8.74832263769285,0.21934253219841804,1.4829678917655083
4117,PJVK (OMIM:610220),7,67.17848022202988,3.198975248668089,4.662535130851787,0.3980917516456417,1.227516412457778
4118,PKD1 (OMIM:173900),44,4764.750443936168,5.036734084499121,8.468733508458044,0.0006348976444134446,1.7289433658813071
4119,PKD1L1 (OMIM:617205),42,4055.9039801221543,4.710689872383455,8.124090786514365,0.00015343317411067644,1.553875954991018
4120,PKD2 (OMIM:613095),67,11014.93024454518,4.981877089346531,8.831058084428097,0.0006348976444134446,1.6276359814922283
4121,PKDCC (OMIM:618821),143,50245.50625595395,4.948833473451586,8.982678031299352,0.00038398881925800604,1.4810328567558013
4122,PKHD1 (OMIM:263200),72,13350.57827496884,5.223230936998764,8.578548418261645,0.00027855748203595886,1.6728622918044345
4123,PKLR (OMIM:102900),4,19.891380011476052,3.3152300019126755,5.529358926169809,1.3363772845193072,1.8425222636359675
4124,PKLR (OMIM:266200),54,7271.9871228324255,5.081752007569829,9.133679514606659,0.00027414783043571854,1.7280572904462308
4125,PKP1 (OMIM:604536),45,4754.975303593052,4.8030053571646985,9.08404188487952,0.0015105945099440441,1.6450647102309215
4126,PKP2 (OMIM:609040),34,3011.9146915170404,5.368831892187238,9.043632319455332,0.00011614300830541902,1.8400070451950408
4127,PLA2G4A (OMIM:618372),28,1777.0598459571356,4.701216523696126,8.301975340522976,0.004883727133326189,1.6846216018007814
4128,PLA2G5 (OMIM:228980),12,266.2764922461661,4.034492306760092,7.901407573754912,0.11699635203353603,1.6818337450993643
4129,PLA2G6 (OMIM:256600),109,30825.358822195536,5.237064020080791,8.769362459642002,0.0016170091368482085,1.4220033731934294
4130,PLA2G6 (OMIM:610217),98,24955.9959082238,5.25057772106539,8.69054553590505,0.00013152737595277557,1.454392484858771
4131,PLA2G6 (OMIM:612953),120,38809.30449809714,5.435476820461784,8.799924407393506,0.0008802619236656015,1.5868897882771815
4132,PLA2G7 (OMIM:614278),7,66.51889389957473,3.1675663761702255,5.719179129426004,0.7400213448202568,1.3900009680025487
4133,PLAA (OMIM:617527),202,104110.48911295937,5.128342895077059,9.055059589219116,0.0001663034595149971,1.4705244980166314
4134,PLAAT3 (OMIM:620683),180,81888.53476858458,5.0830871985465285,9.200181277181976,2.000000165480742e-10,1.4950859626185444
4135,PLAG1 (OMIM:181030),13,241.73269167999075,3.0991370728203944,5.353530594187687,0.7388212240972487,1.136106136668364
4136,PLAG1 (OMIM:618907),24,1255.2756876817193,4.548100317687389,8.123932713517313,0.0001904789742400047,1.5947134419060984
4137,PLAU (OMIM:601709),39,3405.334226556397,4.595592748389199,8.813477539694276,0.021118882200204435,1.6091207724351428
4138,PLCB1 (OMIM:613722),32,2604.8794385354586,5.251773061563425,8.83281985509052,0.0005412573883512041,1.7454601053558252
4139,PLCB3 (OMIM:618961),70,10816.872431099186,4.4790362033537,8.457734579320073,0.0001018499913121344,1.3989238918319438
4140,PLCB4 (OMIM:614669),83,17851.536785210195,5.245823328007698,8.72778131173998,7.104736562826131e-05,1.5380222149502327
4141,PLCB4 (OMIM:620458),116,33130.75307523608,4.967129396587119,9.107138567489411,0.0005661386891909726,1.4814670412758764
4142,PLCD1 (OMIM:151600),11,222.1434664921443,4.038972118038988,7.450656332119581,0.0032284494872078387,1.7128026704084427
4143,PLCE1 (OMIM:610725),30,1915.8662656228103,4.404290265799564,8.083639940233253,0.0007165373026079224,1.5140169773365255
4144,PLCG1 (OMIM:620514),44,4375.752370168109,4.625531046689333,8.829715584504063,0.014566809922073501,1.6977095895100345
4145,PLCG2 (OMIM:614468),61,9079.270847608186,4.961350189949829,9.16720829465161,0.004852060691232594,1.7503869231233273
4146,PLCG2 (OMIM:614878),68,11283.005362042959,4.953031326621141,8.770061824175034,0.00020014200898150754,1.553353636601137
4147,PLCH1 (OMIM:619895),120,37264.07082463811,5.219057538464721,8.538937467048807,2.000000165480742e-10,1.3812229643120233
4148,PLCZ1 (OMIM:617214),8,109.52186584126643,3.911495208616658,6.9575957991714485,0.000803149581822378,2.4762748682102145
4149,PLD1 (OMIM:212093),91,21957.549371485777,5.362038918555745,8.753883445399602,0.0001473428281572063,1.6063361921602897
4150,PLD3 (OMIM:617770),43,4741.800229914892,5.251163045309958,8.317630472549196,0.0006846906295529453,1.560633005519328
4151,PLEC (OMIM:131950),13,362.2914137838583,4.64476171517767,8.92579774691727,0.005503155585803502,2.022776802722589
4152,PLEC (OMIM:226670),69,11013.171488232038,4.69444649967265,9.104493244588117,0.013011220964415088,1.5246184519738073
4153,PLEC (OMIM:612138),48,5295.626479052766,4.694704325401388,8.316971699828942,0.0002918709674295516,1.4085220497655284
4154,PLEC (OMIM:613723),38,3378.5426069588552,4.805892755275754,8.639692076649633,0.0006888527898926093,1.7213192876296104
4155,PLEC (OMIM:616487),19,766.2351862639451,4.480907522011375,8.71144208333201,0.8031756226185964,1.539621949587425
4156,PLEKHG2 (OMIM:616763),47,4894.538502819689,4.527787699185651,8.232308486184055,0.00011853325674116622,1.5271006811828143
4157,PLEKHG5 (OMIM:611067),61,8847.871221591517,4.83490230688061,8.735419491702277,0.004239304276640087,1.7003880147460704
4158,PLEKHG5 (OMIM:615376),56,7768.854351297413,5.044710617725593,8.802038284270553,0.00025006395324224406,1.697065474810384
4159,PLEKHM1 (OMIM:611497),20,506.17573925335995,2.664082838175579,5.264904398035558,0.7080272624095671,0.9421880473502271
4160,PLEKHM1 (OMIM:618107),52,5805.284115173496,4.378042319135366,9.054023334993094,0.11812255668057281,1.5789105793857123
4161,PLG (OMIM:217090),110,27700.72716436276,4.6206383927210615,8.362880848261817,2.000000165480742e-10,1.3320500681777179
4162,PLG (OMIM:619360),29,1494.1786189498453,3.6802429038173528,7.406754987290138,0.7388212240972487,1.2779830424100378
4163,PLIN1 (OMIM:613877),55,6884.669295188954,4.636140939521181,8.946778485468679,0.047784109337295634,1.526529826644485
4164,PLIN4 (OMIM:601846),42,3929.3325321861603,4.563684706371847,8.959475704528458,0.0009840809308529958,1.7724340401282652
4165,PLK4 (OMIM:616171),119,36086.36991483103,5.1397763729997195,8.789156748701284,5.9439822204979764e-05,1.484494834427659
4166,PLN (OMIM:609909),13,383.91078679977454,4.9219331640996735,8.80023960979233,0.6858069643877314,1.8835283953137278
4167,PLN (OMIM:613874),21,998.034001322583,4.752542863440872,8.338569277083671,8.736249828716642e-05,1.6827582696799825
4168,PLOD1 (OMIM:225400),182,80950.34092415267,4.914719259556351,9.123914208714192,0.00017449449899708947,1.4841483892976284
4169,PLOD2 (OMIM:609220),86,16446.232759577517,4.499653285794122,8.383149925938483,0.02126094445351756,1.4392839610260193
4170,PLOD3 (OMIM:612394),175,75660.57394739208,4.969495825772879,8.972676003191545,0.00020062741195619893,1.516131821097471
4171,PLP1 (OMIM:312080),141,54293.94701029675,5.500906485339083,8.761271912340396,0.00022253198858918413,1.4214345345305532
4172,PLP1 (OMIM:312920),74,13744.687749073595,5.088740373592594,8.792352869423427,0.0010221449047190993,1.6260865310002202
4173,PLPBP (OMIM:617290),95,21920.005011319372,4.909295635233902,8.908085989829646,0.001362946333419783,1.504930726982711
4174,PLS1 (OMIM:618787),15,521.2833838771671,4.96460365597302,8.44649407177552,0.36201212601023636,1.8567920373453515
4175,PLS3 (OMIM:306950),8,102.94949333642441,3.6767676191580145,6.630035986689531,0.8622284498643286,1.816449285929669
4176,PLVAP (OMIM:618183),126,39434.588993652156,5.007566856336782,8.885942452944917,0.0003026278596787662,1.4698301098371507
4177,PLXNA1 (OMIM:619955),110,28103.31299989185,4.687791993309733,8.408148082519496,0.00045198453520349144,1.3607093858777832
4178,PLXND1 (OMIM:620294),55,7679.76411499906,5.171558326598694,8.792439766029448,0.00015343317411067644,1.4948325285167705
4179,PMFBP1 (OMIM:618112),14,469.53991486901407,5.1597792842748795,8.566164424851095,0.000803149581822378,2.3661195094605296
4180,PMM2 (OMIM:212065),251,165861.6310157983,5.286426486559309,9.051382881482878,0.00017851427268566979,1.459550894563803
4181,PMP2 (OMIM:618279),69,13135.120752216568,5.59894320213835,9.16883064934852,0.00031792342844160594,1.7702087278626828
4182,PMP22 (OMIM:118220),68,12126.524580808014,5.323320711504835,9.072852201496532,0.00031792342844160594,1.7881782516800355
4183,PMP22 (OMIM:118300),69,12506.54423135363,5.331007771250482,9.072852201496532,0.00031792342844160594,1.7690054584726507
4184,PMP22 (OMIM:139393),5,33.2210806193514,3.3221080619351397,5.641650803955672,1.7580184435289945,1.5464779673453457
4185,PMP22 (OMIM:162500),38,3528.736973116612,5.0195405022995905,8.512980065857178,0.0006461379115094649,1.6160108351550289
4186,PMPCA (OMIM:213200),76,15156.942619992013,5.318225480698952,8.902461791364527,0.001107639007670092,1.5380665787897994
4187,PMPCB (OMIM:617954),89,19803.460935018367,5.057063568697234,9.091474441168302,0.019538305154274842,1.5087540337410619
4188,PMS2 (OMIM:614337),26,1339.1233708446975,4.120379602599069,8.046519895068517,0.07650017549322971,1.5548580024448284
4189,PMS2 (OMIM:619101),55,7229.062829630144,4.868055777528716,8.400515265226145,8.840919630067408e-05,1.5631844862985982
4190,PMVK (OMIM:175800),8,106.50308459271137,3.803681592596835,6.404854132228905,1.4089720234889813,1.3849345046354273
4191,PNKD (OMIM:118800),36,2925.6400077291546,4.643873028141515,8.351099559362284,0.00037868868455093207,1.4688802015156743
4192,PNKP (OMIM:613402),63,9074.873775787484,4.646632757699685,8.232308486184055,0.0001663034595149971,1.4191935854745061
4193,PNKP (OMIM:616267),47,5570.724939151905,5.153307066745518,8.697757454905668,0.0012817528951234228,1.6466152967330194
4194,PNLDC1 (OMIM:619528),23,1283.3629174522239,5.072580701392189,8.593998861735125,0.000803149581822378,1.9960484425676366
4195,PNLIP (OMIM:614338),13,351.9980072011103,4.512794964116798,8.664824569523972,0.002566989050840512,2.171315187017953
4196,PNP (OMIM:613179),136,46465.06483673516,5.0615539037837864,9.041084440611392,2.000000165480742e-10,1.5280602392575358
4197,PNPLA1 (OMIM:615024),31,2033.0818224949035,4.372218973107319,7.709703569441195,0.0006982854539680614,1.5598208595676142
4198,PNPLA2 (OMIM:610717),113,32633.715264501934,5.157034649889686,9.142405857673017,0.0003277254209336634,1.6413593469683823
4199,PNPLA6 (OMIM:215470),107,31757.32745218142,5.599951940077838,9.162369848231858,2.000000165480742e-10,1.5969822883801734
4200,PNPLA6 (OMIM:245800),61,9100.0169549241,4.972686860614262,8.41431074807101,2.000000165480742e-10,1.5381393886337091
4201,PNPLA6 (OMIM:275400),143,55445.99950354031,5.461045947359432,9.065823533296488,2.000000165480742e-10,1.4846991044120654
4202,PNPLA6 (OMIM:612020),42,4335.993317820465,5.035996884808902,8.608907841620045,0.0005152206030376481,1.7966838161279026
4203,PNPLA8 (OMIM:251950),53,6880.469255352489,4.993083639588163,8.728686362158658,0.0006888527898926093,1.541938877802018
4204,PNPO (OMIM:610090),62,9464.107271206973,5.004816113805909,8.899079027748497,0.0001663034595149971,1.6601268375063627
4205,PNPT1 (OMIM:608703),93,22098.21453899771,5.165548045581512,9.214679967371058,0.00229084602303184,1.514676937614189
4206,PNPT1 (OMIM:614932),72,12877.023151926984,5.037958979627145,8.569854398170248,0.00037868868455093207,1.4898151020810289
4207,PNPT1 (OMIM:614934),11,228.46678619635912,4.153941567206529,7.810172152642902,0.8486277359217859,1.6112818196446814
4208,POC1A (OMIM:614813),164,64925.81208827856,4.8575349460031845,8.959837814839425,0.018621012382801783,1.4136560908065992
4209,POC1B (OMIM:615973),32,2719.988537758116,5.483847858383298,8.607034287435987,0.00014468862235090667,1.738960284179446
4210,POF1B (OMIM:300604),34,2549.2311769324024,4.544084094353658,7.577782028966717,0.0003828231525103401,1.637883969390655
4211,POFUT1 (OMIM:615327),18,696.5711316008276,4.552752494123056,7.493840363412955,0.337069129275129,1.4261324685334091
4212,POGLUT1 (OMIM:615696),13,381.81089109313905,4.895011424271013,8.406035836978122,1.0544477249767152,1.6726172757168059
4213,POGLUT1 (OMIM:617232),43,4528.783801718516,5.015264453730361,9.49088577588546,0.034298969772904774,1.9161415126727546
4214,POGZ (OMIM:616364),265,182484.67832963407,5.21682899741664,9.576610568278216,0.0005727427745271421,1.4408480196208242
4215,POLA1 (OMIM:301030),196,96846.4153704319,5.067839632152376,9.128673919100102,0.00015294580467822567,1.4484047903866435
4216,POLA1 (OMIM:301220),105,26641.57190079041,4.879408773038537,8.911410240251124,0.0012541389199276578,1.5118564963456378
4217,POLD1 (OMIM:612591),19,764.9785958698773,4.473559040174721,8.046519895068517,0.0030701080482051593,1.7114524950801202
4218,POLD1 (OMIM:615381),119,34306.30275094858,4.8862416679886875,9.038545266998783,0.002093790532653398,1.4771879885396493
4219,POLE (OMIM:615083),11,245.12891876778548,4.456889432141554,8.23873277783813,0.0030701080482051593,2.085916653057064
4220,POLE (OMIM:615139),69,10882.173223122263,4.638607511987324,8.970849555138672,0.00015304849304319395,1.435511992498091
4221,POLE (OMIM:618336),135,45473.21938515349,5.027442718093255,9.078444909987466,0.00015304849304319395,1.497254957822371
4222,POLG (OMIM:157640),124,42258.907445725315,5.541425051891596,9.068255179630249,9.774864833445439e-05,1.5465394452851968
4223,POLG (OMIM:203700),144,57056.68898405847,5.541636459213138,9.060433368326176,0.00026285598368636976,1.5060477810345336
4224,POLG (OMIM:258450),174,85240.27361590523,5.663429248282854,8.931079204019097,9.774864833445439e-05,1.4999479837821874
4225,POLG (OMIM:613662),71,12862.165964928608,5.175921917476301,8.888444814772424,0.00035005354757042197,1.573857930503694
4226,POLG2 (OMIM:610131),89,20583.109543553644,5.2561566760862215,8.93832788858941,0.00035005354757042197,1.5949900575850617
4227,POLG2 (OMIM:618528),73,13203.862345650727,5.024300740354158,8.870272353659333,8.678962776528191e-05,1.5715778548198494
4228,POLG2 (OMIM:619425),61,9078.570818631826,4.96096766045455,8.927381605772549,0.22140590507770008,1.4347680207364404
4229,POLH (OMIM:278750),71,10953.589272868765,4.40788300719065,8.8235053126039,0.0454015306599506,1.4752474116874243
4230,POLR1A (OMIM:616462),324,290272.23665136984,5.5473805880703635,9.16609508027018,2.000000165480742e-10,1.4538031123207664
4231,POLR1A (OMIM:620675),132,45957.65409968169,5.315481621522287,9.126221757608684,0.00015304849304319395,1.4486255143001188
4232,POLR1B (OMIM:618939),74,12931.871515827239,4.7878087803877225,8.810982838527247,0.0007793272867358937,1.5238125776162579
4233,POLR1C (OMIM:248390),43,4484.875038331984,4.966639023623459,8.790272067700112,0.0007793272867358937,1.6656495464681
4234,POLR1C (OMIM:616494),60,8199.42127694955,4.632441399406526,8.776793431718247,0.001107639007670092,1.5111555202802835
4235,POLR1D (OMIM:613717),77,14388.359880872038,4.917416227228995,8.790272067700112,0.0007793272867358937,1.5091516022057794
4236,POLR2A (OMIM:618603),116,32560.12978614034,4.88157867858176,8.935163494691741,0.00045198453520349144,1.4615362621220918
4237,POLR3A (OMIM:264090),283,207215.05537432875,5.192969334995583,9.100964310357936,2.000000165480742e-10,1.4353051635964518
4238,POLR3B (OMIM:614381),123,38442.929705556235,5.123674490944453,8.773554522770949,0.00014468862235090667,1.4615676355000216
4239,POLR3B (OMIM:619742),69,12082.733873105688,5.150355444631581,8.593662451464722,2.000000165480742e-10,1.4882999769797187
4240,POLR3F (OMIM:619872),19,642.4589200690032,3.7570697080058664,8.188352331393123,0.045329762749795374,1.6479713856240819
4241,POLR3GL (OMIM:619234),171,74619.1615904548,5.133757247365311,9.117839462053325,0.0001469875513899424,1.5100149119135349
4242,POLR3K (OMIM:619310),108,28897.5822868916,5.001312268413223,8.991296414803475,0.0001469875513899424,1.4898201183622737
4243,POLRMT (OMIM:619743),176,79972.08580529765,5.192992584759588,8.89664297846954,7.104736562826131e-05,1.504717563116477
4244,POMC (OMIM:609734),57,7907.338841295168,4.954472958204993,8.753372420342673,0.0010425010607765092,1.6229238484716424
4245,POMGNT1 (OMIM:253280),146,56724.294008549536,5.3589318855502635,8.849306900077684,2.000000165480742e-10,1.503732407128997
4246,POMGNT1 (OMIM:613151),55,7080.647616907365,4.768112873338293,8.771567589291417,0.006214400107397506,1.5380098325246763
4247,POMGNT1 (OMIM:613157),38,3558.703303428617,5.062166861207136,9.05451169405972,0.00014468862235090667,1.8261022883443103
4248,POMGNT1 (OMIM:617123),34,2712.1851308705996,4.8345546004823525,8.251907477090885,0.00015500775417016222,1.6464490938785112
4249,POMGNT2 (OMIM:614830),38,3120.0051950586612,4.438129722700799,8.39069843001403,0.47643590212373366,1.5631082410636585
4250,POMGNT2 (OMIM:618135),36,2949.633636569797,4.681958153285392,8.771567589291417,0.0006888527898926093,1.6461176912407023
4251,POMK (OMIM:615249),107,28871.891948488177,5.091146525919269,8.907726522498315,0.0001018499913121344,1.5299770282715688
4252,POMK (OMIM:616094),43,4639.764676707464,5.1381668623559955,8.771567589291417,0.0006888527898926093,1.7781981107887117
4253,POMP (OMIM:601952),26,1529.1565831943917,4.705097179059667,8.599008420424552,0.0011133398815453648,1.588732065925303
4254,POMP (OMIM:618048),95,22072.573926112764,4.943465604952467,9.226538891619565,0.00010563534348670766,1.5134817868819106
4255,POMT1 (OMIM:609308),61,8768.37275999688,4.79146052458846,8.771567589291417,0.001107639007670092,1.6538730402828403
4256,POMT1 (OMIM:613155),104,26556.49727721505,4.958270589472564,8.849306900077684,0.00030206516417093,1.5151309947135592
4257,POMT2 (OMIM:613150),112,33257.806657692185,5.350354996411227,8.849306900077684,0.00030206516417093,1.5436154683544696
4258,POMT2 (OMIM:613156),141,48407.731084389314,4.904532024760822,8.771567589291417,0.0004882882588597252,1.4495293852670026
4259,POMT2 (OMIM:613158),28,1737.5881535653161,4.596794057051101,8.63909233389679,0.0001849738499394851,1.653897654352981
4260,POP1 (OMIM:617396),101,24468.767999993484,4.8453005940581155,8.438972261819226,0.00015304849304319395,1.558236674421776
4261,POPDC3 (OMIM:618848),27,1572.0380897842012,4.478740996536186,8.972171861474829,0.46443555168908324,1.7901763133913988
4262,POR (OMIM:201750),221,131359.08814050726,5.403500129185819,9.182321351382017,2.000000165480742e-10,1.4259786056906685
4263,POR (OMIM:613571),14,447.24845028711593,4.914818135023252,8.58501790706042,0.0006337521246226539,2.055503471136163
4264,PORCN (OMIM:305600),294,235270.0916858217,5.462378205424107,9.433940709348333,2.000000165480742e-10,1.4547839917582823
4265,POT1 (OMIM:615848),8,107.77564861304668,3.84913030760881,7.3337131686205375,0.020932178707325125,2.1918280037358837
4266,POT1 (OMIM:620367),67,10635.181903014312,4.810122977392272,9.169680192460746,0.0011529351886177945,1.5559108785235671
4267,POT1 (OMIM:620368),61,8439.786986664567,4.611905457193752,8.944502739180901,0.128450064141827,1.4014925000177854
4268,POU1F1 (OMIM:613038),86,17937.557308513387,4.907676418197918,9.107138567489411,0.00019109498643675617,1.5445114611877409
4269,POU3F3 (OMIM:618604),78,13813.70788784495,4.599969326621695,8.35151082614376,0.00037868868455093207,1.4044000934391019
4270,POU4F1 (OMIM:619352),58,8230.239309321947,4.978971149015092,8.62047673317005,0.0011901076561597205,1.5520621673639106
4271,POU4F3 (OMIM:602459),5,36.198003799098124,3.6198003799098126,4.662535130851787,1.0324879018887914,1.0353674212367496
4272,POU6F2 (OMIM:601583),14,343.6223802060673,3.776070112154586,6.901150226684868,0.009681699201305237,1.5397175072105422
4273,PPA2 (OMIM:617222),31,2354.0786479745734,5.06253472682704,9.19945232737294,0.02584939923939534,1.8131296087434259
4274,PPA2 (OMIM:617223),9,151.61862931256812,4.211628592015781,8.386855923612048,0.8139074677042408,1.6645925445199707
4275,PPARG (OMIM:604367),78,15464.554809020345,5.149701901105676,8.983530842138942,0.0013598250934187413,1.594300696586715
4276,PPCS (OMIM:618189),28,1863.150941945833,4.928970745888447,8.377117207736877,0.019538305154274842,1.6592350284744728
4277,PPFIBP1 (OMIM:620024),163,70169.51083676351,5.314664154871129,9.11345293491237,0.0001450324633516059,1.3936784801979598
4278,PPIB (OMIM:259440),106,26879.896579212407,4.830170095096569,9.15105123769202,0.08243816621709792,1.5356784870679483
4279,PPIL1 (OMIM:619301),93,22431.165837803528,5.243376773680114,8.908085989829646,0.00030206516417093,1.5123545028626115
4280,PPIP5K2 (OMIM:618422),12,279.25843509373885,4.231188410511194,7.810172152642902,0.3980917516456417,1.5992831490344714
4281,PPM1D (OMIM:617450),139,47078.15446679237,4.9085762138246665,9.145913361022401,0.00015294580467822567,1.442020053077624
4282,PPM1K (OMIM:615135),7,55.940582369526574,2.6638372556917416,4.491922668547242,0.7400213448202568,0.9602389644112925
4283,PPOX (OMIM:176200),41,3777.683026586468,4.6069305202274,8.206563893289106,0.00018869251796236437,1.543823822462909
4284,PPOX (OMIM:620483),76,13060.698632045674,4.582701274401991,8.625964002167848,2.000000165480742e-10,1.5825030947444065
4285,PPP1CB (OMIM:617506),233,143715.3179312499,5.317275341543951,8.899069714903062,2.000000165480742e-10,1.3581252371749064
4286,PPP1R12A (OMIM:618820),176,79266.37759592463,5.147167376358742,8.73782724185034,2.000000165480742e-10,1.384278055681124
4287,PPP1R13L (OMIM:620519),104,28165.64532399428,5.258708985062412,9.061782806911642,0.0006982854539680614,1.5251166115796189
4288,PPP1R15B (OMIM:616817),161,64014.72454847248,4.970087309664012,8.873574725877837,0.00030206516417093,1.4003402763265824
4289,PPP1R21 (OMIM:619383),199,99391.95408643244,5.045020764754705,8.848432602025923,0.0001018499913121344,1.451775196194242
4290,PPP2CA (OMIM:618354),139,49372.93493907636,5.147840156300319,9.089958309365686,0.0002327990288024711,1.51480645711371
4291,PPP2R1A (OMIM:616362),141,48472.920805832284,4.91113685976011,8.68080655535433,0.00031984864419684893,1.4859885165427356
4292,PPP2R2B (OMIM:604326),69,11644.272492109623,4.963458010276907,8.344701994312066,0.00229084602303184,1.4861812254337075
4293,PPP2R3C (OMIM:618419),189,89113.34557718203,5.015948754766522,9.671646010455351,0.00013217892724419597,1.4375416073413088
4294,PPP2R3C (OMIM:618420),12,325.98971072504884,4.939238041288618,8.566164424851095,0.000803149581822378,2.5372059064959864
4295,PPP2R5D (OMIM:616355),111,30763.912535346994,5.0391339124237495,8.768718199025447,0.0001657766422300117,1.5452202831017265
4296,PPP3CA (OMIM:617711),109,30166.165531728962,5.125070596624017,9.065385451346645,0.0005412573883512041,1.5585138745302585
4297,PPP3CA (OMIM:618265),90,18738.633612388214,4.678809890733636,8.45102605733439,0.0001473428281572063,1.383568597712663
4298,PPT1 (OMIM:256730),112,30092.696745381225,4.841167430080635,8.603990962250164,7.985349342145561e-05,1.3912293352748608
4299,PQBP1 (OMIM:309500),229,132294.8849385994,5.067604571309254,9.126221757608684,6.004631081718618e-05,1.4123385554528523
4300,PRCD (OMIM:610599),23,1135.3829426894167,4.487679615373189,7.5267220672646795,0.00015500775417016222,1.5385509433428128
4301,PRDM10 (OMIM:620459),21,873.148183825266,4.1578484944060285,8.072228021870929,0.4250928547781023,1.433672530315224
4302,PRDM12 (OMIM:616488),60,8964.563001186667,5.064724859427495,8.891355431312206,0.2974528412648736,1.5402118458250054
4303,PRDM13 (OMIM:619761),82,16390.332878137095,4.935360698023817,8.773554522770949,0.0019071621965142454,1.5065929919559435
4304,PRDM13 (OMIM:619909),114,32197.294306721644,4.998803649545357,8.92622207743526,0.00030206516417093,1.5124475648420381
4305,PRDM16 (OMIM:615373),22,1262.1843122597347,5.464001351773743,8.453589090884877,0.0024505065415623057,1.961548063553396
4306,PRDM5 (OMIM:614170),57,8148.522313470281,5.105590421973861,9.17311594252127,0.0002327990288024711,1.658182210650174
4307,PRDM6 (OMIM:617039),9,94.72371476029916,2.631214298897199,5.220772098405188,0.473594995891922,1.3906360784180383
4308,PRDM8 (OMIM:616640),61,9540.748219187291,5.213523617042235,8.988765405710629,0.00018869251796236437,1.5629865553648155
4309,PRDX3 (OMIM:619862),73,13803.610431545942,5.252515384910937,8.497900483538572,0.0147566602723356,1.524919936206027
4310,PRDX3 (OMIM:619871),6,46.83542119262901,3.122361412841934,5.575426108940089,0.7609453784098479,1.3994878217223932
4311,PREPL (OMIM:616224),53,6061.499609088643,4.398766044331381,8.596260007978657,0.37543966712845633,1.429491488223549
4312,PRF1 (OMIM:603553),139,54108.39741663457,5.641580379171574,9.065699330095148,2.000000165480742e-10,1.5658693243902255
4313,PRG4 (OMIM:208250),53,6250.248189453565,4.535738889298668,8.393570563664943,0.00027266806435170875,1.689137226425695
4314,PRICKLE1 (OMIM:612437),38,3761.83139583924,5.351111516129786,8.595554248830988,0.014527955659357088,1.6973082398972597
4315,PRICKLE3 (OMIM:308905),8,98.68491275845633,3.524461169944869,5.842312445334027,0.7609453784098479,1.1747443474222359
4316,PRIM1 (OMIM:620005),218,121140.07537922653,5.121552250421787,9.169680192460746,2.000000165480742e-10,1.4546373619868769
4317,PRIMPOL (OMIM:615420),9,161.28037408148927,4.480010391152479,7.785460168300197,0.00014468862235090667,1.7162730236969328
4318,PRKACA (OMIM:615830),78,14092.829165114481,4.6929168048999275,8.627079002528973,0.0005484895450947888,1.55741076661951
4319,PRKACA (OMIM:619142),57,7158.970321271793,4.485570376736712,8.162883407903822,7.393453312369341e-05,1.3555324841059275
4320,PRKACB (OMIM:619143),96,22090.146180876545,4.844330302823804,8.718373110548864,0.0006351083958507863,1.5055205020920663
4321,PRKACG (OMIM:616176),32,2358.0374541383076,4.754107770440136,8.824740634499298,0.021118882200204435,1.7344233136341694
4322,PRKAG2 (OMIM:194200),25,1800.678898009888,6.002262993366293,9.043632319455332,8.736249828716642e-05,2.2191710347309526
4323,PRKAG2 (OMIM:261740),109,30996.92178880753,5.266211652872499,9.14530116567504,0.00011614300830541902,1.5377796975857172
4324,PRKAG2 (OMIM:600858),36,3705.5312098242603,5.8817955711496195,9.235549052995463,0.00011614300830541902,1.894320390012471
4325,PRKAR1A (OMIM:101800),188,90100.66401195581,5.125763113662295,9.001879767206177,7.104736562826131e-05,1.5520579768913414
4326,PRKAR1A (OMIM:160980),60,8864.151843557222,5.007995391840238,9.188124798157872,0.00017184060928174597,1.6463699470034934
4327,PRKAR1A (OMIM:255960),18,705.4004887274994,4.610460710637251,8.213764662357924,0.0011936340610541809,1.9824897265096997
4328,PRKAR1A (OMIM:610489),89,21249.956470150533,5.426444451008819,8.83353690314065,0.00011361266494711034,1.6478734344956967
4329,PRKAR1B (OMIM:619680),147,54136.1390380526,5.044836365488081,8.909096760257079,0.00045323129845336723,1.4631998886748492
4330,PRKCD (OMIM:615559),141,52479.900377593964,5.317112500262813,9.225849492787663,2.000000165480742e-10,1.6002277351568326
4331,PRKCG (OMIM:605361),70,12287.7250802538,5.088084919359751,8.344701994312066,0.00010628559088546006,1.5492960192848861
4332,PRKCSH (OMIM:174050),54,6531.531950199194,4.564313032983365,9.02767837642137,0.00019750407234939485,1.5167509684153857
4333,PRKD1 (OMIM:617364),125,36734.313582489696,4.739911429998671,9.232637121769022,0.00017189252005425464,1.460145533484686
4334,PRKDC (OMIM:615966),129,41392.7272166766,5.013653974888154,8.895638177471003,4.9346129758286674e-05,1.5210160724280866
4335,PRKG1 (OMIM:615436),17,460.4142216106479,3.385398688313588,6.244513337043413,0.0007034141640015808,1.5891822452485478
4336,PRKG2 (OMIM:619636),129,40664.43259942057,4.925439995084856,9.066079271573214,0.0015754652414439237,1.50227907911306
4337,PRKG2 (OMIM:619638),71,11579.348342061596,4.659697521956376,9.423161291769256,0.06954052325292323,1.588598248275982
4338,PRKN (OMIM:600116),58,8836.671451473787,5.34583874862298,8.725356263937227,0.00022130642903701804,1.6507955708250817
4339,PRKRA (OMIM:612067),54,7252.994983099327,5.068480072047049,8.625795695651568,0.0147566602723356,1.451792287820033
4340,PRLR (OMIM:615554),11,215.4325468395494,3.9169553970827162,6.775331949409159,0.7126650421225125,1.6237580349198169
4341,PRLR (OMIM:615555),26,1610.194008800898,4.954443104002763,9.102939449623367,0.0003828231525103401,1.9414222037263338
4342,PRMT7 (OMIM:617157),219,120483.30342090828,5.047266701056021,8.995747773179575,0.0001018499913121344,1.438135779856684
4343,PRNP (OMIM:137440),81,17006.569999722436,5.248941357939024,8.980359605440782,0.00018869251796236437,1.5615707528744969
4344,PRNP (OMIM:600072),65,10236.64573245922,4.921464294451548,8.984426762903622,9.774864833445439e-05,1.5101718209938264
4345,PRNP (OMIM:603218),54,6985.999219545629,4.881900223302326,8.540165841457004,0.22140590507770008,1.515493456686864
4346,PRNP (OMIM:606688),34,2635.921862996478,4.698612946517786,8.398378349685675,0.0003034016255382604,1.6715375573225701
4347,PROC (OMIM:176860),27,1705.6023396875767,4.859265925035831,8.64818216581143,0.00020937400798851948,1.7125129157087275
4348,PROC (OMIM:612304),46,5067.773789517753,4.89639979663551,8.943028750149047,0.00020937400798851948,1.7016705497950655
4349,PRODH (OMIM:239500),53,6488.276149252684,4.708473257803109,8.35151082614376,0.00015286693837893977,1.4353224108228253
4350,PRODH (OMIM:600850),13,263.57653444664845,3.3791863390595958,6.379105819050087,0.00015286693837893977,1.4705361701449084
4351,PROK2 (OMIM:610628),58,7840.747155301386,4.743343711616084,8.699631570685783,0.0013598250934187413,1.5884311012865944
4352,PROKR2 (OMIM:244200),86,17687.28462675132,4.839202360260279,8.974457865671457,0.00031984864419684893,1.5353676578983055
4353,PROM1 (OMIM:603786),14,358.64195971364006,3.941120436413627,7.077226016052405,0.11699635203353603,1.5268300762971003
4354,PROM1 (OMIM:608051),23,1178.9203076504832,4.659764061859617,8.07442480196273,0.0008069303612503042,1.701726028637566
4355,PROM1 (OMIM:612095),34,2862.120251976109,5.101818630973456,8.126476241977354,0.00015500775417016222,1.559273758896786
4356,PROM1 (OMIM:612657),24,1320.0978342171884,4.782963167453581,7.981024797845407,0.0017252892329913654,1.5607349762333667
4357,PROP1 (OMIM:262600),42,4337.302190173431,5.037517061757759,9.064595514500715,0.0002948377606142202,1.7298654270112332
4358,PRORP (OMIM:619737),167,72267.95150386357,5.213761741855824,9.16994723800259,0.0001018499913121344,1.5491114812030242
4359,PROS1 (OMIM:612336),28,1922.9637681500542,5.087205735846704,8.668638005972587,0.00019339829954174526,1.794642402036522
4360,PROS1 (OMIM:614514),46,5186.684848980088,5.011289709159505,8.792252726821696,0.00019339829954174526,1.7094716256148552
4361,PRPF3 (OMIM:601414),25,1303.4656544332333,4.344885514777444,8.026239285218592,0.3776689638994743,1.5285138931228066
4362,PRPF31 (OMIM:600138),35,2829.742137064511,4.755869137923548,8.198960939271464,0.00015500775417016222,1.5571065444335817
4363,PRPF4 (OMIM:615922),24,1259.6539528830626,4.563963597402401,7.981024797845407,0.4045212281205054,1.4668244161793076
4364,PRPF6 (OMIM:613983),33,2644.1204974389293,5.007803972422215,7.981024797845407,0.00015500775417016222,1.5213755558087148
4365,PRPF8 (OMIM:600059),42,4173.594681729402,4.8473805827286895,8.149706703853884,0.00015500775417016222,1.494378686883744
4366,PRPH2 (OMIM:169150),30,2083.1877583354203,4.788937375483725,8.279140059415415,0.0001292001061389064,1.6438861182526947
4367,PRPH2 (OMIM:608161),31,2245.189581534827,4.828364691472746,8.286657985763554,0.0020275983220429715,1.6564256049855546
4368,PRPH2 (OMIM:613105),16,530.1065398463661,4.417554498719718,8.354782274470198,2.000000165480742e-10,1.6422691788964445
4369,PRPS1 (OMIM:300661),120,35300.781101875815,4.9440869890582375,8.939945598133225,0.00015294580467822567,1.416748491152576
4370,PRPS1 (OMIM:301835),87,18744.705869533624,5.010613704767074,8.758080116038869,0.0014412357406238222,1.4207934413926444
4371,PRPS1 (OMIM:304500),5,31.6197773772308,3.16197773772308,4.292913998756952,0.8486277359217859,0.9175972989607464
4372,PRPS1 (OMIM:311070),57,8009.238849862478,5.0183200813674675,9.120746959343741,0.0006529628222895659,1.6648429363684552
4373,PRRT2 (OMIM:128200),16,609.7513340490642,5.0812611170755355,8.330093494234417,0.00022026734555797406,2.267231474616121
4374,PRRT2 (OMIM:602066),26,1656.6255219587397,5.097309298334584,8.333493975419653,0.00037868868455093207,1.9102071378666272
4375,PRRT2 (OMIM:605751),13,393.5611324237657,5.045655543894432,8.785467528751147,0.0956471500117658,2.1490647506039995
4376,PRRX1 (OMIM:202650),90,19584.66674461164,4.8900541185047794,8.733255256251862,0.00013526790268700555,1.4621222436236625
4377,PRSS12 (OMIM:249500),28,1850.8007672295082,4.89629832600399,8.638183450982082,0.0012599449808452711,1.7347693496824852
4378,PRSS56 (OMIM:613517),26,1700.3667705990788,5.231897755689473,8.673844461963503,0.00017449449899708947,1.9091565827518973
4379,PRUNE1 (OMIM:617481),114,31600.997194572876,4.9062253057868155,8.789378931414396,0.00011853325674116622,1.4465735491538665
4380,PRX (OMIM:614895),74,15017.837080174217,5.560102584292564,9.174733685028867,3.3984167063623215e-05,1.6897001374743672
4381,PSAP (OMIM:249900),84,18594.038375895707,5.333918065374557,8.724387065299991,0.034298969772904774,1.428341364279457
4382,PSAP (OMIM:610539),85,18162.652842562493,5.087577827048317,9.259119390945914,0.0011901076561597205,1.7260039382271157
4383,PSAP (OMIM:611721),65,9977.46079352838,4.796856150734798,9.143010284955855,0.03466662980603024,1.590799222144886
4384,PSAP (OMIM:611722),57,7989.387798322437,5.005882079149397,8.734535017625522,0.0011250899271370543,1.542288062395547
4385,PSAP (OMIM:619491),23,1110.6186367227242,4.389796983093771,7.953550636083081,0.000762189151311748,1.724438437646553
4386,PSAT1 (OMIM:610992),56,6731.167216939035,4.370887803207165,8.560006856476893,0.0454015306599506,1.4459895046998061
4387,PSAT1 (OMIM:616038),117,33040.16872500838,4.868872491159501,8.825900426131785,0.00016194096168394945,1.4241569493620778
4388,PSEN1 (OMIM:613694),25,1606.7752688688338,5.355917562896113,8.700593765332401,0.0023615433118719413,1.7828679532896738
4389,PSEN1 (OMIM:613737),23,1174.8079482367739,4.643509676825193,7.904537675518725,0.00027445280492934096,1.6472890970100573
4390,PSEN2 (OMIM:613697),35,3138.5827678053142,5.274929021521537,8.700593765332401,0.0023615433118719413,1.6680776025220885
4391,PSENEN (OMIM:613736),31,2166.43943473763,4.6590095370701725,8.444555282291875,0.00027445280492934096,1.6557045853614019
4392,PSMB1 (OMIM:620038),57,7714.308522960072,4.833526643458692,8.44649407177552,0.0012599449808452711,1.5554916213267629
4393,PSMB10 (OMIM:619175),37,3102.3112054891117,4.658124933166834,8.450434291814826,0.0012541389199276578,1.686839563920559
4394,PSMB8 (OMIM:256040),275,194886.58216674498,5.1728356248638345,9.304023318969698,0.00017203225713497284,1.539718090385428
4395,PSMC1 (OMIM:620071),120,35507.02857007456,4.972973189086073,8.98888420578749,0.0005340748793716729,1.4783062780317509
4396,PSMC3 (OMIM:619354),64,9468.320314291905,4.696587457486064,8.586198289053225,0.0001018499913121344,1.5389502541476954
4397,PSMC3IP (OMIM:614324),25,1461.4574481319667,4.871524827106556,7.658164535909032,0.0003828231525103401,1.826308578658925
4398,PSMD12 (OMIM:617516),158,62523.48631533369,5.040997042274747,9.331465277289409,0.00040730427135542244,1.4353545853476664
4399,PSMG2 (OMIM:619183),83,15592.814708961589,4.582078962374842,8.818476703459936,0.0017156133316728415,1.573037649402053
4400,PSPH (OMIM:614023),41,3271.419725456857,3.989536250557143,8.467955245083783,0.0454015306599506,1.3824502190101842
4401,PSTPIP1 (OMIM:604416),85,17991.988492179684,5.039772686885065,9.004610352198007,0.00016163665507626628,1.6439629426357696
4402,PTCD3 (OMIM:619057),73,12417.938092418128,4.725242805334143,8.841221118472173,0.001137044764433523,1.5849965424404189
4403,PTCH1 (OMIM:109400),186,85355.55625011363,4.961090162749993,9.036536855261279,0.0009847422938058644,1.4488450268846862
4404,PTCH1 (OMIM:610828),120,38905.74408956512,5.448983766045536,9.047024996483836,5.9439822204979764e-05,1.5342027208589215
4405,PTCHD1 (OMIM:300830),31,2294.9480618224497,4.935372175962257,8.35151082614376,0.0005689965370294645,1.715153471701874
4406,PTDSS1 (OMIM:151050),236,142738.4725580531,5.147438606493079,8.991872660415364,0.00015304849304319395,1.4143523170185186
4407,PTEN (OMIM:158350),183,86389.8168235062,5.187642876569159,9.181411544849404,0.0005157462223478919,1.5328504066774922
4408,PTEN (OMIM:605309),116,32125.941668245447,4.816483008732451,8.911443205137207,0.00020163903379240495,1.4304746006133637
4409,PTEN (OMIM:613028),17,564.6799738869674,4.152058631521819,8.21500263831681,0.6556263013952862,1.6148472379091812
4410,PTF1A (OMIM:609069),119,32745.626290619253,4.663954748699509,8.78720403398921,0.00029147804234460803,1.4594389994869457
4411,PTF1A (OMIM:615935),30,2167.7211238471255,4.983266951372702,8.417152588691714,6.377830462530904e-05,1.844898249258295
4412,PTH (OMIM:146200),56,7351.334931526069,4.773594111380564,8.895178083358955,0.006829839193248843,1.651498720027325
4413,PTH1R (OMIM:125350),16,417.5480049426093,3.4795667078550774,5.763011531758378,0.00044822183923796054,1.344365314373813
4414,PTH1R (OMIM:156400),130,43423.719356100686,5.178738146225484,8.843456652150403,4.6205325448638656e-05,1.6267917865794752
4415,PTH1R (OMIM:215045),74,11070.481398576248,4.098660273445483,9.00087608524254,0.0005228461495504308,1.4374626848291616
4416,PTH1R (OMIM:600002),115,31275.164900697426,4.771192204530499,8.727867653633226,2.000000165480742e-10,1.4858456740250567
4417,PTHLH (OMIM:613382),43,3505.807071911663,3.882399858152451,7.811759184453128,0.007513143055003663,1.4115420582795115
4418,PTPA (OMIM:620482),45,4742.590537864586,4.790495492792511,8.24837104027706,0.000762189151311748,1.6148429793434578
4419,PTPN11 (OMIM:151100),177,81379.72053509334,5.224686731837014,9.183525568708154,7.393453312369341e-05,1.398863473805066
4420,PTPN11 (OMIM:156250),40,3421.711022628253,4.386809003369555,8.561392742882122,0.09573674878553487,1.471442537735222
4421,PTPN14 (OMIM:613611),23,1068.8936253754391,4.224875989626241,8.29844079776469,0.0022200588947906574,1.5816591941435925
4422,PTPN23 (OMIM:618890),83,17724.0608278783,5.208363452212254,8.863909797675696,4.395661259112839e-05,1.6156970063155573
4423,PTPRC (OMIM:619924),71,13226.360096632365,5.3224789121257,8.800988740677084,0.00010563534348670766,1.7359704104508997
4424,PTPRF (OMIM:616001),54,6558.972440496673,4.583488777426047,8.601370036746387,0.006486990552939602,1.3759343007926432
4425,PTPRJ (OMIM:620484),32,2450.5788833505085,4.940683232561509,8.84130759067763,0.0001276219908651585,1.8078198998976303
4426,PTPRO (OMIM:614196),40,3611.755135798605,4.630455302305903,8.083639940233253,0.0007165373026079224,1.5641477909070785
4427,PTPRQ (OMIM:613391),12,302.5412355370209,4.583958114197286,8.44649407177552,0.8486277359217859,1.7175408676225268
4428,PTPRQ (OMIM:617663),5,31.6197773772308,3.16197773772308,4.292913998756952,0.8486277359217859,0.9175972989607464
4429,PTRH2 (OMIM:616263),172,78010.3233510878,5.304659550597566,9.252696414499685,6.377830462530904e-05,1.6054185063218895
4430,PTRHD1 (OMIM:620747),102,27578.54418406118,5.354017508068565,8.853940158335533,0.0004634687819836333,1.5234650532724667
4431,PTS (OMIM:261640),92,21165.875797936133,5.05634873338178,8.679741242839922,0.0003624850944622661,1.541689172799417
4432,PUF60 (OMIM:615583),121,34654.28427929909,4.77331739384285,8.633092845945711,0.0006353231604271463,1.3680908710830344
4433,PUM1 (OMIM:617931),83,15817.158561683245,4.648004279072361,8.478705758693746,9.774864833445439e-05,1.3772481250047743
4434,PUM1 (OMIM:620719),170,70210.4859253758,4.887607791533297,8.964079417231831,0.0003375709275285942,1.3811049854177404
4435,PURA (OMIM:616158),67,10858.110826902093,4.9109501704667995,8.608484621439692,0.0006217310747805367,1.4597228149009411
4436,PUS1 (OMIM:600462),127,39067.809789415434,4.8828658654437485,9.169767926615972,0.0002771984820330607,1.6107834320333831
4437,PUS3 (OMIM:617051),53,6431.107265797734,4.666986404787906,8.752189542072664,0.0006912747598399878,1.5575253442757413
4438,PUS7 (OMIM:618342),136,46305.90153904655,5.044215853926639,8.770477618249148,0.0009189324407240284,1.4427434305489604
4439,PXDN (OMIM:269400),32,2786.5493936873017,5.618043132434076,8.673844461963503,0.0001197871677958315,1.8521826973598183
4440,PYCR1 (OMIM:612940),153,57382.84577681587,4.934885257724103,8.914917602151116,0.00045198453520349144,1.4648850977315917
4441,PYCR1 (OMIM:614438),134,41281.15506992377,4.632606337102881,8.795029463371854,0.0001657766422300117,1.3142381331479498
4442,PYCR2 (OMIM:616420),117,33309.15149790257,4.908510388727168,8.755342747970113,0.00030206516417093,1.4257928229685595
4443,PYGL (OMIM:232700),32,2665.841654376217,5.37468075479076,9.107138567489411,0.0012541389199276578,1.776905533592644
4444,PYGM (OMIM:232600),40,4090.650246273557,5.2444233926584065,8.916119240372586,0.003867971210611443,1.874787646705919
4445,PYROXD1 (OMIM:617258),155,61182.32544860356,5.126294549526901,8.970848612794468,0.0006217310747805367,1.589025892920322
4446,QARS1 (OMIM:615760),78,13555.66056082382,4.514039480793813,8.115013150975653,0.00011853325674116622,1.314481372371629
4447,QDPR (OMIM:261630),75,13218.817587570311,4.763537869394707,8.378726758520994,0.0003624850944622661,1.5355694804013849
4448,QRICH1 (OMIM:617982),128,38512.53863520006,4.738255245472448,8.797690588420261,0.00015294580467822567,1.4778764124090202
4449,QRICH2 (OMIM:618341),16,595.448161193714,4.962068009947616,8.566164424851095,8.084441465612328e-05,2.5457332868004965
4450,QRSL1 (OMIM:618835),47,5479.689407571924,5.0690928839703275,8.913185371837491,0.004469792754054722,1.6562681002922188
4451,RAB11B (OMIM:617807),159,63859.54122069884,5.083953604068055,9.126221757608684,0.00020062741195619893,1.5080319187181959
4452,RAB18 (OMIM:614222),206,111335.7204192862,5.272825972971168,9.011846527805647,0.00016194096168394945,1.4728967268053585
4453,RAB23 (OMIM:201000),283,211032.0356333629,5.288625808419489,9.52659080465648,0.0001473428281572063,1.4218479771330443
4454,RAB27A (OMIM:607624),43,3718.0164390953514,4.117404694457753,7.833562553577469,0.06314178087656491,1.3552084458000955
4455,RAB28 (OMIM:615374),24,1286.030420331163,4.659530508446243,8.297572703975643,0.00014468862235090667,1.845977594168648
4456,RAB33B (OMIM:615222),102,24192.49285326826,4.69665945510935,8.795029463371854,0.002789253875039039,1.4671780353844894
4457,RAB34 (OMIM:620718),144,48637.71817191559,4.723943101390403,8.600059772993678,0.00045198453520349144,1.4194440643555377
4458,RAB39B (OMIM:300271),39,3400.1897577078025,4.588650145354659,8.531873620888428,0.04614900387743423,1.5238177524289591
4459,RAB39B (OMIM:311510),58,8132.604161296937,4.919905723712605,8.365135426495865,0.00022130642903701804,1.5618548900655058
4460,RAB3GAP1 (OMIM:600118),145,52013.74749362438,4.982159721611531,8.811903386874734,0.00017449449899708947,1.4244548954314555
4461,RAB3GAP1 (OMIM:619420),106,26874.318316461024,4.829167711852834,8.773554522770949,0.0002486465088485564,1.4935020472122325
4462,RAB3GAP2 (OMIM:212720),245,153158.12816189326,5.124059155633765,9.013265320832058,2.000000165480742e-10,1.435916935361967
4463,RAB3GAP2 (OMIM:614225),136,48617.20930773709,5.295992299317765,8.928031774842259,0.0001018499913121344,1.4960111327386647
4464,RAB5IF (OMIM:616994),56,7219.252115100141,4.6878260487663255,8.213836344407392,0.0012599449808452711,1.4659014765737055
4465,RAB7A (OMIM:600882),83,19160.010120588613,5.630329156799475,9.251039845202177,0.00031792342844160594,1.8226687137609607
4466,RABL3 (OMIM:618680),10,169.3297107858145,3.7628824619069894,7.37597665830405,0.7032320167063256,1.520250881747478
4467,RAC1 (OMIM:617751),194,96215.28874044571,5.139431052852183,8.953088525816785,0.00030206516417093,1.4126726443817386
4468,RAC2 (OMIM:608203),42,4090.758286066177,4.751171063956071,8.538177337010502,0.0006076444432939555,1.4860668736918616
4469,RAC2 (OMIM:618986),102,28066.938328552355,5.44883291177487,9.247001678516648,0.00010563534348670766,1.6608338222243086
4470,RAC2 (OMIM:618987),45,4915.6673461351065,4.965320551651622,8.881081649780997,0.00010563534348670766,1.6076024370053426
4471,RAC3 (OMIM:618577),102,23823.428389839944,4.6250103649466014,8.64198020110445,0.00045198453520349144,1.4226381808404032
4472,RACGAP1 (OMIM:619789),7,78.42689371703686,3.7346139865255648,6.356327716746729,0.6275922831045702,1.5979727623939683
4473,RAD21 (OMIM:611376),63,10045.472575856857,5.143611149952307,9.030920784792194,0.0004395559339724585,1.6124809650070036
4474,RAD21 (OMIM:614701),170,69739.84322993457,4.854844638352564,8.91788268591659,0.00028615519404338896,1.4524559047150445
4475,RAD50 (OMIM:613078),54,5981.867371982309,4.180200818995324,8.520400123646718,0.0454015306599506,1.3697286925018002
4476,RAD51 (OMIM:614508),4,12.867363093649775,2.144560515608296,3.3146689959303366,1.046009439364104,0.6854340973287224
4477,RAD51 (OMIM:617244),94,20963.445821184243,4.796029700568346,9.149777352717013,2.000000165480742e-10,1.5784995850287584
4478,RAD51C (OMIM:613390),80,15142.97434150662,4.792080487818551,9.149777352717013,0.0001473428281572063,1.5353051044866035
4479,RAD51C (OMIM:613399),12,287.3511238293941,4.353804906505971,7.820408671958815,0.14432789991678685,1.8010593598694673
4480,RAF1 (OMIM:611553),119,34282.33665847748,4.882828180953921,8.959837814839425,0.00015294580467822567,1.4270862679474714
4481,RAF1 (OMIM:611554),73,11820.716307568971,4.497989462545271,8.59114253521051,0.00017184060928174597,1.4106016716998313
4482,RAF1 (OMIM:615916),23,1379.070593964856,5.450871912904569,8.312733978278391,0.0024505065415623057,1.8686700646946195
4483,RAI1 (OMIM:182290),227,135747.24300891178,5.2920838567272925,8.971314926846567,7.104736562826131e-05,1.4818965108249629
4484,RALA (OMIM:619311),65,9513.796738306493,4.573940739570429,8.510912239695806,0.001107639007670092,1.445876622094055
4485,RALGAPA1 (OMIM:618797),132,42137.118524819845,4.873596868473265,9.110652810498433,4.395661259112839e-05,1.3943591798441928
4486,RANBP2 (OMIM:608033),47,4989.863071623359,4.61596953896703,8.48678458500375,0.0011777486855865352,1.7252132690001636
4487,RAP1B (OMIM:620654),253,162799.50195891858,5.106954701013821,9.290366042375823,0.0002901132539534321,1.4155390490932747
4488,RAP1GDS1 (OMIM:620655),116,32165.02553108699,4.8223426583338815,8.964079417231831,0.00022366396974664592,1.431970684983637
4489,RAPGEF2 (OMIM:618075),9,128.99560404594956,3.583211223498599,6.2524785339736475,0.10907284703907069,1.6493595733469144
4490,RAPSN (OMIM:616326),66,10868.365078268638,5.066836866325706,9.212302466567023,0.0001327613358585333,1.627244934267146
4491,RAPSN (OMIM:618388),73,11714.548689811001,4.4575908256510655,8.64198020110445,0.09547380747933107,1.2829102597310924
4492,RARB (OMIM:615524),77,13464.25454070735,4.601590752121446,8.811279594074401,7.662611179767365e-05,1.4613618536508544
4493,RARS1 (OMIM:616140),94,22696.26907574432,5.192466043409819,8.750208825372567,0.0011901076561597205,1.493677289739551
4494,RARS2 (OMIM:611523),121,36577.919491425084,5.038280921683896,8.704295392042996,0.00011853325674116622,1.4917685314182627
4495,RASA1 (OMIM:608354),17,536.6296571707029,3.9458063027257566,8.145134494021203,0.473594995891922,1.54371580368952
4496,RASGRP1 (OMIM:618534),95,23014.162578596468,5.154347721970094,9.218329734759083,2.000000165480742e-10,1.633504576849201
4497,RASGRP2 (OMIM:615888),32,2446.191437957156,4.931837576526524,8.813477539694276,0.0010925781096296247,1.786578899059439
4498,RAX (OMIM:611038),19,704.6111762787064,4.120533194612318,7.593275890308626,0.5113165746178241,1.5541473946542919
4499,RAX2 (OMIM:610381),31,2086.8564286998258,4.487863287526507,8.46942206617725,0.008176358038014635,1.6579782103374503
4500,RAX2 (OMIM:613757),9,106.57820098955177,2.960505583043105,5.237276650688817,0.4045212281205054,1.1594049069490238
4501,RAX2 (OMIM:620102),24,1219.9762422504155,4.420203776269621,7.471038866458401,0.00015500775417016222,1.479602873418897
4502,RB1 (OMIM:180200),64,9632.909231935957,4.7782287856825185,8.822500049666544,0.00020806692665887916,1.5301158739564709
4503,RB1 (OMIM:182280),9,80.52800640926381,2.236889066923995,3.7145851080046985,0.2790069274728386,0.8721412243957659
4504,RBBP8 (OMIM:251255),79,15537.928182314927,5.043144492799392,8.507548249790958,0.00038480397549110035,1.6095668237820642
4505,RBBP8 (OMIM:606744),121,35435.04275481874,4.880859883583849,8.663106660444003,7.104736562826131e-05,1.4391061195091337
4506,RBCK1 (OMIM:615895),128,41308.554650102014,5.082253278801921,9.28744752910232,0.0011071255630869296,1.5560543662565385
4507,RBL2 (OMIM:619690),92,19810.26708911091,4.732505276901794,8.593758117529239,0.0001018499913121344,1.4911670774278267
4508,RBM10 (OMIM:311900),180,80401.4855818438,4.990781227923264,8.957470278590163,0.0001473428281572063,1.4256515812824357
4509,RBM12 (OMIM:617629),9,129.4931316456834,3.5970314346023167,6.291015820605676,0.00015286693837893977,1.8906977501037627
4510,RBM20 (OMIM:613172),18,797.38652827322,5.211676655380523,9.19945232737294,0.02584939923939534,1.8692686550261557
4511,RBM28 (OMIM:612079),92,19401.54388931841,4.634864760945631,9.360985230622335,0.0009189324407240284,1.540040999335513
4512,RBM8A (OMIM:274000),333,296350.20339066605,5.36108765495615,9.780274168235984,0.00010050027734963792,1.4893457367356697
4513,RBMX (OMIM:300238),45,4797.075417688926,4.845530724938309,8.721614813342809,0.0011342589495837805,1.4832076217249222
4514,RBMX (OMIM:309555),50,5209.869829131235,4.25295496255611,8.392788919899694,0.0454015306599506,1.3856911889101018
4515,RBP3 (OMIM:615233),28,1894.6824067090383,5.012387319336081,7.981024797845407,0.00015500775417016222,1.5948521577982933
4516,RBP4 (OMIM:615147),54,6790.069261999612,4.744982013975969,9.055541417833915,0.00017449449899708947,1.6158267970658033
4517,RBP4 (OMIM:616428),20,875.1273340855455,4.6059333372923446,8.09354366825715,0.5113165746178241,1.6667063342447823
4518,RBPJ (OMIM:614814),73,12270.939339776887,4.669307206916624,8.511617359282772,0.0023576951656890804,1.636657510570355
4519,RCBTB1 (OMIM:617175),36,2818.6222979812583,4.474003647589299,8.369707192977916,0.00011361266494711034,1.545827569539617
4520,RD3 (OMIM:610612),17,577.6862468139409,4.247692991278977,7.631214329277673,0.0001692096978716535,1.7154527271518722
4521,RDH11 (OMIM:616108),63,8647.883560147759,4.427999774781238,8.410684982908064,0.00015500775417016222,1.2992688089421427
4522,RDH12 (OMIM:612712),20,834.8855547291258,4.3941344985743465,7.471038866458401,0.00015500775417016222,1.5182889948580047
4523,RDX (OMIM:611022),9,109.47198872963699,3.04088857582325,4.687030655879789,0.001488733334007875,1.5338875469324216
4524,REC114 (OMIM:619176),9,146.56319168324308,4.071199768978975,6.957128747041759,0.0003828231525103401,2.309323788043062
4525,RECQL (OMIM:620370),127,37623.271747171035,4.702321178249099,8.664617404708855,0.002093790532653398,1.437915140695708
4526,RECQL4 (OMIM:218600),253,172348.05309146654,5.406488898032077,9.645461182669859,2.000000165480742e-10,1.5345327364820038
4527,RECQL4 (OMIM:266280),84,17242.23321091666,4.94613689355039,9.331465277289409,0.006897913965728082,1.5801182476908804
4528,RECQL4 (OMIM:268400),173,74224.75560360495,4.988893373007457,9.244580916808104,0.00017449449899708947,1.4699531074905061
4529,REEP1 (OMIM:610250),61,9426.58257345383,5.151138018280782,9.16883064934852,0.0010221449047190993,1.6387390769670147
4530,REEP1 (OMIM:614751),38,3930.4889980056246,5.591022756764757,8.826529716738346,0.0006461379115094649,1.9871397134970268
4531,REEP1 (OMIM:620011),94,22319.88269028157,5.106356140535706,8.968337425560547,0.007685462794386302,1.5903242309398857
4532,REEP2 (OMIM:615625),50,6469.9591381966375,5.281599296487051,8.698743766177806,0.0010221449047190993,1.6329637603492202
4533,REEP2 (OMIM:620606),28,1796.2305384584972,4.751932641424596,8.496839193715843,0.43053687923584333,1.5345269913628135
4534,REEP6 (OMIM:617304),37,3218.3353620204457,4.832335378409078,7.981024797845407,0.00015500775417016222,1.5482370859865775
4535,REL (OMIM:619652),78,16349.397755776616,5.44435489702851,8.837838496330866,0.00010563534348670766,1.6661294479100215
4536,RELA (OMIM:618287),26,1219.5081365863216,3.7523327279579126,7.694025844079058,0.0008770502047779283,1.3105613805189946
4537,RELB (OMIM:617585),60,8615.786836903068,4.867676179041281,9.128944821746575,0.12871499364286615,1.4939814605426132
4538,RELN (OMIM:257320),48,4932.819040828856,4.373066525557496,8.418234988089738,0.006214400107397506,1.454773443193631
4539,RELN (OMIM:616436),8,92.22266842253865,3.29366672937638,6.144763798365381,0.2876865408838455,1.3509500036808486
4540,RELT (OMIM:618386),21,881.2053752409897,4.196216072576141,7.758403407027391,0.0012508654631617168,1.9300585327751536
4541,REN (OMIM:613092),37,3119.181248286234,4.683455327757108,8.023020835637945,0.0006353231604271463,1.6798649468917717
4542,REPS1 (OMIM:617916),88,18731.49928949562,4.893286125782555,8.743781895496431,0.022490062077390474,1.4474181196963252
4543,RERE (OMIM:616975),304,247630.13529060257,5.376718240633198,9.470282449623195,8.840919630067408e-05,1.3688038471668278
4544,REST (OMIM:612431),7,67.17848022202988,3.198975248668089,4.662535130851787,0.3980917516456417,1.227516412457778
4545,REST (OMIM:616806),14,343.6223802060673,3.776070112154586,6.901150226684868,0.009681699201305237,1.5397175072105422
4546,REST (OMIM:617626),21,774.636680507143,3.6887460976530617,6.974136706790065,0.7126650421225125,1.2275921172478608
4547,RET (OMIM:142623),29,2044.466338266635,5.035631375040973,8.494851059206194,0.024047497157232447,1.7132220837820773
4548,RET (OMIM:155240),7,83.43279773403137,3.972990368287208,6.79237834009239,0.0014663949004194807,1.9061465713190364
4549,RET (OMIM:162300),110,29599.3615250457,4.93734137198427,9.05705810300091,0.0012541389199276578,1.6168119174461923
4550,RET (OMIM:171400),61,9919.656246075996,5.420577183648085,9.00004127863742,0.0008912631963126022,1.7758716359850897
4551,RETREG1 (OMIM:613115),87,19797.715099100606,5.2920917132051875,9.335562269886783,0.0003653861127797499,1.6223222720476116
4552,RFC1 (OMIM:614575),72,14382.52533123261,5.626966092031537,9.216094634483115,0.002178827915128416,1.5731482158102263
4553,RFT1 (OMIM:612015),113,29023.828259709568,4.586572101724015,9.072246849774901,0.0012599449808452711,1.4106554938392541
4554,RFWD3 (OMIM:617784),86,17335.726751147915,4.7430168949789095,9.305490103740683,2.000000165480742e-10,1.4786715846524585
4555,RFX6 (OMIM:615710),55,8091.2644419264625,5.448662923856204,8.623499709159217,0.00029147804234460803,1.5775058727898912
4556,RFX7 (OMIM:620330),252,166222.0809737495,5.255867987533975,9.089958309365686,0.0001473428281572063,1.4045934695303517
4557,RGR (OMIM:613769),21,933.4966233043895,4.445222015735188,7.521570966006209,7.985349342145561e-05,1.415072187613859
4558,RGS9 (OMIM:608415),13,322.43126461183886,4.133734161690242,8.08434226414483,1.046009439364104,1.56040596580251
4559,RGS9BP (OMIM:620344),16,531.6722628612689,4.430602190510574,8.08434226414483,1.046009439364104,1.6151877075947478
4560,RHAG (OMIM:185000),49,6011.982765619394,5.112230242873634,9.133679514606659,0.00019109498643675617,1.8258361509662522
4561,RHAG (OMIM:268150),27,1614.074767154622,4.5985036101271275,8.345569688130388,0.0002853408619472198,1.6740209162390922
4562,RHBDF2 (OMIM:148500),31,2093.5037269116015,4.502158552498067,8.292103898327913,0.00034846550864526177,1.60959200198152
4563,RHCE (OMIM:617970),18,818.2026861041272,5.3477299745367795,8.590268377925964,0.00027414783043571854,2.0872083973028257
4564,RHD (OMIM:619462),29,1654.5206886694004,4.075174110023154,8.535750363289637,0.11812255668057281,1.4951003269726373
4565,RHO (OMIM:610445),20,895.6669235064038,4.714036439507389,7.5295707244107275,7.985349342145561e-05,1.7420064363624055
4566,RHO (OMIM:613731),28,1808.610382836562,4.784683552477677,8.198960939271464,0.00015500775417016222,1.5236581422527515
4567,RHOA (OMIM:618727),111,30099.293135271142,4.930269145826559,8.74832263769285,0.00018580865589602608,1.4386791305143722
4568,RHOBTB2 (OMIM:618004),128,39986.97709095663,4.919657614536987,8.795239986794094,0.03466662980603024,1.4152756378397866
4569,RHOH (OMIM:618307),46,4578.1535047369,4.423336719552561,8.505717658452411,0.005786753307213659,1.642748526687882
4570,RIC1 (OMIM:618761),99,23189.23133355698,4.780299182345286,8.570132537983934,0.0001904789742400047,1.3881926991021296
4571,RIGI (OMIM:616298),66,9018.90759075925,4.204618923430886,8.722656766446923,0.002034046398408494,1.4712800125363124
4572,RILPL1 (OMIM:619790),62,9253.493993200827,4.8934394464308975,8.944795714214719,9.774864833445439e-05,1.5822937630231724
4573,RIMS2 (OMIM:618970),50,5964.055259085611,4.8686165380290705,8.470870639645893,0.008149278405766236,1.434318787493236
4574,RIN2 (OMIM:613075),185,80725.83433303764,4.742998491952858,9.017712987420712,4.9346129758286674e-05,1.3905282245769874
4575,RINT1 (OMIM:618641),86,18047.782438467126,4.937833772494425,9.009779511322158,7.554577520314774e-05,1.6160610221578073
4576,RIPK1 (OMIM:618108),68,11727.869575221004,5.148318514144427,8.917313252173406,0.00010563534348670766,1.5297453706264634
4577,RIPK1 (OMIM:618852),42,4081.2759728878164,4.740157924376093,8.700632233204448,0.0008770502047779283,1.7158109361969986
4578,RIPK4 (OMIM:214350),18,494.6240037166016,3.2328366255987033,5.2739080158413305,1.2272785033855085,0.9545901553504558
4579,RIPK4 (OMIM:263650),216,121769.97500445909,5.244184970045612,9.279911178190384,0.00016194096168394945,1.4201924904273617
4580,RIPOR2 (OMIM:607017),7,67.17848022202988,3.198975248668089,4.662535130851787,0.3980917516456417,1.227516412457778
4581,RIPOR2 (OMIM:616515),25,1558.2940277588518,5.194313425862839,8.16838380965354,0.32364730478968384,1.6603277952581041
4582,RIPPLY2 (OMIM:616566),18,608.2455172569864,3.9754608971044867,6.868185775072004,0.0015853471097578438,1.6710386341331016
4583,RIT1 (OMIM:615355),126,37027.81901699951,4.7019452719999375,8.89683115679025,0.00015304849304319395,1.4163524483996774
4584,RLBP1 (OMIM:607475),14,342.5484124402142,3.7642682685737823,7.207878567990959,0.7609453784098479,1.4058930308084778
4585,RLBP1 (OMIM:607476),20,916.7904788904661,4.825213046791927,7.981024797845407,0.00015500775417016222,1.7968557384102033
4586,RLIM (OMIM:300978),174,73663.97861707378,4.89429131732601,9.470282449623195,0.0007660873712183492,1.4025720967661948
4587,RMND1 (OMIM:614922),124,39146.907245701295,5.13334739649899,8.870272353659333,0.0006353231604271463,1.476455001590721
4588,RNASEH1 (OMIM:616479),117,36618.852012044925,5.396235191872226,9.19562638520506,0.0001849738499394851,1.542197889256358
4589,RNASEH2A (OMIM:610333),89,19280.19534311563,4.923441098854859,9.065699330095148,0.0001018499913121344,1.541195822347426
4590,RNASEH2B (OMIM:610181),50,5827.241894318836,4.756932158627621,8.781463048564003,0.0010221449047190993,1.6421510590944541
4591,RNASEH2C (OMIM:610329),83,16155.28286288153,4.747364931790047,8.825116156796453,0.0001018499913121344,1.5791414213796924
4592,RNASEL (OMIM:601518),14,331.810607965878,3.6462704172074503,5.789745420672199,0.08269644296887088,1.3445217449068523
4593,RNASET2 (OMIM:612951),71,11408.053693669748,4.590766073911367,8.405940522380432,0.0001018499913121344,1.3767578879088007
4594,RNF113A (OMIM:300953),141,49752.57038764534,5.0407872733176635,8.655876281847817,2.000000165480742e-10,1.3922832455490965
4595,RNF125 (OMIM:616260),170,70475.19134475791,4.906034900435636,8.941760887040134,4.9346129758286674e-05,1.4591222785555291
4596,RNF13 (OMIM:618379),92,20463.78200192466,4.888624462953813,9.091474441168302,0.0006912747598399878,1.4847559078257246
4597,RNF168 (OMIM:611943),54,6208.73236891741,4.338736805672544,8.440072305352762,7.104736562826131e-05,1.4619034090572587
4598,RNF170 (OMIM:608984),58,9281.557542843668,5.614977339893326,8.591896426804873,0.0017682455715430489,1.5356560690293004
4599,RNF170 (OMIM:619686),96,24168.079939515483,5.3000175305955,9.048049858070371,0.0010221449047190993,1.481296034392254
4600,RNF2 (OMIM:619460),130,39991.31241525755,4.7693872886413295,8.996978643317815,0.0001018499913121344,1.53763354372175
4601,RNF212 (OMIM:619673),13,360.0192848341918,4.615631856848613,7.339821052931584,0.000803149581822378,2.2062082622839783
4602,RNF213 (OMIM:607151),16,453.23900421003316,3.7769917017502763,7.2945155822577865,0.002602641188336864,1.825770714299675
4603,RNF216 (OMIM:212840),51,6060.142284375734,4.753052772059399,8.332219993022564,0.00011361266494711034,1.573888433116875
4604,RNF220 (OMIM:619688),67,10753.972737747488,4.863850175371998,8.66959282211506,0.0010221449047190993,1.5110065500875194
4605,RNF31 (OMIM:620632),110,29744.876010573316,4.961614013440086,9.253646565792828,0.000955190167537979,1.54486535890007
4606,RNF43 (OMIM:617108),6,37.55600826480327,2.503733884320218,4.466711587864393,1.046728041412748,1.1090632511120313
4607,RNH1 (OMIM:620461),65,10206.273796110636,4.906862401976268,8.926328789344671,0.00016212543135581012,1.5856888606379813
4608,RNPC3 (OMIM:618160),42,4096.048343863989,4.757315149667816,8.86638112104859,0.00025564093999664455,1.7305500071478443
4609,ROBO1 (OMIM:257400),7,85.83127553592598,4.087203596948856,7.056132822393153,0.4515308852267681,1.7855613463841538
4610,ROBO1 (OMIM:620303),31,2438.874643473143,5.244891706393855,9.051066071255136,0.00012317277268343983,1.892864926485243
4611,ROBO1 (OMIM:620305),222,126780.60276881991,5.168179151637516,9.32986788069468,5.9439822204979764e-05,1.477067087358641
4612,ROBO2 (OMIM:610878),14,345.00990341611083,3.791317619957262,6.8129907164859,0.0006353231604271463,1.589617360042379
4613,ROBO3 (OMIM:607313),77,15808.339856133289,5.402713553018896,8.912441545350719,0.0001538606393905965,1.604327384665382
4614,ROBO4 (OMIM:618496),29,1910.2826452898996,4.705129668201724,8.063246166316679,0.0002901132539534321,1.7408735037760983
4615,ROGDI (OMIM:226750),85,18162.905873099655,5.087648703949483,8.915644428508728,0.0005412573883512041,1.55518751309813
4616,ROR1 (OMIM:617654),19,801.5325349111251,4.687324765562136,8.599940611533158,0.014407477094097808,1.7517168870471633
4617,ROR2 (OMIM:113000),107,27413.85121162152,4.83404182888759,9.551436040685545,0.00017189252005425464,1.5072189793057722
4618,ROR2 (OMIM:268310),298,240559.31646694327,5.436000191330379,9.576610568278216,0.0001473428281572063,1.40985400875944
4619,RORA (OMIM:618060),107,30844.077385573913,5.438913310804781,8.662314488339263,0.0001473428281572063,1.4770295335362797
4620,RORB (OMIM:618357),36,2900.9922336782433,4.604749577267053,8.540667695729933,0.0034922786563244108,1.5753051720201208
4621,RORC (OMIM:616622),43,4118.194941748912,4.560570256643314,9.165041663593563,4.9346129758286674e-05,1.7262619743780496
4622,RP1 (OMIM:180100),31,2390.1224066382847,5.140048186318892,8.40327481801168,0.00015500775417016222,1.518342155292283
4623,RP1L1 (OMIM:613587),18,630.0075416905515,4.117696350918638,7.417601160152252,0.030896185296058608,1.5259099633908764
4624,RP1L1 (OMIM:618826),36,3088.586348704464,4.90251801381661,8.04571124795085,0.00015500775417016222,1.6372433229553347
4625,RP2 (OMIM:312600),32,2508.7118278355656,5.057886749668479,8.40341664421445,0.00014468862235090667,1.6630473388483293
4626,RP9 (OMIM:180104),36,2947.7266911768083,4.678931255836203,7.710719970519134,0.00015500775417016222,1.4727788894509748
4627,RPA1 (OMIM:619767),60,8312.918021508089,4.696563853959372,9.223393158840036,0.00034846550864526177,1.587018785800845
4628,RPE65 (OMIM:204100),61,9456.643364118543,5.1675646798461985,8.447163633763404,0.0004882882588597252,1.596238464804455
4629,RPE65 (OMIM:613794),20,881.3337935734205,4.638598913544318,8.122895513384371,0.14196903139921568,1.6317253443864754
4630,RPE65 (OMIM:618697),19,774.2733138882226,4.5279141163053955,7.239954466565964,2.000000165480742e-10,1.6522183079110813
4631,RPGR (OMIM:300029),32,2549.419571111044,5.139958812723879,8.720743863755816,0.00014468862235090667,1.7155678015325284
4632,RPGR (OMIM:300455),47,5238.549299169446,4.846021553348239,8.729099453304068,0.0001641602704542467,1.6112023367479902
4633,RPGR (OMIM:300834),12,232.30405836933338,3.5197584601414147,6.880681475438972,0.7609453784098479,1.3776132561299432
4634,RPGR (OMIM:304020),30,2127.569051237354,4.890963336177825,8.720601790602114,0.0008069303612503042,1.6543494904182785
4635,RPGRIP1 (OMIM:608194),27,1581.168478464554,4.504753499899015,8.08434226414483,0.4045212281205054,1.4748738770595988
4636,RPGRIP1 (OMIM:613826),37,3362.722986487474,5.049133613344555,8.661965250777346,0.02464529186207756,1.6405295233679063
4637,RPGRIP1L (OMIM:611560),96,23562.839582981156,5.16728938223271,8.985832664434763,0.0001900749834144414,1.646094124826522
4638,RPGRIP1L (OMIM:611561),62,8922.3343891418,4.718315382941196,8.705876236402291,0.045904659837265424,1.473620624420634
4639,RPGRIP1L (OMIM:619113),53,6618.88267637724,4.803253030752714,8.625477537400723,0.0007165373026079224,1.5989768904210908
4640,RPIA (OMIM:608611),56,6653.230557378203,4.320279582713119,8.010136835700044,0.08058068595576584,1.3007346595390585
4641,RPL10 (OMIM:300998),256,170842.33071681508,5.234140034216148,9.163399330089712,0.00014468862235090667,1.4666208413191597
4642,RPL10L (OMIM:619689),24,1438.8395925791037,5.213186929634434,8.593998861735125,0.000803149581822378,1.9277483039959449
4643,RPL11 (OMIM:612562),137,45861.45650840219,4.922869955818182,8.922090536619187,0.00022366396974664592,1.4359758794919355
4644,RPL13 (OMIM:618728),43,4004.0195869297486,4.434130218083886,8.769200963568776,0.001137044764433523,1.6357936481083484
4645,RPL15 (OMIM:615550),25,1280.4110990135525,4.2680369967118414,8.533160408856904,0.06954052325292323,1.5707987486479438
4646,RPL18 (OMIM:618310),19,815.1149995162687,4.766754383136074,8.965488578604472,0.020311217996678357,1.8253029239772467
4647,RPL21 (OMIM:615885),21,772.1684521392642,3.6769926292345914,7.577468615329417,0.7388212240972487,1.2965671562686403
4648,RPL26 (OMIM:614900),99,24567.4444626881,5.064408258645249,9.218487839801861,0.00031984864419684893,1.5645446927807949
4649,RPL27 (OMIM:617408),15,446.0007752975577,4.247626431405312,8.004944664680925,0.09573674878553487,1.5501289265392757
4650,RPL35 (OMIM:618312),6,64.6925845352475,4.3128389690165,7.857700300978099,0.020311217996678357,2.228135561716673
4651,RPL35A (OMIM:612528),52,6649.648469848735,5.014817850564657,8.915516614531573,0.020311217996678357,1.4433316202538444
4652,RPL3L (OMIM:619371),41,4764.733336703046,5.810650410613471,8.947997433750036,0.0010855653860684738,1.7978519046228338
4653,RPL5 (OMIM:612561),99,24093.75265730455,4.966759978830045,8.89683115679025,0.0018646679343534583,1.51472126310588
4654,RPS10 (OMIM:613308),15,464.4316120694953,4.42315821018567,8.55984026413249,0.0007118641212882687,1.7872740716097875
4655,RPS14 (OMIM:153550),13,365.33338776906146,4.683761381654634,7.857700300978099,0.020311217996678357,1.8674113552901679
4656,RPS15A (OMIM:618313),33,2189.433313913656,4.146654003624349,8.658274591151986,0.0018950879950753844,1.625427072614617
4657,RPS17 (OMIM:612527),35,2889.33312762844,4.856022063241075,8.894764493090547,0.020311217996678357,1.5391412707308787
4658,RPS19 (OMIM:105650),221,125561.55210096485,5.165016540557994,9.6163406471974,0.00017796557473134708,1.5248844092793783
4659,RPS23 (OMIM:617412),100,23723.96205763375,4.792719607602778,8.7988088420293,0.00355478254866623,1.484121783048626
4660,RPS24 (OMIM:610629),16,599.277636479382,4.993980303994849,8.76462717024273,0.0018646679343534583,2.0698302278810536
4661,RPS26 (OMIM:613309),95,22317.53935152537,4.998329082088549,9.117937760298734,0.0022200588947906574,1.476387375577783
4662,RPS27 (OMIM:617409),9,122.16138122787109,3.393371700774197,6.313598598024215,1.3363772845193072,1.2157124174106033
4663,RPS28 (OMIM:606164),93,20783.8001956676,4.858298315957831,8.852767900076527,0.004069281664496383,1.4360921265923843
4664,RPS29 (OMIM:615909),12,229.77806980343058,3.4814859061125847,6.563596260802921,0.7400213448202568,1.5406174932433343
4665,RPS6KA3 (OMIM:300844),44,4248.505876928565,4.4910210115523945,8.293513910105343,0.002093790532653398,1.5196382533912711
4666,RPS6KA3 (OMIM:303600),184,86049.61104364146,5.111048410765114,8.795029463371854,6.805098156487597e-05,1.4429072862793508
4667,RPS7 (OMIM:612563),36,2947.976167898265,4.679327250632166,8.661273686397193,0.0018646679343534583,1.5082237768570097
4668,RPSA (OMIM:271400),15,403.5859106671788,3.843675339687417,7.306046031370465,0.021118882200204435,1.5661814661788969
4669,RRAGC (OMIM:620609),115,34604.293948527215,5.279068489477836,8.957470278590163,0.0018127530439782328,1.4897614878251095
4670,RRAGD (OMIM:620152),49,6205.527083256924,5.276808744266092,8.358207489546396,0.00038532815235779185,1.7270392188187162
4671,RRAS2 (OMIM:618624),127,40664.10223388399,5.0823774820502425,8.811688937801554,2.000000165480742e-10,1.521658728116219
4672,RRM1 (OMIM:620647),78,15914.47561816433,5.299525680374402,8.957638019335564,0.0001339273823782835,1.6242205108556653
4673,RRM2B (OMIM:268315),69,11722.545554094319,4.996822486826223,8.668702380584365,0.00015500775417016222,1.4471768720725608
4674,RRM2B (OMIM:612075),63,9794.551124803811,5.015131144292786,8.67665116085459,9.40336853774267e-05,1.5873369261384678
4675,RRM2B (OMIM:613077),58,8485.148720111902,5.133181318881973,8.853781967609697,0.00035005354757042197,1.50001071707203
4676,RRP7A (OMIM:619453),31,1798.0061518635644,3.8666798964807834,8.232308486184055,0.0454015306599506,1.3366756242193996
4677,RS1 (OMIM:312700),39,3627.1362830637518,4.894920759870111,8.472778070267616,0.0003596420094632147,1.6110191674297287
4678,RSPH1 (OMIM:615481),50,5908.235998564191,4.823049794746278,9.153546586428673,0.000803149581822378,1.7219457430656584
4679,RSPH3 (OMIM:616481),47,5207.972328009064,4.817735733588403,9.153546586428673,0.0001641602704542467,1.7676756936581526
4680,RSPH4A (OMIM:612649),51,6125.401512840066,4.804236480658876,8.847950109566542,0.008276553627116864,1.5538577927841095
4681,RSPH9 (OMIM:612650),60,8885.591885996851,5.020108410167713,9.143950411349,0.0001641602704542467,1.629112383869608
4682,RSPO1 (OMIM:610644),92,21817.056823822255,5.211910373583912,9.131949598614108,0.0003047761521861186,1.6107036372624155
4683,RSPO2 (OMIM:618021),74,13170.822549353325,4.876276397391086,8.833366061462016,0.00026897367661007595,1.4667962010369355
4684,RSPO2 (OMIM:618022),71,10715.593135230796,4.312109913573761,9.28319614899814,0.00020062741195619893,1.6526404523034182
4685,RSPO4 (OMIM:206800),7,74.14675632273429,3.530797920130204,5.846277230865964,0.9230120022473609,1.4123485712750417
4686,RSPRY1 (OMIM:616723),142,48377.74704592425,4.832458999692762,8.957470278590163,0.0002486465088485564,1.4109846841880762
4687,RSRC1 (OMIM:618402),79,15617.850241764334,5.069084791225035,8.693716861368696,0.00022788042459846833,1.5338271836871475
4688,RTEL1 (OMIM:615190),63,9614.290083452914,4.9228315839492645,9.28744752910232,0.0013984767725301699,1.582284431871869
4689,RTEL1 (OMIM:616373),13,345.2563925271273,4.426364006758042,8.180511032160567,0.7726575342011646,1.703292053738911
4690,RTN2 (OMIM:604805),58,8884.31393602608,5.374660578358185,8.81248646573978,0.0010221449047190993,1.7375685153872633
4691,RTN4IP1 (OMIM:616732),41,4282.189351913852,5.222182136480307,8.492577406218505,0.0008569013162562074,1.5899487985769254
4692,RTTN (OMIM:614833),98,22639.6416913285,4.763231999017147,8.74832263769285,0.00045198453520349144,1.3615788614743365
4693,RUBCN (OMIM:615705),49,6081.840132292425,5.171632765554783,8.959896079894914,0.001107639007670092,1.6784343583397252
4694,RUNX1 (OMIM:601399),51,6729.526687941408,5.278060147405026,8.752658900243516,0.014566809922073501,1.7309239072637765
4695,RUNX2 (OMIM:119600),146,53482.79731286495,5.052696959174771,8.863858889166064,0.0008028321926913085,1.566672339068332
4696,RUNX2 (OMIM:156510),71,11278.015032389036,4.538436632752127,8.76213168294807,0.0014248089343890649,1.5431722547236317
4697,RUSC2 (OMIM:617773),152,58709.70591541426,5.115868413681968,8.902461791364527,0.0005412573883512041,1.5066767047347178
4698,RXYLT1 (OMIM:615041),25,1245.2493783849843,4.150831261283281,7.612496554951326,0.545923736823429,1.3579387339566609
4699,RYR1 (OMIM:117000),76,14040.145590632415,4.926366873906111,9.013265320832058,0.0005149209235504193,1.5918361096182456
4700,RYR1 (OMIM:145600),46,5382.928778158606,5.200897370201552,8.814786904884985,0.00034954821993255067,1.6758216036954412
4701,RYR1 (OMIM:255320),103,26917.827798055732,5.124277136504042,8.931099400178008,0.0006217310747805367,1.5996157081951867
4702,RYR1 (OMIM:619542),119,36498.8749476233,5.1985294043047,9.406563336770965,0.00020730474885900254,1.5550358843628471
4703,RYR2 (OMIM:115000),19,897.9885836666656,5.251395226120851,8.520183402971327,0.00016031828208005656,2.153390021924095
4704,RYR3 (OMIM:620310),138,45799.44987407441,4.844964548193633,9.083156148622862,0.0006888527898926093,1.5037406901343342
4705,S1PR2 (OMIM:610419),7,67.17848022202988,3.198975248668089,4.662535130851787,0.3980917516456417,1.227516412457778
4706,SACS (OMIM:270550),118,37804.217704411116,5.476491048009723,9.120746959343741,5.6112340727289245e-05,1.5874529440447611
4707,SAG (OMIM:258100),9,135.8690043006686,3.7741390083519053,6.562458257553478,0.09341807646618362,1.776513333431763
4708,SAG (OMIM:613758),23,1215.6072601158535,4.804771779114045,7.610669619577144,2.000000165480742e-10,1.5868120053929051
4709,SAG (OMIM:620228),21,961.9989192687607,4.580947234613146,7.825156699922453,0.00015500775417016222,1.650844377676644
4710,SALL1 (OMIM:107480),239,152402.14392363915,5.358536757625933,9.773117773588451,0.00017189252005425464,1.4980074121916027
4711,SALL2 (OMIM:216820),33,2688.079013380803,5.0910587374636425,8.496517585109233,0.043100460501283716,1.7952375507773823
4712,SALL4 (OMIM:147750),137,46352.92060339135,4.975624796413842,9.645461182669859,0.021118882200204435,1.523114889447464
4713,SALL4 (OMIM:607323),205,111655.82305360987,5.339828936088468,9.316614685637033,0.0001473428281572063,1.5071948131786699
4714,SAMD12 (OMIM:601068),28,1965.1972068680184,5.198934409703752,8.908085989829646,0.00031316906628275204,1.8191226798237894
4715,SAMD7 (OMIM:620762),25,1310.6854757139047,4.368951585713016,7.393262010834977,0.0008069303612503042,1.5899676981140465
4716,SAMD9 (OMIM:610455),46,4453.611643835444,4.30300641916468,8.963226191559027,0.01654098358041256,1.5284415510721499
4717,SAMD9 (OMIM:617053),189,93654.08382723687,5.271534606959184,8.935703583630525,0.00034954821993255067,1.5462116407776583
4718,SAMD9 (OMIM:619041),32,2651.538344411265,5.345843436313034,8.791236649121608,0.0013984767725301699,1.7810086734245367
4719,SAMD9L (OMIM:159550),88,20171.518626063633,5.269466725721952,9.057544705184311,0.002038308425139842,1.5256844236127542
4720,SAMD9L (OMIM:252270),16,589.6482475448764,4.913735396207303,8.378100194399972,0.0018646679343534583,1.9399927637407064
4721,SAMD9L (OMIM:619806),59,9262.311202289944,5.413390533191084,8.902461791364527,9.774864833445439e-05,1.574701957458037
4722,SAMHD1 (OMIM:612952),81,15346.880109483998,4.7366913918160485,8.43299984014226,0.0021877202994203915,1.5079039494455582
4723,SAMHD1 (OMIM:614415),13,291.06790396097796,3.7316397943715125,7.543558726914938,0.5789848082407059,1.4690545424575339
4724,SAR1B (OMIM:246700),43,4871.368122697415,5.394649083828809,8.920088962592235,0.0013983207012920977,1.8174316249290066
4725,SARDH (OMIM:268900),7,55.940582369526574,2.6638372556917416,4.491922668547242,0.7400213448202568,0.9602389644112925
4726,SARS1 (OMIM:617709),45,4353.51049941108,4.3974853529404845,8.908085989829646,0.0011342589495837805,1.5326734698635303
4727,SARS2 (OMIM:613845),96,24872.084194191135,5.454404428550688,9.102208985549321,9.309337643604373e-06,1.657323280431265
4728,SASH1 (OMIM:127500),9,129.31142677981393,3.5919840772170537,5.934351798332803,1.5615295258888247,1.0961701495757439
4729,SASH1 (OMIM:618373),74,12658.250090512342,4.686505031659512,9.009600944699374,0.00046823635724275146,1.5054482328637142
4730,SASH3 (OMIM:301082),116,34247.75367470928,5.1345957533297275,9.066651572596335,0.00010563534348670766,1.549012314995636
4731,SASS6 (OMIM:616402),43,4168.485764601561,4.616263305206601,8.28981928508484,0.00040364886229316726,1.5796413194066319
4732,SATB1 (OMIM:619228),48,5068.074999898094,4.4929742906898,8.434144981225918,0.0454015306599506,1.4572531857375286
4733,SATB1 (OMIM:619229),232,142877.61325431714,5.332050054273665,9.161488504401035,0.0003375709275285942,1.4851658855136602
4734,SATB2 (OMIM:612313),158,60853.02466195536,4.90631497717934,8.908085989829646,0.0007234721597415179,1.4136132209381886
4735,SBF1 (OMIM:615284),85,18105.16178221337,5.071473888575174,9.21315399138524,0.034298969772904774,1.6048522838540356
4736,SBF2 (OMIM:604563),74,14392.580126679104,5.3286116722247705,9.072852201496532,0.00031792342844160594,1.7670932800835755
4737,SC5D (OMIM:607330),149,54672.40196597884,4.958498273714751,8.709456185657551,0.00017189252005425464,1.5077911682984193
4738,SCAF4 (OMIM:620511),161,64699.22904055212,5.023232068365848,9.013265320832058,0.0001473428281572063,1.4084709697698088
4739,SCAPER (OMIM:618195),47,5466.578854166334,5.056964712457294,8.407061330031006,0.00015500775417016222,1.5689964008932937
4740,SCARB2 (OMIM:254900),80,15729.577186307866,4.977714299464514,8.428624992553333,0.0003026278596787662,1.5083251600950962
4741,SCARF2 (OMIM:600920),209,111393.98726062453,5.124861394029469,8.803056623900822,0.00017189252005425464,1.4027889652183272
4742,SCD5 (OMIM:619086),10,171.04182653212058,3.8009294784915686,7.867044916815852,0.0025707430151976655,2.0755858737839117
4743,SCN10A (OMIM:615551),7,80.25949833525902,3.8218808731075726,6.055710443242625,0.4886176816614556,1.4703614137643077
4744,SCN11A (OMIM:615548),31,2225.8994724733525,4.786880585964199,8.541035287424394,1.046009439364104,1.4484292692047838
4745,SCN11A (OMIM:615552),7,78.13790201499238,3.720852476904399,5.1596684462122715,1.2477363587165984,1.056971369549619
4746,SCN1A (OMIM:604403),22,918.6626720527026,3.976894684210834,7.826797065347226,0.025418230699425857,2.1853707082704963
4747,SCN1A (OMIM:607208),61,9728.979838669447,5.316382425502431,8.915644428508728,0.0002046419419841836,1.818518256491584
4748,SCN1A (OMIM:609634),25,1509.4609241924236,5.031536413974745,8.36915376409348,0.000256167438774069,1.838438835463727
4749,SCN1A (OMIM:619317),103,29116.77702889753,5.54288540432087,8.964079417231831,4.395661259112839e-05,1.6506359336593939
4750,SCN1B (OMIM:604233),13,347.89487662934016,4.460190726017181,7.826797065347226,0.07470238685602296,2.109158184164674
4751,SCN1B (OMIM:612838),13,350.30579708250997,4.491099962596282,7.659157404836164,0.0001928074247934363,1.986672793227631
4752,SCN1B (OMIM:615377),17,661.2646195427865,4.862239849579312,8.092015387817895,8.736249828716642e-05,1.8959886334047145
4753,SCN1B (OMIM:617350),39,4125.156803683205,5.567013230341707,8.926328789344671,0.025418230699425857,1.8607967313026776
4754,SCN2A (OMIM:607745),25,1449.607300190095,4.8320243339669835,8.427639205084887,0.009813035528955065,1.638083370190145
4755,SCN2A (OMIM:613721),36,3235.2501316125818,5.13531766922632,8.915644428508728,0.0001018499913121344,1.9957300132161604
4756,SCN2A (OMIM:618924),47,5870.512469830674,5.430631331943268,8.758464851320223,0.00021484234446493225,1.696502348390935
4757,SCN2B (OMIM:615378),17,712.4216530731825,5.238394507891048,8.169043340555707,8.736249828716642e-05,1.9137807778975475
4758,SCN3A (OMIM:617935),59,8345.542386255176,4.8775817570164675,8.908085989829646,0.0454015306599506,1.5587929541636425
4759,SCN3A (OMIM:617938),76,14753.067229791097,5.176514817470561,8.821531924588221,4.395661259112839e-05,1.5676876886187068
4760,SCN3B (OMIM:613120),15,480.8364095554208,4.579394376718294,7.852782585167538,8.736249828716642e-05,2.206870470769286
4761,SCN4A (OMIM:168300),28,1984.6822151968436,5.2504820507853,9.107112983547811,0.10890287302651397,1.7794584087018608
4762,SCN4A (OMIM:170500),21,945.6012800493276,4.502863238330131,7.813535347527612,5.033484907809556e-05,1.750201610526833
4763,SCN4A (OMIM:608390),34,2948.944984283335,5.256586424747478,9.158792358672217,0.0002871235509014397,1.7591461129256087
4764,SCN4A (OMIM:613345),25,1368.2723131199805,4.560907710399935,7.813535347527612,0.0006483167422991728,1.6274031409354224
4765,SCN4A (OMIM:614198),51,6226.849935153824,4.883803870708881,9.134198325523768,0.0001327613358585333,1.619575658558784
4766,SCN4A (OMIM:620351),192,97939.25040568574,5.341364005545689,9.156823368798856,0.00020730474885900254,1.5618199024418187
4767,SCN4A (OMIM:620369),190,90687.5911040606,5.050826572211673,9.173657543269869,0.0001935303784154868,1.506922597441057
4768,SCN4B (OMIM:611819),20,1013.6599115402375,5.33505216600125,8.839386227188967,0.00016009294646799547,2.1068472588752347
4769,SCN5A (OMIM:113900),25,1621.4310580753017,5.404770193584339,9.043632319455332,0.0001849738499394851,2.0404112668228054
4770,SCN5A (OMIM:272120),12,335.9706765721505,5.090464796547735,9.04247536513207,0.007807459901876793,2.0309235512457446
4771,SCN5A (OMIM:601144),21,1137.4283380770532,5.416325419414539,9.043632319455332,0.0001849738499394851,2.2297952265492023
4772,SCN5A (OMIM:601154),40,4050.401950364892,5.192823013288323,8.862029251083346,0.0001849738499394851,1.7751356357553545
4773,SCN5A (OMIM:603829),9,162.38599293985067,4.510722026106963,8.133540039294688,0.0001928074247934363,2.191342697109303
4774,SCN5A (OMIM:603830),23,1419.9893210534672,5.61260601206904,9.043632319455332,0.0001928074247934363,2.141568855702959
4775,SCN5A (OMIM:608567),18,765.9369096348908,5.006123592384907,8.166329847551955,7.872725866844903e-05,2.3372145843673993
4776,SCN5A (OMIM:614022),36,3210.8719130248683,5.096622084166458,8.296810078599115,8.736249828716642e-05,1.8422108501590586
4777,SCN8A (OMIM:614306),74,14012.446054880587,5.187873400548162,8.380087492533335,0.00022788042459846833,1.4997399953129764
4778,SCN8A (OMIM:614558),73,14571.40012309949,5.544672801788239,9.060746890807224,0.0001663034595149971,1.7809827978385646
4779,SCN8A (OMIM:617080),10,174.24748108475842,3.8721662463279647,7.932580917844725,1.0296429070005533,1.6644125683545057
4780,SCN8A (OMIM:618364),14,421.36953799317405,4.630434483441473,8.249655311127816,0.001107639007670092,1.8448871986857511
4781,SCN9A (OMIM:133020),57,8058.564487558593,5.049225869397615,8.789642682966212,0.00019863002875500322,1.6012472816481993
4782,SCN9A (OMIM:167400),39,3561.245076560676,4.805998753793085,9.250627493320362,0.0001389659282769288,1.6987868727591595
4783,SCN9A (OMIM:243000),50,6742.84602647409,5.504364103244155,9.052020573138034,0.2974528412648736,1.5498544325408856
4784,SCNM1 (OMIM:620107),110,28599.798508264823,4.770608591870696,8.561392742882122,0.0009189324407240284,1.373014210563314
4785,SCNN1A (OMIM:264350),54,7506.35562621672,5.245531534742642,8.899455483627488,0.00034954821993255067,1.7558392716725892
4786,SCNN1A (OMIM:613021),19,717.9797657109355,4.1987120801809095,8.029277072983984,0.008276553627116864,1.772779584449797
4787,SCNN1A (OMIM:618126),21,1093.8102128777589,5.208620061322661,8.528547738463676,0.004611210091315286,2.014400732768354
4788,SCNN1B (OMIM:177200),28,1931.410818612688,5.109552430192296,8.627171947697155,0.004611210091315286,1.9181715906071597
4789,SCNN1B (OMIM:620125),24,1434.0623702640773,5.195878153130715,8.863963311019043,0.00034954821993255067,2.1041767859334612
4790,SCNN1G (OMIM:613071),10,171.19340321713472,3.8042978492696604,7.669795506586738,0.008276553627116864,1.8449128896034954
4791,SCNN1G (OMIM:618114),21,1093.8102128777589,5.208620061322661,8.528547738463676,0.004611210091315286,2.014400732768354
4792,SCNN1G (OMIM:620126),25,1613.1590707609203,5.377196902536401,8.863963311019043,0.00034954821993255067,2.112796046980657
4793,SCO1 (OMIM:619048),79,15549.297503328951,5.0468346326935905,9.181781892504443,0.0005386311626871454,1.5357171161328036
4794,SCO2 (OMIM:604377),126,40073.7961069149,5.088736013576495,8.878217937826726,0.0023480130977046538,1.5466959165234588
4795,SCO2 (OMIM:608908),6,55.033856421793175,3.6689237614528785,6.110029589307874,0.00014468862235090667,1.675027878086191
4796,SCP2 (OMIM:613724),69,11793.673711586134,5.027141394537994,8.811351531855736,0.0006461379115094649,1.5902479670994187
4797,SCUBE3 (OMIM:619184),153,56213.2458662066,4.834300470090007,8.972676003191545,0.0001213039522527137,1.3958371876323845
4798,SCYL1 (OMIM:616719),84,18220.40989486504,5.2267383519406305,9.05354975179089,7.554577520314774e-05,1.5386995685338705
4799,SCYL2 (OMIM:618766),111,27516.727629775967,4.507244493001797,8.6367660372416,0.00045198453520349144,1.2982919501175871
4800,SDCCAG8 (OMIM:613615),19,762.5609033766982,4.459420487583031,8.374591355895678,0.003858363741813922,1.7248696644889667
4801,SDCCAG8 (OMIM:615993),75,13898.902035006035,5.00861334594812,8.795155143875997,0.00020014200898150754,1.492901102187757
4802,SDHA (OMIM:252011),95,22107.84648044847,4.951365393157552,8.629069497082714,0.0004882882588597252,1.494967100675634
4803,SDHA (OMIM:613642),24,1454.388356841895,5.269523032035852,8.943713144453305,0.0028246861463372313,1.8158776941477306
4804,SDHA (OMIM:614165),11,171.47178963141337,3.117668902389334,5.445149956271038,0.8954429315708131,1.0979072896649538
4805,SDHA (OMIM:619259),90,21671.291369180937,5.4110590185220815,9.209614070713288,9.774864833445439e-05,1.5899849719118895
4806,SDHAF1 (OMIM:619166),22,995.2996705793821,4.308656582594728,8.073385074360786,0.006829839193248843,1.6364044148739914
4807,SDHAF2 (OMIM:601650),27,1902.5771437510195,5.420447702994358,8.697570195705968,8.757736046973477e-05,1.973436945504002
4808,SDHB (OMIM:115310),74,14667.185221072936,5.430279607949995,8.840526243510054,0.0001970958579742274,1.6426335995639476
4809,SDHB (OMIM:619224),94,21331.043454630944,4.8801289074882055,8.68158077891651,0.0005974451415905798,1.4626224861325696
4810,SDHC (OMIM:605373),60,10279.450686382266,5.807599257843088,9.141502577670831,0.0001970958579742274,1.7814030542382369
4811,SDHD (OMIM:168000),71,14285.972098199969,5.748882132072422,9.141502577670831,8.757736046973477e-05,1.7344547924677474
4812,SDHD (OMIM:619167),111,30185.85877463023,4.944448611733043,8.772394758589048,0.0010855653860684738,1.5725619363144465
4813,SDR9C7 (OMIM:617574),27,1455.6552014863628,4.147165816200464,7.695094551077079,0.2711921911140702,1.4101733312890095
4814,SEC23A (OMIM:607812),121,34932.95570782813,4.811701888130596,8.74282527650913,0.00015294580467822567,1.3363074870477796
4815,SEC23B (OMIM:224100),32,2222.2195431543196,4.480281337004676,9.10780402719919,0.00027414783043571854,1.6091112916070414
4816,SEC23B (OMIM:616858),46,4975.178659019037,4.806935902433852,8.962821309264598,0.0011669022655097488,1.7360581980142156
4817,SEC24D (OMIM:616294),108,28683.318128756393,4.96422951345732,8.98796525665059,0.0010976185592787876,1.4761753579838333
4818,SEC31A (OMIM:618651),148,53579.927394528146,4.92553110815666,9.08512647589878,0.0004395559339724585,1.4293764429773448
4819,SEC61A1 (OMIM:617056),134,47993.21361306306,5.3858392563195,9.188432354052631,7.104736562826131e-05,1.6209465896014708
4820,SEC61A1 (OMIM:620670),76,13889.9767592457,4.873676055875684,8.767095448920479,0.011062529308141045,1.6345174421095472
4821,SEC61A1 (OMIM:620674),118,35021.09799785677,5.073315659547554,8.736205490972425,4.9346129758286674e-05,1.4959481010584235
4822,SEC63 (OMIM:617004),9,146.89358398581135,4.080377332939204,8.21673760952688,0.0006348976444134446,1.8886682703529196
4823,SECISBP2 (OMIM:609698),16,516.7831678246152,4.306526398538461,8.82877148559842,0.003213598646000667,1.8245375497432355
4824,SELENBP1 (OMIM:618148),7,68.37195151458624,3.2558072149802975,5.2439801768836345,1.2272785033855085,1.1791394023522694
4825,SELENOI (OMIM:618768),96,22754.94041243819,4.990118511499603,8.8633663169744,0.0001469875513899424,1.4969984043168274
4826,SELENON (OMIM:602771),89,20963.195753255204,5.35321648448805,8.716313799578174,0.0009840809308529958,1.6013684616544928
4827,SEMA3A (OMIM:614897),52,6606.750492374804,4.982466434671798,8.761647432720869,0.0013598250934187413,1.6869912249789871
4828,SEMA4A (OMIM:610282),14,385.95365265170113,4.241248930238474,8.198960939271464,0.21934253219841804,1.6747030721134681
4829,SEMA4A (OMIM:610283),34,2835.7935492719744,5.054890462160382,8.588019626165261,0.00015500775417016222,1.6980284591586396
4830,SEMA6B (OMIM:618876),61,9582.364490065733,5.236264748669799,8.709274122955163,0.001107639007670092,1.6200519703897387
4831,SEMA7A (OMIM:619874),22,1081.949376116734,4.683763532972874,8.875055534834347,0.15492920798274556,1.7556815126333225
4832,SEPSECS (OMIM:613811),74,12888.260429127791,4.7716625061561615,8.376286662108228,0.0001663034595149971,1.479279147908535
4833,SEPTIN12 (OMIM:614822),19,919.3459757091897,5.376292255609297,8.566164424851095,0.000803149581822378,2.101108218614897
4834,SEPTIN9 (OMIM:162100),61,8735.508651391061,4.773501995295661,8.597820619073206,0.004739292872398685,1.4305660587388447
4835,SERAC1 (OMIM:614739),106,27574.438059985787,4.95497539262997,8.848135632585288,0.0024714378621868193,1.4899023924275705
4836,SERPINA1 (OMIM:613490),51,6625.534736216916,5.196497832326993,9.058995058540573,0.0008547128420991686,1.8543583932061314
4837,SERPINA6 (OMIM:611489),35,2879.505764517182,4.839505486583499,8.72585273050627,0.03534568788695938,1.7950497945603259
4838,SERPINB6 (OMIM:613453),6,54.02757589622362,3.6018383930815743,4.722247373598924,0.4001991423628643,1.255944075566117
4839,SERPINB7 (OMIM:615598),25,1350.4643331945772,4.501547777315257,8.554732441348118,0.15654984159592678,1.6180861168200642
4840,SERPINB8 (OMIM:617115),10,193.39906294696368,4.297756954376971,7.240072193413566,1.0544477249767152,1.6012650408397293
4841,SERPINC1 (OMIM:613118),23,1305.2153361171363,5.158953897696191,8.547189348345947,0.01534836877154595,1.7359681915004748
4842,SERPIND1 (OMIM:612356),19,691.8600436470044,4.045965167526342,8.290151010958997,0.00021218331777810083,2.189937118922655
4843,SERPINE1 (OMIM:613329),9,133.7947717134369,3.716521436484358,6.9114775061295415,1.3363772845193072,1.3638981714894869
4844,SERPINF1 (OMIM:613982),68,10117.172339351187,4.441252124385947,8.765736900359698,0.0013767302025706244,1.5371514682656995
4845,SERPINF2 (OMIM:262850),27,1360.6223424008267,3.876416929916885,8.556841106711222,0.3818177944652955,1.5494743337452916
4846,SERPING1 (OMIM:106100),58,8206.08777333302,4.964360419439213,8.969124250468207,0.16283535681414846,1.5124277982344627
4847,SERPING1 (OMIM:120790),5,30.398116201617306,3.0398116201617307,5.4437800660110405,1.616481115612072,1.3193834962191673
4848,SERPINH1 (OMIM:610504),4,24.898407355185217,4.149734559197536,6.69914629321546,1.9272518378636931,1.5535946944602068
4849,SERPINH1 (OMIM:613848),153,58340.32169153995,5.0172275276522145,8.741245830375997,0.00015304849304319395,1.4528568732513776
4850,SERPINI1 (OMIM:604218),43,4345.435721996939,4.812221176076344,8.73845341878549,9.774864833445439e-05,1.6343904240038392
4851,SET (OMIM:618106),149,56737.13071902002,5.145758273083622,8.959837814839425,0.00015294580467822567,1.4967011080140034
4852,SETBP1 (OMIM:269150),256,164717.64808969098,5.046496571375337,9.107138567489411,0.00012445245842139074,1.3484996314184774
4853,SETBP1 (OMIM:616078),153,61779.01639667782,5.312952906491041,8.995747773179575,0.00017189252005425464,1.4524035887068496
4854,SETD1A (OMIM:618832),28,1615.3382645463216,4.273381652238946,8.247877791073499,0.5987390414820579,1.3824332943979805
4855,SETD1A (OMIM:619056),112,31285.406293463308,5.03304477050568,8.995747773179575,0.00015286693837893977,1.4088426918730332
4856,SETD1B (OMIM:619000),74,13158.659844273476,4.871773359597732,8.908303490334077,0.0006912747598399878,1.5245699061071987
4857,SETD2 (OMIM:616831),130,39993.14744753644,4.769606135663261,8.762168317083,2.000000165480742e-10,1.3834619236205012
4858,SETD2 (OMIM:620155),141,50905.07115524824,5.157555334878241,8.995747773179575,0.00020163903379240495,1.4895788206374279
4859,SETD2 (OMIM:620157),117,34124.201752813744,5.028618000709364,8.770477618249148,0.00020163903379240495,1.4933485872694026
4860,SETD5 (OMIM:615761),135,44797.177181683044,4.95270062815733,8.893955761159862,0.001107639007670092,1.450333736131353
4861,SETX (OMIM:602433),44,5175.086430946696,5.4704930559690235,8.8323277747737,0.0005152206030376481,1.785793602893842
4862,SETX (OMIM:606002),130,44337.81285866903,5.287753471516879,9.004926422207104,5.6112340727289245e-05,1.5589226027441556
4863,SF3B2 (OMIM:164210),229,135617.52418550782,5.194879498410627,9.671646010455351,2.000000165480742e-10,1.4264015137904897
4864,SF3B4 (OMIM:154400),302,242072.23206170785,5.3260045337112025,9.534942871755176,0.00012445245842139074,1.412812124452745
4865,SFRP4 (OMIM:265900),77,12607.672812983703,4.308842383111314,8.91372186812902,0.013152517329586432,1.475612160277633
4866,SFTPA1 (OMIM:619611),30,2261.9689050787065,5.199928517422314,8.612599624813948,0.06544335909737108,1.722144084999955
4867,SFTPB (OMIM:265120),56,8063.278042674132,5.235894832905281,8.802110267054042,0.06544335909737108,1.6564624823382084
4868,SFTPC (OMIM:610913),75,14880.079854225296,5.362190938459566,8.861020429199153,0.023056846948338643,1.6016834731776506
4869,SFXN4 (OMIM:615578),64,9521.972592699298,4.723200690823065,8.676638353011707,0.0010976185592787876,1.46132937218772
4870,SGCA (OMIM:608099),63,9211.102155084998,4.716386152117255,8.940388997501158,0.0005149209235504193,1.7150834210462111
4871,SGCB (OMIM:604286),46,4765.877560458768,4.604712618800742,8.952562104284594,0.006395773016566448,1.7804365619007327
4872,SGCD (OMIM:601287),42,3631.154473219645,4.217368726155221,8.639692076649633,0.0006888527898926093,1.614814389885136
4873,SGCD (OMIM:606685),26,1791.382746413793,5.51194691204244,9.19945232737294,0.02584939923939534,1.9125016218461357
4874,SGCE (OMIM:159900),38,3299.907478858504,4.694036243041968,8.367556918106924,0.0002481188420932325,1.5227920630427907
4875,SGCG (OMIM:253700),62,8680.212957089918,4.59027655054993,8.639692076649633,0.0006888527898926093,1.6331944690914997
4876,SGMS2 (OMIM:126550),70,11264.856905852015,4.664537021056735,8.668702380584365,0.001137044764433523,1.5892931645306656
4877,SGO1 (OMIM:616201),45,5578.921109243972,5.635273847721184,8.89683115679025,0.00016017779044338518,1.8368836340133579
4878,SGPL1 (OMIM:617575),127,40333.79306865367,5.041093996832105,8.98487105135084,0.0007165373026079224,1.4142293505260486
4879,SGSH (OMIM:252900),111,27393.042883553688,4.486984911311005,8.934854006997885,0.0006794167071612963,1.4258995688831437
4880,SH3BP2 (OMIM:118400),63,9277.349530567139,4.75030697929705,8.353020406971634,0.00023318814708324207,1.4678684482436983
4881,SH3KBP1 (OMIM:300310),70,11151.412215780172,4.617561994111872,8.762168317083,0.011062529308141045,1.5008657217172587
4882,SH3PXD2B (OMIM:249420),192,90549.50212880824,4.938345447688058,8.66142621152522,0.00015294580467822567,1.3717817304601794
4883,SH3TC2 (OMIM:601596),94,23866.160176760568,5.460114430739091,9.1254331046243,3.3984167063623215e-05,1.6923011003020212
4884,SH3TC2 (OMIM:613353),9,165.60535458103206,4.600148738362002,6.577045339650911,0.0001380030334658678,1.6573994045940714
4885,SHANK3 (OMIM:606232),243,154896.8021258391,5.268061154502571,8.959837814839425,0.00016212543135581012,1.4707877287560533
4886,SHANK3 (OMIM:613950),14,384.8613561398372,4.229245671866343,8.35151082614376,0.00015286693837893977,1.8242451399574293
4887,SHH (OMIM:142945),60,8335.60996163416,4.709384159115345,9.117957096124936,0.0001473428281572063,1.5366323766116978
4888,SHH (OMIM:147250),71,12296.70502035581,4.948372241591875,8.879951137881955,0.0022200588947906574,1.5685025172522953
4889,SHH (OMIM:611638),33,2361.5199284321807,4.472575622030646,8.842198370837167,0.0008630692151269535,1.643586084357053
4890,SHMT2 (OMIM:619121),180,84828.68056424998,5.265591593063314,9.340725089920804,0.0002046419419841836,1.5045208802782095
4891,SHOC1 (OMIM:619949),15,461.0832971265726,4.391269496443548,7.339821052931584,0.000803149581822378,2.0398139757623692
4892,SHOC2 (OMIM:607721),202,103047.45359377435,5.075979192836527,9.1286276263756,0.00012113826840601775,1.4417835519206026
4893,SHOX (OMIM:127300),86,17412.33702955558,4.763977299468011,8.833984069194575,0.013967927074580687,1.5587988026155093
4894,SHOX (OMIM:249700),74,13497.148095738587,4.997092963990591,8.892330692205581,0.003303224205639112,1.602563301083125
4895,SHOX (OMIM:300582),5,20.685409767857397,2.06854097678574,3.280353996168624,0.37543966712845633,0.761820979332592
4896,SHPK (OMIM:617213),7,56.371191036107874,2.684342430290851,4.699920633739699,0.7400213448202568,0.9523356287389978
4897,SHQ1 (OMIM:619921),10,177.15041457279173,3.936675879395372,8.09409310310133,1.046009439364104,1.5911896229069535
4898,SHQ1 (OMIM:619922),84,17660.190060209727,5.066032719509388,8.859832521578053,0.001559396965362956,1.5452674724518882
4899,SI (OMIM:222900),18,678.1785036442174,4.432539239504688,7.882758218386278,0.36055313953333146,1.6078201661307707
4900,SIAH1 (OMIM:619314),149,53451.75024242628,4.847791605516623,9.470282449623195,0.00355478254866623,1.4875955624652162
4901,SIGMAR1 (OMIM:605726),59,8822.780702540971,5.15650537845761,8.744191527204322,0.00031792342844160594,1.82994716048885
4902,SIGMAR1 (OMIM:614373),30,2149.5534833728725,4.941502260627293,8.800382954203787,0.0029392195486610383,1.9069328271869586
4903,SIK1 (OMIM:616341),43,4769.685328407571,5.282043553053789,8.821531924588221,0.0005412573883512041,1.6304458330572313
4904,SIK3 (OMIM:618162),182,79297.52940182167,4.814372497226742,8.978318619764536,2.000000165480742e-10,1.4909829972077941
4905,SIL1 (OMIM:248800),116,32534.835722885953,4.877786465200293,8.968128246648114,0.002191642502721411,1.4979323956190025
4906,SIN3A (OMIM:613406),307,255485.20400804572,5.4392115136583365,9.225799534831939,6.004631081718618e-05,1.4662432810750536
4907,SIPA1L3 (OMIM:616851),8,84.83457966291641,3.029806416532729,5.496511605869355,0.5854579498923579,1.2277244186036154
4908,SIX1 (OMIM:605192),25,1462.1788730457201,4.873929576819067,8.547006917232778,0.002071018648959999,1.6264722299084373
4909,SIX1 (OMIM:608389),31,2265.6953795641703,4.87246318185843,8.444211899761077,0.0005464706385911856,1.723137161770201
4910,SIX3 (OMIM:157170),121,39594.63529929561,5.453806515054492,9.146200586196512,9.580292411870432e-05,1.584682395382274
4911,SIX5 (OMIM:610896),29,2018.3955231359703,4.971417544669878,8.814653792255434,0.00208253719591332,1.7363950847990872
4912,SIX6 (OMIM:212550),42,4382.3530774549245,5.089840972653803,8.62769367171051,0.1498032293889986,1.6429772213052718
4913,SKI (OMIM:182212),207,108255.75482843137,5.077423893271018,9.056211837735058,0.00017798301115767696,1.4191071395027248
4914,SKIC2 (OMIM:614602),62,9719.88558201765,5.140076986788816,9.136065882335949,0.00017851427268566979,1.6441601800661254
4915,SKIC3 (OMIM:222470),190,90314.81144578522,5.030064686482051,9.132117648281186,0.00012113826840601775,1.4112593077308
4916,SLC10A1 (OMIM:619256),34,2498.7266217178476,4.454058149229675,8.140190809102776,0.00019109498643675617,1.5318931479087095
4917,SLC10A2 (OMIM:613291),16,565.9165468940542,4.715971224117118,8.599338887793445,0.027031792170348293,1.8913298104718161
4918,SLC10A7 (OMIM:618363),134,44028.04927304117,4.940865141178451,8.770477618249148,0.0005881457664332432,1.524166456146512
4919,SLC11A2 (OMIM:206100),20,886.1192936860004,4.663785756242108,8.975466878990153,0.000334057395126325,1.835374381090679
4920,SLC12A1 (OMIM:601678),109,32996.65894508096,5.605956327740564,9.285264362714903,8.369844453416479e-05,1.7217026561824842
4921,SLC12A2 (OMIM:619080),102,26540.775190708504,5.152548085946128,8.770477618249148,0.00011853325674116622,1.627608687397809
4922,SLC12A2 (OMIM:619081),25,1480.500060614984,4.935000202049947,8.61058352701657,0.00015286693837893977,1.8371147770161609
4923,SLC12A2 (OMIM:619083),86,17504.411469143437,4.789168664608328,8.780023316370047,0.00045198453520349144,1.4264041204968103
4924,SLC12A3 (OMIM:263800),111,34490.97612804635,5.649627539401531,9.212302466567023,0.0002603912870453802,1.6845370490345697
4925,SLC12A5 (OMIM:616645),49,5800.0261878285655,4.9319950576773515,8.902999549424495,0.02955850610037923,1.6513016905335849
4926,SLC12A5 (OMIM:616685),16,506.53715273218205,4.22114293943485,7.826797065347226,0.025418230699425857,2.1337401358218644
4927,SLC12A6 (OMIM:218000),174,78649.70585435751,5.225546864285264,9.101372354834607,0.00018869251796236437,1.4807258535406316
4928,SLC12A6 (OMIM:620068),83,18257.54888675056,5.365133378416267,8.92778440813906,0.0006461379115094649,1.7497025128200032
4929,SLC13A3 (OMIM:618384),47,5095.152107028725,4.713369201691698,8.255889447316939,0.025292732510844997,1.5361016384417163
4930,SLC13A5 (OMIM:615905),72,11950.699025712433,4.675547349652751,8.72864264739304,0.00037868868455093207,1.5248629881336329
4931,SLC16A1 (OMIM:245340),17,724.839300447561,5.329700738585007,8.431885066289674,0.0004104997753026648,1.9944944720253464
4932,SLC16A1 (OMIM:610021),23,1198.5967509734332,4.737536565112384,8.904273742841035,0.0002791634935974599,1.8240439326176314
4933,SLC16A1 (OMIM:616095),28,1804.6966041993023,4.774329640738895,8.619316289903745,0.26253193677309483,1.6750900486384068
4934,SLC16A12 (OMIM:612018),17,577.8639603950849,4.248999708787388,8.164368639236626,0.00017449449899708947,1.6057115997862217
4935,SLC16A2 (OMIM:300523),125,40862.57996316356,5.272590962988846,9.23152808372723,2.000000165480742e-10,1.6055335399104587
4936,SLC17A5 (OMIM:269920),126,34970.74185244083,4.44072912411947,9.181781892504443,8.678962776528191e-05,1.408056109877215
4937,SLC17A5 (OMIM:604369),57,7539.51695696655,4.724008118400095,8.173098167369986,0.31823930480867957,1.399860959106739
4938,SLC17A8 (OMIM:605583),8,112.28833917036721,4.0102978275131145,7.810172152642902,0.3980917516456417,1.8551731799335855
4939,SLC17A9 (OMIM:616063),9,146.64753635107616,4.073542676418782,7.471461357485697,1.4089720234889813,1.5027607294268812
4940,SLC18A2 (OMIM:618049),74,13961.39878826672,5.168974005282014,8.914014921995589,0.0005974451415905798,1.5936199118024965
4941,SLC18A3 (OMIM:617239),79,15325.474028582092,4.974188259844885,9.07795332821269,0.0029988930267731704,1.6299137753145208
4942,SLC19A1 (OMIM:601775),41,4227.477611120126,5.155460501366008,8.347018937648889,9.875881830434489e-05,1.5534223120135575
4943,SLC19A1 (OMIM:620603),143,51111.682688710374,5.034145837556424,9.042205940775627,0.00020121163705395478,1.5024572786026518
4944,SLC19A2 (OMIM:249270),101,24794.37371745136,4.909776973752744,8.722041709106104,0.002903270547648131,1.3913027019018491
4945,SLC19A3 (OMIM:607483),105,29654.086885657918,5.431151444259692,8.808835962337243,0.0004634687819836333,1.550332250037663
4946,SLC1A1 (OMIM:222730),21,865.0317237096397,4.119198684331617,8.210389322861992,0.27836368617753093,1.5913977319329589
4947,SLC1A2 (OMIM:617105),119,37614.40067256897,5.357413569658021,8.915862472076086,0.0005412573883512041,1.5589759468666844
4948,SLC1A3 (OMIM:612656),69,12830.09472549685,5.468923582905734,8.945186173020074,9.774864833445439e-05,1.617599745920653
4949,SLC1A4 (OMIM:616657),91,20293.136502456262,4.955588889488709,8.586932312553333,0.0001663034595149971,1.516441345155493
4950,SLC22A12 (OMIM:220150),31,2404.0910348602383,5.1700882470112655,8.114096070178295,8.907799783192584e-05,1.8766517553835458
4951,SLC22A18 (OMIM:268210),12,240.37725474705857,3.6420796173796752,6.034546617368312,0.40609888188778026,1.3243667276304776
4952,SLC22A5 (OMIM:212140),104,30105.871773520747,5.620961869589385,9.181781892504443,0.0002615512942008121,1.6248600655064682
4953,SLC24A1 (OMIM:613830),23,1067.1496486812987,4.2179828011118525,7.906962867292998,0.0004882882588597252,1.6369261923727965
4954,SLC24A4 (OMIM:615887),20,711.4014115421239,3.7442179554848627,7.0044179549823555,0.0019587674577635403,1.4125898598380637
4955,SLC24A5 (OMIM:113750),30,1814.0594736600056,4.170251663586219,8.08434226414483,0.7609453784098479,1.446270907986808
4956,SLC25A1 (OMIM:615182),73,12399.297395893725,4.718149694023488,8.878217937826726,0.006829839193248843,1.491998594072078
4957,SLC25A1 (OMIM:618197),60,8956.383052024044,5.060103419222624,9.126221757608684,0.000346831542984189,1.7014311522046732
4958,SLC25A10 (OMIM:618972),77,14745.022403722538,5.039310459235317,8.973354788365825,0.019538305154274842,1.5369371356511017
4959,SLC25A11 (OMIM:618464),19,725.0490620409427,4.240052994391477,8.257173336785153,0.0004022561606883253,1.657794251611805
4960,SLC25A12 (OMIM:612949),144,51869.62314917523,5.037842186205831,8.806640073046761,0.00035697193889868843,1.5271523003034075
4961,SLC25A13 (OMIM:603471),66,10117.6192060633,4.716838790705501,8.525288572876828,0.0011777486855865352,1.624117728320676
4962,SLC25A13 (OMIM:605814),49,6671.52205959455,5.673062975845706,8.721680303248867,8.678962776528191e-05,1.6303807191383786
4963,SLC25A15 (OMIM:238970),128,45630.53731461107,5.613993271974787,9.07556441882758,2.000000165480742e-10,1.5615146188759212
4964,SLC25A19 (OMIM:607196),104,26258.56060727664,4.902643877385481,9.116483739735825,5.9439822204979764e-05,1.5447712590799905
4965,SLC25A19 (OMIM:613710),46,4749.328143973682,4.588722844419016,8.676212141895324,0.07970583462251685,1.542188996663692
4966,SLC25A20 (OMIM:212138),83,18266.948983408765,5.367895675406631,8.898790569300129,0.0003808195877039723,1.6068810538602833
4967,SLC25A21 (OMIM:618811),73,12474.077215405963,4.746604724279286,9.1254331046243,0.003986896984321227,1.6489293283077255
4968,SLC25A22 (OMIM:609304),47,5365.367667642344,4.963337342869883,8.731490580595633,0.001362946333419783,1.5919131491582625
4969,SLC25A24 (OMIM:612289),279,209657.51196550112,5.4061914846316785,9.056211837735058,0.0007660873712183492,1.4348849876177092
4970,SLC25A26 (OMIM:616794),46,4931.097045661564,4.764344971653685,8.728699040344326,9.40336853774267e-05,1.6190185611629155
4971,SLC25A3 (OMIM:610773),29,1764.290445829265,4.34554297002282,8.210250826221793,0.390265610139474,1.438286775759254
4972,SLC25A32 (OMIM:616839),7,78.21087964267912,3.724327602032339,7.413773807664342,1.2955453312813494,1.580580840719241
4973,SLC25A36 (OMIM:620211),69,12440.037161284014,5.30265863652345,9.013929475026144,0.0012817528951234228,1.6326403208799718
4974,SLC25A38 (OMIM:205950),17,636.1647666374316,4.677682107628174,8.808579297243119,0.7400213448202568,1.8191135854050184
4975,SLC25A4 (OMIM:609283),34,2662.9498947419247,4.746791256224465,8.570286577042696,0.00035005354757042197,1.5457957714044972
4976,SLC25A4 (OMIM:615418),90,19669.66388623705,4.911276875464931,9.05451169405972,9.40336853774267e-05,1.5610900753589636
4977,SLC25A4 (OMIM:617184),40,3456.918291895713,4.431946528071427,8.495679576817565,0.7227309992301671,1.4484655505536537
4978,SLC25A42 (OMIM:618416),75,15066.834474619218,5.4294899007636825,8.966492273631525,0.00037868868455093207,1.706245867290529
4979,SLC25A46 (OMIM:616505),137,47334.83238758847,5.081025374365443,8.879229495516284,0.0011901076561597205,1.4632112344367785
4980,SLC25A46 (OMIM:619303),82,16041.101542199536,4.8302022108399685,8.550946823699663,0.0001018499913121344,1.4823877488857151
4981,SLC26A1 (OMIM:167030),19,769.7682430114432,4.50156867258154,7.54837881914114,8.907799783192584e-05,1.8531433738573202
4982,SLC26A1 (OMIM:620372),23,988.9044506769657,3.908713243782473,6.72209413076606,0.36055313953333146,1.2967046553723771
4983,SLC26A2 (OMIM:222600),128,40819.95878345979,5.022140598358734,8.863589938575995,0.003303224205639112,1.607951060305624
4984,SLC26A2 (OMIM:226900),56,7469.405994887527,4.850263633043849,8.801196349016278,0.001382426141994541,1.6541588604503186
4985,SLC26A2 (OMIM:256050),95,21218.26840335559,4.752131781266649,8.509950704854639,0.0005881457664332432,1.5846931194054252
4986,SLC26A2 (OMIM:600972),56,7109.523681986593,4.616573819471814,9.054718534695786,0.04836220413110236,1.487877314431415
4987,SLC26A3 (OMIM:214700),34,3124.2188566982654,5.5690175698721305,9.285264362714903,0.00038532815235779185,1.966090785240668
4988,SLC26A5 (OMIM:613865),7,67.17848022202988,3.198975248668089,4.662535130851787,0.3980917516456417,1.227516412457778
4989,SLC26A8 (OMIM:606766),13,365.8601055154588,4.690514173275113,7.2755580704934015,0.000803149581822378,2.2448074519922114
4990,SLC27A4 (OMIM:608649),54,7222.52887788368,5.04718999153297,9.296483659419698,0.009821124611192444,1.6088096204411395
4991,SLC28A1 (OMIM:618477),7,56.371191036107874,2.684342430290851,4.699920633739699,0.7400213448202568,0.9523356287389978
4992,SLC29A3 (OMIM:602782),225,133698.54261968978,5.305497723003563,9.3416634968819,4.189843108750679e-05,1.4872481917089164
4993,SLC2A1 (OMIM:601042),40,4063.017825579995,5.208997212282045,8.78785284016116,9.774864833445439e-05,1.652093745001567
4994,SLC2A1 (OMIM:606777),66,11122.344807442541,5.185242334472047,8.457083409153094,0.00037868868455093207,1.5530758880796436
4995,SLC2A1 (OMIM:608885),112,29931.59729019226,4.81525052931021,9.239550738407633,8.678962776528191e-05,1.4706095867642472
4996,SLC2A1 (OMIM:612126),54,7168.35029791009,5.009329348644368,9.10780402719919,0.00027414783043571854,1.6632945006585695
4997,SLC2A1 (OMIM:614847),8,111.60251951475558,3.985804268384128,8.908085989829646,1.046009439364104,1.8112450955954782
4998,SLC2A10 (OMIM:208050),159,62127.32068038134,4.946048935624659,9.017712987420712,0.00012113826840601775,1.475339416327313
4999,SLC2A2 (OMIM:227810),95,24432.32624094262,5.47196556348099,9.107138567489411,4.6205325448638656e-05,1.622073609400839
5000,SLC2A9 (OMIM:612076),12,252.6703217317543,3.8283382080568837,7.484031272221523,0.36055313953333146,1.658893469517717
5001,SLC30A10 (OMIM:613280),71,13116.037399982906,5.278083460757709,8.976740753100012,2.000000165480742e-10,1.6310750567129404
5002,SLC30A2 (OMIM:608118),19,666.0559129247173,3.8950638182732007,7.2056234509660415,0.5789848082407059,1.366280981775882
5003,SLC30A7 (OMIM:620501),57,7901.528779942646,4.950832568886369,9.086469300329172,2.000000165480742e-10,1.5088151654751307
5004,SLC30A9 (OMIM:617595),156,62482.721874330964,5.1681324958090125,9.004926422207104,0.0001018499913121344,1.5150111912491637
5005,SLC31A1 (OMIM:620306),133,43921.61409520617,5.003601514605396,8.73651941356563,0.00035697193889868843,1.4905189410858013
5006,SLC32A1 (OMIM:620755),22,1174.8948477733384,5.086124882135664,8.881272277871725,0.04614900387743423,2.0240741091581635
5007,SLC32A1 (OMIM:620774),115,33772.35441776053,5.1521517037010724,8.964079417231831,0.011607258236768704,1.5196790546060166
5008,SLC33A1 (OMIM:612539),32,2296.8249381313326,4.630695439780912,8.698743766177806,0.0010221449047190993,1.6638698448544047
5009,SLC33A1 (OMIM:614482),62,9092.789957131841,4.808455820799493,8.814057801940638,0.0001018499913121344,1.433222970402741
5010,SLC34A1 (OMIM:612286),31,2228.0013644218743,4.791400783702955,8.65126074131808,4.6205325448638656e-05,1.834443902185091
5011,SLC34A1 (OMIM:613388),51,6902.378108873699,5.413629889312705,9.251279145337637,0.0005584506568620292,1.7371162874919195
5012,SLC34A1 (OMIM:616963),37,3563.160637289866,5.350091046981781,8.651259909165944,0.000357002530703531,1.7548199267387217
5013,SLC34A2 (OMIM:265100),10,193.89500247802107,4.308777832844912,8.259006382587327,0.7726575342011646,1.8615612096032041
5014,SLC34A3 (OMIM:241530),108,28928.781173949566,5.006711868111728,9.258353178195303,0.0005584506568620292,1.5635230927089478
5015,SLC35A1 (OMIM:603585),120,33671.064708423095,4.715835393336568,8.926238452223288,0.00012113826840601775,1.4786563840144302
5016,SLC35A2 (OMIM:300896),167,69358.02476896226,5.003825464898799,8.915644428508728,0.00016616905487054265,1.4078093380915997
5017,SLC35A3 (OMIM:615553),94,21482.184194194488,4.914706976480093,8.59907190283478,0.0018950879950753844,1.5730812894684112
5018,SLC35B2 (OMIM:620269),134,42253.529722103165,4.741727047705439,8.368137344490048,0.009185843613501068,1.3828745884320313
5019,SLC35C1 (OMIM:266265),141,45380.75588383268,4.59784760727788,8.922723983256255,2.000000165480742e-10,1.449352239461272
5020,SLC35D1 (OMIM:269250),100,23172.190255045127,4.681250556574773,9.054649716855387,0.00020062741195619893,1.4990729179366609
5021,SLC36A2 (OMIM:138500),12,247.06607359066996,3.7434253574343934,6.504792203534826,0.36055313953333146,1.5148032409284653
5022,SLC36A2 (OMIM:242600),13,265.58436110825454,3.4049277065160837,7.29322448560259,0.7400213448202568,1.3777644926903305
5023,SLC37A4 (OMIM:232220),147,52466.59055920514,4.889254548430262,9.044797156522364,0.0008770502047779283,1.4599419446033595
5024,SLC37A4 (OMIM:232240),130,41542.856334635144,4.9544253231526705,9.044797156522364,0.0003277254209336634,1.5226248981547739
5025,SLC37A4 (OMIM:619525),198,105108.57637034869,5.389354272181135,9.071203742292226,8.244249002149404e-05,1.5280734407588459
5026,SLC38A3 (OMIM:619881),79,15547.48438494547,5.046246148959906,9.26419003440818,0.009813035528955065,1.6231232581170005
5027,SLC38A8 (OMIM:609218),41,4237.301811016669,5.167441232947157,8.27718046706071,0.0008360327275604761,1.685254915793859
5028,SLC39A13 (OMIM:612350),168,68105.932166305,4.854999441567223,8.937508217499868,0.0009098333589426374,1.4190725549406082
5029,SLC39A14 (OMIM:144755),75,14486.605428133775,5.22039835248064,9.123862715863462,2.000000165480742e-10,1.7366495189901758
5030,SLC39A14 (OMIM:617013),135,49049.81081800624,5.4228646564959915,8.911457320616677,0.0003653861127797499,1.5191685326204354
5031,SLC39A4 (OMIM:201100),107,28897.94589672195,5.095740768245803,9.004264940230842,2.000000165480742e-10,1.5357722058475727
5032,SLC39A5 (OMIM:615946),6,55.033856421793175,3.6689237614528785,6.110029589307874,0.00014468862235090667,1.675027878086191
5033,SLC39A7 (OMIM:619693),48,5826.585325891992,5.165412522953894,8.755342747970113,0.00010563534348670766,1.532762318004148
5034,SLC39A8 (OMIM:616721),81,15540.653454984888,4.796497979933608,8.702478246459371,0.0005974451415905798,1.4220249439206896
5035,SLC40A1 (OMIM:606069),65,9796.863194969636,4.7100303821969405,9.054023334993094,0.024818716554544165,1.442874813611073
5036,SLC41A1 (OMIM:619468),53,6814.805770229443,4.945432344143282,9.018620637616735,0.0005831481310837044,1.7601391328932376
5037,SLC44A1 (OMIM:618868),87,19092.872949936864,5.103681622543935,8.726201871594087,0.00019109498643675617,1.390133351217494
5038,SLC44A4 (OMIM:617606),8,90.71911191350983,3.2399682826253513,4.985368300333607,0.3980917516456417,1.346498073791611
5039,SLC45A1 (OMIM:617532),46,4567.098880232565,4.412655922930014,8.561392742882122,0.0011342589495837805,1.4453830141002586
5040,SLC45A2 (OMIM:606574),32,2210.7959472604407,4.457249893670244,8.49214541583141,2.854372589682972e-05,1.569732132702618
5041,SLC46A1 (OMIM:229050),94,22185.66747177751,5.075650302397051,8.985353537052452,9.875881830434489e-05,1.5300438302463915
5042,SLC4A1 (OMIM:166900),8,141.46156702365622,5.052198822273437,8.395472061369246,1.3363772845193072,1.8331842443137014
5043,SLC4A1 (OMIM:179800),46,5311.979317197261,5.132347166374164,8.889733639350863,0.012300385715911384,1.7358057812508165
5044,SLC4A1 (OMIM:185020),23,1331.210507668543,5.261701611338115,9.10780402719919,0.00027414783043571854,1.9070484151169884
5045,SLC4A1 (OMIM:611590),71,12689.210495498482,5.106322130985305,9.133679514606659,0.00027414783043571854,1.679129798370168
5046,SLC4A1 (OMIM:612653),34,2766.986160246183,4.932239144823855,9.10780402719919,0.00027414783043571854,1.7795639890965123
5047,SLC4A10 (OMIM:620746),191,89406.21661055024,4.927319736045756,9.11345293491237,0.0005543272741829107,1.3943817615380225
5048,SLC4A11 (OMIM:217400),18,727.2433583391103,4.75322456430791,8.124567343110696,0.3980917516456417,1.6572644726914998
5049,SLC4A11 (OMIM:217700),10,216.1493958172422,4.8033199070498265,7.7520811126093525,0.1935500780632769,1.9340378074003683
5050,SLC4A11 (OMIM:613268),12,285.3606711371104,4.323646532380461,7.7520811126093525,0.0003797032882271751,1.9260711966915
5051,SLC4A2 (OMIM:620366),62,9186.691352383314,4.858112825163043,8.889733639350863,0.00034954821993255067,1.6396468400525288
5052,SLC4A3 (OMIM:620231),15,587.5961279071378,5.596153599115598,9.043632319455332,0.0001928074247934363,2.2435898357760857
5053,SLC4A4 (OMIM:604278),58,7771.068341865024,4.701190769428327,8.64923296273946,0.00028957769430632257,1.5216417168594216
5054,SLC51A (OMIM:619484),45,4924.757688182683,4.974502715336043,8.721680303248867,8.678962776528191e-05,1.7197191230568418
5055,SLC51B (OMIM:619481),41,4411.734232917528,5.380163698679913,8.566761230592661,1.7889068280074423e-05,1.8125250065398084
5056,SLC52A1 (OMIM:615026),45,4899.603530771519,4.949094475526787,8.538125813533117,0.01234268101192586,1.5641819725585955
5057,SLC52A2 (OMIM:614707),107,28470.44450508823,5.020356992609457,9.1254331046243,0.002624245263013067,1.5786216797888621
5058,SLC52A3 (OMIM:211500),30,2015.0226727413856,4.632236029290541,9.002766199391422,0.24202863951019288,1.6394940053821194
5059,SLC52A3 (OMIM:211530),132,46448.328116376346,5.372233184868881,9.069465761862066,0.0006217310747805367,1.6168105156449115
5060,SLC5A1 (OMIM:606824),33,2881.644086261508,5.4576592542831595,8.895541588368252,0.00018591355652556002,1.760353576294712
5061,SLC5A2 (OMIM:233100),27,1609.4765412014053,4.585403251286055,7.725042790543756,0.00045323129845336723,1.7388754557323494
5062,SLC5A5 (OMIM:274400),45,4568.3729215550065,4.614518102580814,8.800521584555694,0.07970583462251685,1.5510866862317776
5063,SLC5A6 (OMIM:618973),101,24645.7215918565,4.880340909278515,8.684926192303884,4.395661259112839e-05,1.5095555639208194
5064,SLC5A6 (OMIM:619903),58,8020.543012739966,4.852113135353881,8.826529716738346,0.0009098333589426374,1.6299071261742033
5065,SLC5A7 (OMIM:158580),41,4266.410089011526,5.202939132940886,8.86470905706496,0.0001327613358585333,1.7478714941903615
5066,SLC5A7 (OMIM:617143),75,14309.494618948194,5.156574637458808,9.013265320832058,0.001107639007670092,1.6631491302518662
5067,SLC6A1 (OMIM:616421),53,7116.125608366446,5.16409695817594,8.569320756609422,0.0034922786563244108,1.7305537567874363
5068,SLC6A17 (OMIM:616269),75,13134.161831502657,4.733031290631589,8.568069512451574,0.0012599449808452711,1.500265577149912
5069,SLC6A19 (OMIM:234500),71,12121.534989741707,4.877881283598272,8.828238455734567,0.00018869251796236437,1.4781048363955958
5070,SLC6A2 (OMIM:604715),11,183.27467948570634,3.3322668997401155,5.611395235579781,0.7400213448202568,1.0803565504159165
5071,SLC6A3 (OMIM:613135),62,9764.71644470502,5.163784476311486,8.62047673317005,0.0004634687819836333,1.6715364258978962
5072,SLC6A5 (OMIM:614618),44,4586.584517936595,4.8483980105038,9.099647211117562,0.1470979436354091,1.6091059646411412
5073,SLC6A6 (OMIM:145350),51,6245.621086615514,4.898526342443541,8.22295862759593,0.0001917344771909692,1.5467267771819548
5074,SLC6A8 (OMIM:300352),160,66700.74917380052,5.243769589135261,9.126221757608684,2.000000165480742e-10,1.4897253635738101
5075,SLC6A9 (OMIM:617301),143,48534.7853858964,4.780339346586861,8.570466191932853,0.0002486465088485564,1.4079152775963015
5076,SLC7A14 (OMIM:615725),19,768.1230722389118,4.49194779087083,7.981024797845407,0.00015500775417016222,1.6080816212235773
5077,SLC7A6OS (OMIM:619191),38,3381.3530295023756,4.8098905113831805,8.540667695729933,0.04582841245223828,1.585467382233673
5078,SLC7A7 (OMIM:222700),128,41023.77977675976,5.047217000093474,9.096952627994817,0.0001339273823782835,1.569716766738506
5079,SLC9A1 (OMIM:616291),69,12043.639805469094,5.133691306679069,8.645346748618408,0.001107639007670092,1.5130167065247953
5080,SLC9A3 (OMIM:616868),32,2599.3643501087618,5.240653931670891,8.947463231895005,0.00017851427268566979,1.7980447798680563
5081,SLC9A6 (OMIM:300243),144,52809.94063279648,5.129170613130971,8.926648402318554,2.000000165480742e-10,1.505341249767867
5082,SLC9A7 (OMIM:301024),109,30358.618174602103,5.157767273972494,8.98379483675193,0.0005974451415905798,1.5517585469767388
5083,SLCO2A1 (OMIM:167100),50,5597.58510855713,4.569457231475209,8.327590978651195,0.3400764864707642,1.4677886700106388
5084,SLCO2A1 (OMIM:614441),37,3115.2326636996,4.677526522071472,8.579789091855613,0.3400764864707642,1.5824275532463181
5085,SLF2 (OMIM:620184),133,42621.03344776419,4.855437850052881,8.646226197168719,0.021118882200204435,1.435677649363548
5086,SLFN14 (OMIM:616913),27,1574.9389021248355,4.487005419159075,8.813477539694276,0.021118882200204435,1.6422008237746126
5087,SLITRK1 (OMIM:613229),13,266.89212812212975,3.4216939502837147,6.986629373156752,0.7789917900666478,1.3018340914551965
5088,SLITRK2 (OMIM:301107),83,16698.54621199316,4.9070074087549695,8.574468905653335,0.017078697462184662,1.4491815738464011
5089,SLITRK6 (OMIM:221200),12,309.5311827000446,4.68986640454613,8.810767335931924,0.00014468862235090667,2.0781865681966543
5090,SLURP1 (OMIM:248300),34,2639.94599859646,4.70578609375483,8.073160377806456,0.00261366953555422,1.589308208333563
5091,SLX4 (OMIM:613951),102,24551.37521118214,4.766331821235127,9.331465277289409,5.822618850128371e-05,1.514586008463924
5092,SMAD2 (OMIM:619656),149,56095.734055756664,5.087586981294818,9.113551114493088,0.0009466132864818706,1.5355090007869496
5093,SMAD2 (OMIM:619657),110,29515.867079018622,4.923414024857151,8.562112984443628,0.00015343317411067644,1.3665193258306672
5094,SMAD3 (OMIM:613795),243,159804.08056030338,5.4349583566405935,9.080881177665592,0.00012113826840601775,1.5084088705428245
5095,SMAD4 (OMIM:139210),264,179258.17545182706,5.163560763101367,8.995747773179575,0.00018869251796236437,1.4297590919705476
5096,SMAD4 (OMIM:175050),65,10225.114771619756,4.915920563278728,9.042299821770786,0.0011071255630869296,1.7083812440007577
5097,SMAD6 (OMIM:179300),27,1241.9744999635589,3.538388888785068,7.533015294932661,0.3412569820419564,1.370998680569262
5098,SMAD6 (OMIM:614823),39,3980.2110572476577,5.371404935556893,8.751653999604216,0.00012113826840601775,1.9421855410289135
5099,SMAD6 (OMIM:617439),23,1003.4716180481332,3.966290980427404,6.622354926391283,0.7154510495873228,1.0744623216622353
5100,SMAD7 (OMIM:612229),13,250.141852530207,3.206946827310346,6.00768504534997,0.36940524006644593,1.3240284782476224
5101,SMAD9 (OMIM:615342),13,343.66387196793477,4.405947076511985,7.728022060991448,0.7753024549580086,1.6366378264810075
5102,SMARCA2 (OMIM:601358),216,116485.38375987353,5.0165970611487305,8.996978643317815,0.00015294580467822567,1.395743847130398
5103,SMARCA2 (OMIM:619293),227,132490.85833396233,5.165134237806024,9.013265320832058,2.000000165480742e-10,1.4370116124954777
5104,SMARCA4 (OMIM:613325),12,210.2687607012717,3.185890313655632,5.152247665097817,0.36055313953333146,1.149122884392467
5105,SMARCA4 (OMIM:614609),177,76416.0593608325,4.906013056037012,8.767125163729375,2.000000165480742e-10,1.3697155671588814
5106,SMARCAD1 (OMIM:129200),62,9343.923397364899,4.941260389933844,8.852430684376717,0.00017189252005425464,1.5821540709097852
5107,SMARCAD1 (OMIM:136000),24,1105.2833268692998,4.004649735033695,8.521963393605347,0.004969536178442055,1.5397888165015015
5108,SMARCAD1 (OMIM:181600),31,2289.1086968980767,4.922814401931348,8.734463754830626,0.00010349237996709834,1.8708441451521436
5109,SMARCAL1 (OMIM:242900),210,112725.32956595247,5.136720417678399,9.136051835507425,0.00036767347151116914,1.4738624909694618
5110,SMARCB1 (OMIM:162091),21,953.5977105288196,4.540941478708665,8.394034192794885,0.4429276318197629,1.534189002513782
5111,SMARCB1 (OMIM:609322),11,174.1000752807406,3.165455914195284,5.505065630395417,0.6599021240728848,1.0801726892358132
5112,SMARCB1 (OMIM:614608),144,51372.56399083123,4.989565267174751,8.934854006997885,2.000000165480742e-10,1.3966575257888874
5113,SMARCC1 (OMIM:620241),10,168.2423801379901,3.738719558622002,7.038137843930537,0.0001046308894784056,1.5794235291938548
5114,SMARCC2 (OMIM:618362),107,26300.19350805645,4.637664169997611,8.459123686963226,0.01234268101192586,1.3556725003486985
5115,SMARCD1 (OMIM:618779),89,18840.40963733215,4.811136271024553,8.647298120288616,0.00015294580467822567,1.4286892404764675
5116,SMARCD2 (OMIM:617475),113,30118.1122739286,4.759499411177086,8.964000283603562,0.0019587674577635403,1.4412999606144856
5117,SMARCE1 (OMIM:616938),124,36865.782378409844,4.83422270894438,8.823051689439495,2.000000165480742e-10,1.4401864830798496
5118,SMC1A (OMIM:300590),122,34483.86921254329,4.6719779450675105,8.699462459514875,0.0025134926637532876,1.4120524242135697
5119,SMC1A (OMIM:301044),203,107129.6135332501,5.225070162086041,8.865866017024482,0.0001018499913121344,1.4319656617586736
5120,SMC3 (OMIM:610759),216,121684.70751066609,5.240512812690185,8.843456652150403,0.00040364886229316726,1.4317384894773464
5121,SMC5 (OMIM:620185),170,69966.296198928,4.870608854780926,9.23152808372723,0.003213598646000667,1.4433383421687922
5122,SMCHD1 (OMIM:158901),31,2060.0379308879387,4.430189098683739,8.959475704528458,0.0004934974766849004,1.7581922520919089
5123,SMCHD1 (OMIM:603457),117,34903.603406729955,5.143472355839958,8.915976347980852,0.00039473045797108687,1.4179963683222572
5124,SMG8 (OMIM:619268),136,42659.940605399606,4.647052353529369,8.77578727585383,0.0009189324407240284,1.307698615134021
5125,SMG9 (OMIM:616920),147,51783.25088063946,4.8255755177187085,8.839936367156065,2.000000165480742e-10,1.3390701786988908
5126,SMG9 (OMIM:619995),119,33869.54978948945,4.824035007760925,8.782988978398427,0.0011901076561597205,1.4802567371114819
5127,SMN1 (OMIM:253300),57,7595.8783879569055,4.7593222982186125,9.360457459791052,0.003986896984321227,1.5310476471079448
5128,SMN1 (OMIM:253550),45,4541.0101632193,4.586878952746767,8.777508430688362,0.001714411138164288,1.6629241982808027
5129,SMN1 (OMIM:271150),50,6242.113385969227,5.095602764056512,8.813956128334846,0.001714411138164288,1.7840201118908792
5130,SMO (OMIM:241800),148,54215.69270818216,4.983976163649767,8.925790610049349,2.000000165480742e-10,1.374704783245825
5131,SMO (OMIM:601707),137,47743.08237939611,5.124847829475752,9.4294098559406,2.000000165480742e-10,1.5014895801348038
5132,SMOC1 (OMIM:206920),189,90193.88342058094,5.076769302070299,9.107138567489411,0.00017189252005425464,1.4272184309703853
5133,SMOC2 (OMIM:125400),27,1395.9180935527652,3.9769746255064535,7.391905300749851,0.0022945206193812403,1.4541212829035044
5134,SMPD1 (OMIM:257200),135,45567.04470385913,5.037815887657173,8.838002688452884,0.00019109498643675617,1.5084039261618105
5135,SMPD1 (OMIM:607616),80,15174.45418481519,4.80204246354911,8.836154719480996,0.000151751107741131,1.5513385474348076
5136,SMPD4 (OMIM:618622),146,50750.65289766762,4.794582229349799,9.110652810498433,0.00016194096168394945,1.424420750179568
5137,SMPX (OMIM:300066),8,88.05931979278068,3.1449757068850244,4.668350980941391,0.007663143125940271,1.4014795047623292
5138,SMPX (OMIM:301075),52,6389.96036773722,4.818974636302579,9.200049140906955,0.1516386957418106,1.7440708047749183
5139,SMS (OMIM:309583),150,57360.6711911513,5.13294596788826,8.93896657185219,0.00014468862235090667,1.5069970377417465
5140,SNAP25 (OMIM:616330),54,7129.209415101523,4.981977229281288,8.835565304113537,0.001107639007670092,1.4767638179413798
5141,SNAP29 (OMIM:609528),110,29259.385617966553,4.880631462546548,8.755342747970113,2.000000165480742e-10,1.4704575626366747
5142,SNAPC4 (OMIM:620515),63,9084.465224879354,4.651543893947442,8.131398991203039,0.0001469875513899424,1.429242594711642
5143,SNCA (OMIM:168601),67,11496.923758976127,5.1998750605952635,8.725356263937227,0.00022130642903701804,1.5551917835306917
5144,SNCA (OMIM:605543),36,2959.5589439003647,4.6977126093656585,8.323577803219441,0.00022130642903701804,1.5134745577362525
5145,SNF8 (OMIM:620783),70,12025.459855130935,4.979486482455874,8.585121287077502,0.00045198453520349144,1.457493928311093
5146,SNF8 (OMIM:620784),85,18010.29746737476,5.044901251365479,8.72778131173998,7.104736562826131e-05,1.4163036169199545
5147,SNIP1 (OMIM:614501),138,45016.39674591001,4.762128080599811,9.324985534111313,0.0001018499913121344,1.4445617574100307
5148,SNRNP200 (OMIM:610359),24,1274.7194451742716,4.618548714399535,7.906962867292998,0.00015500775417016222,1.5400286031836432
5149,SNRPB (OMIM:117650),191,89511.03908638051,4.933096670508708,9.065929352427112,0.00017796557473134708,1.4901135319565526
5150,SNRPE (OMIM:615059),17,484.38916985652634,3.561685072474458,6.860810567271029,0.4599125008099457,1.2827513864196705
5151,SNRPN (OMIM:209850),31,2108.760854026217,4.534969578551005,8.35151082614376,0.0005689965370294645,1.5891927763369271
5152,SNTA1 (OMIM:612955),13,393.328782651695,5.042676700662756,8.533454444257114,0.0001928074247934363,2.3152983428919827
5153,SNX10 (OMIM:615085),68,10222.676913992578,4.487566687441869,8.836353193599482,0.021118882200204435,1.501950116566898
5154,SNX14 (OMIM:616354),163,66297.14149374966,5.0213694988828035,8.789156748701284,0.00015304849304319395,1.4577784078749343
5155,SOBP (OMIM:613671),59,8548.782909182419,4.99636639928838,8.520400123646718,0.00018869251796236437,1.5228709125885491
5156,SOCS1 (OMIM:619375),80,14975.264512607599,4.739007757154304,9.066651572596335,0.0028393243496576334,1.5531736585051854
5157,SOD1 (OMIM:618598),70,12111.356837166757,5.01505459095932,8.602738461279406,0.0002486465088485564,1.6180821873023776
5158,SOHLH1 (OMIM:617690),27,1558.9804606998941,4.441539774073773,7.922971865440854,0.0002603386054333028,1.5992809422362058
5159,SOHLH1 (OMIM:618115),17,655.0124104154752,4.8162677236432,7.385513773025625,0.000803149581822378,1.9426837938738268
5160,SON (OMIM:617140),234,139116.29605299066,5.103125199111942,8.920555108316114,0.00012113826840601775,1.4095107694375282
5161,SORD (OMIM:618912),46,5194.179139671218,5.018530569730645,8.95042825407188,0.0006461379115094649,1.965435175896371
5162,SOS1 (OMIM:135300),24,1185.6448649503461,4.295814728080964,8.392788919899694,0.7126650421225125,1.503325979257422
5163,SOS1 (OMIM:610733),140,49327.815142787396,5.0696623990531755,9.097953981882675,0.0001473428281572063,1.450183040189424
5164,SOS2 (OMIM:616559),78,14002.6285150061,4.6628799583769895,8.65134659966836,0.0005937179460107278,1.4360339164108946
5165,SOST (OMIM:122860),80,15650.43936264328,4.952670684380784,9.136069127296036,0.00026707772230500043,1.6713183524891417
5166,SOST (OMIM:269500),122,36683.9177085531,4.970047108596816,9.068666738801173,0.00017189252005425464,1.5658505839081704
5167,SOX10 (OMIM:609136),181,88222.10005041501,5.415721304506754,9.076880819459031,0.000250477181811305,1.4901983469226483
5168,SOX10 (OMIM:611584),75,13448.464239443161,4.846293419619157,8.70455430673233,0.15387084586234145,1.3936062202696975
5169,SOX10 (OMIM:613266),61,8679.463795355774,4.742876390904795,8.615368735214041,0.000730948205510499,1.4343452687445564
5170,SOX11 (OMIM:615866),120,36164.377526825025,5.0650388693032244,9.039740575832663,0.0002603386054333028,1.5075011787450803
5171,SOX17 (OMIM:613674),33,2565.179475089247,4.8582944603963005,8.552763278981276,0.0001473428281572063,1.6929611862453053
5172,SOX18 (OMIM:137940),106,25979.44525325691,4.668363926910495,8.977415385035984,2.000000165480742e-10,1.463208648357577
5173,SOX18 (OMIM:607823),61,8241.759467727874,4.503693698211953,8.872721502743445,0.004469792754054722,1.442476963921351
5174,SOX3 (OMIM:300123),27,1691.500972608223,4.819091090051917,8.473851358872745,0.006897913965728082,1.731581905172622
5175,SOX3 (OMIM:312000),14,371.22414829547694,4.079386245005241,7.592993940422192,0.4039031520116986,1.6140591508773616
5176,SOX4 (OMIM:618506),116,32672.623548012787,4.898444310046894,8.6367660372416,0.00015294580467822567,1.5064940184657027
5177,SOX5 (OMIM:616803),89,18008.545639479555,4.598709305280785,8.795029463371854,0.0002486465088485564,1.3949848422303737
5178,SOX6 (OMIM:618971),142,52697.26075507143,5.2639357461863385,9.205307411622185,0.00020730474885900254,1.5802844691668523
5179,SOX9 (OMIM:114290),287,215321.94841261266,5.246508331001015,9.013265320832058,7.104736562826131e-05,1.4371461528825733
5180,SP110 (OMIM:235550),38,3008.303903523627,4.279237416107578,8.50424711147364,8.946248855872717e-05,1.4935300694206246
5181,SP6 (OMIM:620104),17,498.0279931877209,3.6619705381450065,7.0044179549823555,0.0019587674577635403,1.5879747977196503
5182,SP7 (OMIM:613849),97,22771.184325756578,4.89071828302332,8.855625929658318,0.00017798301115767696,1.5421203829164112
5183,SPACA1 (OMIM:620490),20,1035.6386427639459,5.45072969875761,8.566164424851095,0.00028805987474338717,2.086865159903748
5184,SPAG1 (OMIM:615505),45,4629.374194417378,4.676135549916544,8.949630983132362,0.008276553627116864,1.6865832341272655
5185,SPAG17 (OMIM:619380),13,365.8601055154588,4.690514173275113,7.2755580704934015,0.000803149581822378,2.2448074519922114
5186,SPARC (OMIM:616507),108,25790.500725834798,4.463568834516233,8.953095988975758,0.0011193901156878417,1.4479085423120708
5187,SPART (OMIM:275900),150,61101.6845676401,5.467712265560635,9.05705810300091,0.00010628559088546006,1.5559702855751532
5188,SPAST (OMIM:182601),78,16173.538081045153,5.385793566781603,8.841087779569449,0.0010221449047190993,1.660184559460618
5189,SPATA16 (OMIM:102530),13,397.76751438967955,5.099583517816405,8.566164424851095,0.000803149581822378,2.4157312877975605
5190,SPATA7 (OMIM:604232),12,330.21401853344116,5.003242705052139,8.437531608118437,1.4812029161823268,1.6950417927278794
5191,SPECC1L (OMIM:145420),138,44637.52852802738,4.722048929231713,8.632528733388174,0.0002901132539534321,1.3086568413112345
5192,SPECC1L (OMIM:600251),37,3076.6732109812033,4.619629445917723,8.822869115005792,0.023578492427463345,1.6072618383030561
5193,SPEF2 (OMIM:618751),20,1020.9685938404153,5.373518914949554,8.566164424851095,0.00015695191484500195,2.2415718013246986
5194,SPEG (OMIM:615959),90,18229.688126057965,4.55173236605692,8.531555559728073,0.0024505065415623057,1.4871899477442734
5195,SPEN (OMIM:619312),189,93326.63537228113,5.253103420707032,9.05705810300091,0.00015294580467822567,1.4630948848601508
5196,SPG11 (OMIM:602099),54,6929.295479780163,4.842274968399835,9.068155677871566,0.0029392195486610383,1.585507847128045
5197,SPG11 (OMIM:604360),134,48944.75819652658,5.492622398891996,9.103160585816493,0.00015647741619848965,1.523074332524278
5198,SPG11 (OMIM:616668),90,20867.11564572743,5.210266078833316,9.300721765316627,0.0005149209235504193,1.7212182395901823
5199,SPG21 (OMIM:248900),84,17512.261703615877,5.023597734829569,8.8018347070366,0.00027164451947988156,1.4901869217691195
5200,SPG7 (OMIM:607259),128,45663.25156513962,5.618018155159894,9.039824646144355,0.0010221449047190993,1.594978649184629
5201,SPI1 (OMIM:619707),60,8643.350393173718,4.883248809702666,8.437207243537467,0.00010563534348670766,1.4903588630397877
5202,SPIDR (OMIM:619665),33,2540.596793387566,4.811736351112814,8.422070554097699,0.0002603386054333028,1.5882839942650695
5203,SPIN4 (OMIM:301114),68,10391.938263013402,4.5618692989523275,8.910044185249363,0.00016194096168394945,1.5223925488040246
5204,SPINK1 (OMIM:608189),31,2085.050106106728,4.483978722810168,8.555051411108112,0.0003277254209336634,1.6468891407474886
5205,SPINK2 (OMIM:618091),16,578.1579716528184,4.81798309710682,7.2755580704934015,0.000803149581822378,2.1823970212148995
5206,SPINK5 (OMIM:256500),101,25874.24730739176,5.123613328196388,9.16720829465161,0.00017851427268566979,1.5471019736532035
5207,SPINT2 (OMIM:270420),81,16437.3057116093,5.073242503583117,9.355741643290157,0.0022200588947906574,1.4926633557443245
5208,SPNS2 (OMIM:618457),7,67.17848022202988,3.198975248668089,4.662535130851787,0.3980917516456417,1.227516412457778
5209,SPOP (OMIM:618828),143,50680.23410193315,4.991651147634507,8.843456652150403,4.395661259112839e-05,1.4697008551776254
5210,SPOP (OMIM:618829),140,51555.73120237585,5.298636300346953,9.012187651905787,0.001107639007670092,1.5711604470969347
5211,SPPL2A (OMIM:619549),24,1089.581887133958,3.9477604606302825,6.766287651533922,0.08854697781472262,1.393079507198154
5212,SPR (OMIM:612716),80,15136.256977796187,4.78995473980892,9.016656293364266,0.0003624850944622661,1.5259210715944285
5213,SPRED1 (OMIM:611431),103,24960.993647239564,4.751759689175626,8.642394781778524,5.242916722816017e-05,1.402056333931603
5214,SPRED2 (OMIM:619745),153,58251.09757020778,5.009554314603352,9.029290902299898,0.00012113826840601775,1.4397352753510455
5215,SPRTN (OMIM:616200),109,26413.211928580833,4.487463800302554,8.968128246648114,0.004843446003263489,1.4019937900768453
5216,SPRY2 (OMIM:616818),28,1676.9672813233567,4.4364213791623195,8.15920527809197,0.0007165373026079224,1.6121438380784305
5217,SPRY4 (OMIM:615266),28,1608.7665594108603,4.25599618891762,8.801503037796039,0.007263534526213137,1.7176109535221311
5218,SPTA1 (OMIM:130600),18,800.7698771498174,5.2337900467308325,8.590268377925964,0.00027322506373837166,2.080849193285102
5219,SPTA1 (OMIM:266140),11,277.2607227940147,5.041104050800268,8.502370819707918,0.0021098476762724154,2.3790961991110042
5220,SPTA1 (OMIM:270970),8,136.84817664170595,4.887434880060927,8.502370819707918,0.36164554521337,2.0481946407693807
5221,SPTAN1 (OMIM:613477),75,14024.365943809325,5.053825565336694,8.915862472076086,0.0001663034595149971,1.558312051578627
5222,SPTAN1 (OMIM:620528),142,55450.88002669045,5.53899510805019,9.206790414946434,0.0002506308815066901,1.6595556070146609
5223,SPTAN1 (OMIM:620538),96,23813.636231579225,5.222288647276145,9.047759241773116,0.0010221449047190993,1.5810849728541336
5224,SPTAN1 (OMIM:620540),102,28158.012312266343,5.466513747285254,9.039824646144355,0.0015682711898302283,1.5630445238043646
5225,SPTB (OMIM:616649),37,3265.913270226692,4.903773679019057,9.10780402719919,0.00027414783043571854,1.7894370070554406
5226,SPTB (OMIM:617948),18,828.6603394524279,5.416080650015869,8.847372010061784,0.0002754459857260643,1.9480616623325773
5227,SPTBN1 (OMIM:619475),443,550486.0284890232,5.622769766902171,9.360985230622335,5.382657161057762e-05,1.4393750988783351
5228,SPTBN2 (OMIM:600224),81,16713.62460259524,5.158526111912111,8.488410350616487,0.0011901076561597205,1.587144355582217
5229,SPTBN2 (OMIM:615386),53,7030.267978638806,5.101790985949787,8.369548152101572,0.0006846906295529453,1.5191231340266165
5230,SPTBN4 (OMIM:617519),155,62803.83408375202,5.262156186321913,8.989675600588276,9.309337643604373e-06,1.5625374395835228
5231,SPTLC1 (OMIM:162400),82,17681.687072123896,5.324205682663022,8.948259294542318,0.0004212711331304956,1.681448002888534
5232,SPTLC1 (OMIM:620285),80,16002.183809343735,5.0639822181467515,9.21315399138524,0.0006888527898926093,1.6964429190869024
5233,SPTLC2 (OMIM:613640),61,10039.807342540002,5.486233520513662,9.232397577954249,0.0006461379115094649,1.8878644482142417
5234,SPTSSA (OMIM:620416),82,17115.117740893547,5.1536036557945035,8.755342747970113,0.00026741715183565954,1.485495692388472
5235,SPTSSA (OMIM:620417),75,13873.709283117556,4.999534876799119,8.810625430682554,0.00026741715183565954,1.5215870077755873
5236,SQOR (OMIM:619221),24,1542.9073144323088,5.590243892870684,8.71324341952087,0.0011777486855865352,1.9457580011671378
5237,SQSTM1 (OMIM:167250),37,2845.382654809677,4.272346328543059,8.835072507500938,0.5457262656805925,1.7763248446769377
5238,SQSTM1 (OMIM:616437),60,8316.800848124778,4.698757541313434,9.022650362035247,0.0029392195486610383,1.4306341252995354
5239,SQSTM1 (OMIM:617145),63,10551.578788205887,5.402754115824827,8.870824933538493,0.04404472892606272,1.5301173730680948
5240,SQSTM1 (OMIM:617158),49,5476.217154367108,4.656647240108085,8.916363978255017,0.007685462794386302,1.701753925574204
5241,SRC (OMIM:616937),28,1832.478758728503,4.847827404043659,9.031070097836698,0.0001276219908651585,1.8141424665417474
5242,SRCAP (OMIM:136140),255,169100.31293149857,5.221562851057544,9.576610568278216,0.0001473428281572063,1.4189154368992696
5243,SRCAP (OMIM:619595),99,23342.57083289603,4.811909056461767,8.520400123646718,0.00015294580467822567,1.4063075742132123
5244,SRD5A2 (OMIM:264600),28,1657.981976330659,4.386195704578463,7.446468059930315,0.0005903795431060517,1.5143917495612025
5245,SRD5A3 (OMIM:612379),122,36464.54828389257,4.940326281519112,8.800379706419774,0.15492920798274556,1.4833405921637681
5246,SRD5A3 (OMIM:612713),67,9676.891619951522,4.376703582067627,8.619801437336516,0.0012599449808452711,1.4654130298320498
5247,SREBF1 (OMIM:158310),137,47609.08383027752,5.110464129484492,9.102817279819584,0.0001389659282769288,1.4940199503961475
5248,SREBF1 (OMIM:619016),63,8962.110706909702,4.588894371177522,8.815561779292091,0.0002557767703977934,1.5756100462294216
5249,SRP54 (OMIM:618752),53,6934.266577709586,5.032123786436565,8.618667240960942,6.377830462530904e-05,1.6473231043293513
5250,SRP68 (OMIM:620534),32,2465.351982633235,4.970467706921845,8.818599125837473,0.002111725681609599,1.6293537848889559
5251,SRP72 (OMIM:614675),17,686.9686874664337,5.051240349017895,8.942262843002734,0.0013984767725301699,2.218088652914335
5252,SRPX2 (OMIM:300643),20,822.142009140592,4.327063206003116,8.183700653076956,0.002325878090793215,1.8677248037030945
5253,SRRM2 (OMIM:620439),135,44850.410459026454,4.958586009842615,8.897573821460998,0.0006353231604271463,1.4406395979565225
5254,SRY (OMIM:400044),30,1956.5768034897467,4.497877709171831,8.92113713462835,0.0013598250934187413,1.6048905109638634
5255,SRY (OMIM:400045),37,3225.1060779642103,4.842501618564881,8.472442023271997,0.0008475837757091821,1.4916155062022443
5256,SSBP1 (OMIM:165510),20,788.2596356471006,4.148734924458425,7.528373322707742,0.7609453784098479,1.3309780630993253
5257,SSR4 (OMIM:300934),107,26920.05853992863,4.7469685311106735,8.811903386874734,0.00015294580467822567,1.4420180937234472
5258,SSX1 (OMIM:301099),21,1122.7841199851482,5.3465910475483245,8.566164424851095,8.084441465612328e-05,2.289980250066336
5259,SSX2 (OMIM:300813),5,25.294884196541936,2.529488419654194,3.3182986108826436,0.7126650421225125,0.7260717649899849
5260,ST14 (OMIM:602400),56,7054.794248570206,4.58103522634429,8.911410240251124,0.0029555588328317216,1.5478037373314661
5261,ST3GAL3 (OMIM:611090),6,48.20798542487188,3.213865694991459,6.178273359453001,1.046009439364104,1.42533190141173
5262,ST3GAL3 (OMIM:615006),45,5570.4009707382065,5.62666764721031,8.915862472076086,0.0001018499913121344,1.809926121602482
5263,ST3GAL5 (OMIM:609056),105,28232.84289650654,5.17085034734552,9.13377693324734,0.00037868868455093207,1.5048044657750248
5264,STAB1 (OMIM:620729),15,518.2969998048817,4.936161902903635,8.472438893983913,0.000334057395126325,1.728974742189391
5265,STAC3 (OMIM:255995),134,44679.84401661203,5.014010101740773,8.843456652150403,0.00020062741195619893,1.5067511655208128
5266,STAG1 (OMIM:617635),111,28615.648516723995,4.687247914287305,8.584890269936592,2.000000165480742e-10,1.3355878551292601
5267,STAG2 (OMIM:301022),173,77510.87071832352,5.209764129474628,9.022857578709173,0.001107639007670092,1.5028395319549026
5268,STAG2 (OMIM:301043),131,44825.11473912494,5.264253052157949,9.062552408228713,9.580292411870432e-05,1.4591242854471909
5269,STAG3 (OMIM:615723),30,2022.693055685866,4.649869093530727,7.922971865440854,0.00028646054160766263,1.720529976827475
5270,STAG3 (OMIM:619672),13,360.0192848341918,4.615631856848613,7.339821052931584,0.000803149581822378,2.2062082622839783
5271,STAMBP (OMIM:614261),161,65439.298340361296,5.080690864934883,8.973354788365825,0.0001018499913121344,1.4115639722762394
5272,STAR (OMIM:201710),25,1416.6597829603902,4.722199276534634,8.159123303372986,0.0015227812363162493,1.6986195285426853
5273,STARD7 (OMIM:607876),44,4943.763907282779,5.225966075351774,8.908085989829646,0.00031316906628275204,1.546464235574588
5274,STAT1 (OMIM:613796),11,220.03553256006026,4.00064604654655,7.882266497530008,0.00209953458614878,1.6881688043497471
5275,STAT1 (OMIM:614162),113,31861.886404283425,5.03506422318006,9.225547109489597,0.00017851427268566979,1.5338521865704062
5276,STAT1 (OMIM:614892),13,348.48618197300436,4.467771563756466,8.388860038044395,0.00010132141952076684,1.9489238729044103
5277,STAT2 (OMIM:616636),41,4057.4889071852467,4.948157203884447,8.478163803725298,0.011062529308141045,1.7253892905193242
5278,STAT2 (OMIM:618886),91,19725.646525766846,4.817007698599962,9.12351434404654,8.907799783192584e-05,1.5529184875295727
5279,STAT3 (OMIM:147060),158,66319.72255483427,5.347071075936005,9.21659306610414,0.0001339273823782835,1.5116613872776004
5280,STAT3 (OMIM:615952),110,30761.25379176844,5.131151591621091,9.066651572596335,6.377830462530904e-05,1.5843097258692906
5281,STAT4 (OMIM:620443),51,5601.233232336697,4.393124103793488,8.621590724379399,0.00010349237996709834,1.4922460480106352
5282,STAT5B (OMIM:245590),46,5147.082231057207,4.9730263102002,8.624096652366397,0.0010168815694995411,1.6314872048983864
5283,STAT5B (OMIM:618985),58,7204.165396753518,4.3582367796452015,8.639124599676105,0.0454015306599506,1.4548979746127582
5284,STAT6 (OMIM:620532),76,14117.251253712546,4.953421492530718,9.081014544656604,0.09051122362700281,1.4842481563877752
5285,STEAP3 (OMIM:615234),55,7293.156805787856,4.9112167042342465,9.004264940230842,0.11812255668057281,1.578058979844742
5286,STEEP1 (OMIM:301013),59,8182.926983333493,4.782540609779949,8.721614813342809,0.04582841245223828,1.5296747404221094
5287,STIL (OMIM:612703),46,4509.047813299934,4.356567935555492,8.232308486184055,0.00040364886229316726,1.4683338494940104
5288,STIM1 (OMIM:160565),72,12719.828366363392,4.976458672286147,9.113101004496583,9.309337643604373e-06,1.735097353669922
5289,STIM1 (OMIM:185070),91,20184.87988326961,4.929152596647035,9.292368103627012,0.0002506308815066901,1.643955800128581
5290,STIM1 (OMIM:612783),120,37313.0334428211,5.225915048014159,9.066651572596335,0.0019587674577635403,1.6174703166980826
5291,STING1 (OMIM:615934),111,31338.17920550336,5.133198887060337,9.226538891619565,0.0025513650643042398,1.6118997182941692
5292,STK11 (OMIM:175200),121,36578.962571350436,5.038424596604743,8.991125183796326,0.00022214785473814938,1.4536868547185104
5293,STK36 (OMIM:619436),48,5587.218777371048,4.953208135967241,8.847950109566542,0.01476700818374136,1.6913909781800707
5294,STK4 (OMIM:614868),104,27694.401777801097,5.170724753136874,8.904866254678021,4.9346129758286674e-05,1.5775145539770885
5295,STN1 (OMIM:617341),79,13929.589274046972,4.521126022086002,8.692737409858454,0.0001469875513899424,1.3961501164532524
5296,STRA6 (OMIM:601186),149,58302.980674965715,5.287772598854137,9.024630353796633,5.822618850128371e-05,1.4466867794813623
5297,STRADA (OMIM:611087),98,22934.92520507213,4.8253577119865625,9.100128228677132,0.00015294580467822567,1.4734187545185864
5298,STRC (OMIM:603720),7,67.17848022202988,3.198975248668089,4.662535130851787,0.3980917516456417,1.227516412457778
5299,STS (OMIM:308100),51,5898.1152494078615,4.625972744633617,8.353488430137004,0.0006982854539680614,1.4537642097528347
5300,STT3A (OMIM:615596),42,3725.9778886090653,4.327500451346185,8.385219701354963,0.0454015306599506,1.5077634020484283
5301,STT3A (OMIM:619714),109,26690.19013910293,4.534520920676679,8.742485678985322,0.0454015306599506,1.3234394110097931
5302,STT3B (OMIM:615597),77,13918.0235920106,4.756672451131442,8.63732282740059,0.0019071621965142454,1.4369470421352244
5303,STUB1 (OMIM:615768),66,10396.380553086758,4.846797460646507,8.407583471501884,0.06094421017610814,1.5039834020671687
5304,STUB1 (OMIM:618093),71,13289.77556245391,5.347998214267167,8.899284965990233,0.0004723577537714384,1.4443576841369437
5305,STX11 (OMIM:603552),93,20533.233862751706,4.799727410647898,8.768222802646338,0.00020121163705395478,1.4448863314681948
5306,STX1B (OMIM:616172),25,1476.1798521356354,4.9205995071187845,8.247877791073499,0.03818176809348242,1.809492199059638
5307,STX3 (OMIM:619445),38,3360.600760672013,4.780370925564742,8.399548531466795,0.00017851427268566979,1.7025664121903168
5308,STX3 (OMIM:619446),55,6536.085324963955,4.401404259234987,8.128844072817964,0.14196903139921568,1.3445674704795785
5309,STX4 (OMIM:620745),23,1168.5113884070724,4.618622088565504,8.392788919899694,0.2208074551888875,1.6517063833423493
5310,STX5 (OMIM:620454),113,31770.061361074033,5.0205533124326855,8.870272353659333,0.0001473428281572063,1.5219177845596117
5311,STXBP1 (OMIM:612164),80,17778.57048464143,5.626129900202984,8.915862472076086,0.0001018499913121344,1.7570874659390925
5312,STXBP2 (OMIM:613101),91,20210.29553180167,4.935359104225071,8.768222802646338,0.00786391043101448,1.522813466483387
5313,SUCLA2 (OMIM:612073),143,54148.62129401472,5.333263202404681,8.973354788365825,2.000000165480742e-10,1.5339192960966808
5314,SUCLG1 (OMIM:245400),92,21792.475168179808,5.206038023932109,8.945561178653508,0.00024330234796083214,1.5803453537905097
5315,SUFU (OMIM:617757),82,16213.566279740811,4.882133778904189,8.602400318048161,0.006897913965728082,1.4549290810483346
5316,SUFU (OMIM:620343),64,9389.981090691577,4.657728715620822,8.651052988227198,0.2208074551888875,1.4919287978264235
5317,SUGCT (OMIM:231690),30,2023.9827823393257,4.652833982389255,8.562216695952584,0.16283535681414846,1.5799918045158365
5318,SULT2B1 (OMIM:617571),20,892.5013584480643,4.697375570779285,8.347614497613902,0.001862257631737183,1.6781388744412309
5319,SUMF1 (OMIM:272200),139,45055.21126587255,4.697655225302111,9.576610568278216,0.00045035091388163147,1.3957001591581208
5320,SUMO1 (OMIM:613705),16,496.80921589951413,4.1400767991626175,7.843629787159485,0.1698472034295444,1.6126422272085121
5321,SUN5 (OMIM:617187),19,926.3633611453024,5.41732959734095,8.566164424851095,0.000803149581822378,2.144419148063624
5322,SUOX (OMIM:272300),138,48637.398852173385,5.14518130246201,8.908085989829646,0.00016212543135581012,1.4905045083443078
5323,SUPT16H (OMIM:619480),149,53744.14511601867,4.874310277164763,8.75456648832725,5.9439822204979764e-05,1.4562659951936343
5324,SURF1 (OMIM:616684),55,7567.60778535475,5.096032178690067,8.57581259816406,0.019538305154274842,1.606405191777961
5325,SUZ12 (OMIM:618786),105,25154.149310047596,4.60698705312227,8.969313948678833,0.00045198453520349144,1.4569903951797676
5326,SV2A (OMIM:620772),97,21999.216768404578,4.724917690808543,9.107138567489411,0.001362946333419783,1.4335101734862092
5327,SVBP (OMIM:618569),145,49721.02887084009,4.762550658126446,8.866308842507882,0.00017189252005425464,1.428338695320688
5328,SVIL (OMIM:619040),99,24336.142379103556,5.016726938590715,8.94439489864936,0.0005003767975596837,1.6584443773694584
5329,SYCE1 (OMIM:616947),19,731.4427556059942,4.277443015239732,8.10494172183539,0.0013598250934187413,1.542424058824495
5330,SYCE1 (OMIM:616950),18,754.3797448872668,4.930586567890633,8.557226359697278,0.000803149581822378,2.0739500224779395
5331,SYCP2 (OMIM:258150),13,369.0406076966909,4.7312898422652685,7.446727095251637,0.000803149581822378,2.1147396140636814
5332,SYCP3 (OMIM:270960),12,300.6866736103094,4.5558586910652945,7.2246585426890935,0.000803149581822378,2.1477792251853303
5333,SYK (OMIM:619381),189,95451.97698228652,5.372733140959502,9.306608858764946,0.00010563534348670766,1.5795319204934137
5334,SYN1 (OMIM:300115),7,72.73776370729938,3.4637030336809227,6.178273359453001,0.006897913965728082,1.6299528528272769
5335,SYN1 (OMIM:300491),27,1528.9633177089217,4.356020848173566,8.029147251942247,0.04614900387743423,1.546528712985777
5336,SYNE1 (OMIM:610743),74,13719.652152553484,5.079471363403734,8.879229495516284,0.0006846906295529453,1.4618470019668683
5337,SYNE1 (OMIM:612998),24,1255.6823863475604,4.549573863578117,8.63909233389679,0.46443555168908324,1.607430669238391
5338,SYNE1 (OMIM:618484),94,21251.668660775256,4.8619694945722385,8.494676603724168,0.00020062741195619893,1.529017030768729
5339,SYNE2 (OMIM:612999),34,2481.2298996266854,4.422869696304252,8.63909233389679,0.46443555168908324,1.5125559526203787
5340,SYNE4 (OMIM:615540),9,110.19939552136343,3.061094320037873,4.723785436329275,0.0025707430151976655,1.5162221479066724
5341,SYNGAP1 (OMIM:612621),70,12136.450723512915,5.025445434166839,8.915644428508728,0.0011342589495837805,1.6040260721512567
5342,SYNJ1 (OMIM:615530),66,10322.229372769038,4.812228145813071,8.900059761676827,0.0023488680253067424,1.541347890498855
5343,SYNJ1 (OMIM:617389),70,12600.381222170849,5.217549160319192,8.915862472076086,0.0005412573883512041,1.6599575281983134
5344,SYP (OMIM:300802),7,71.58736326203179,3.4089220600967516,6.582045185161363,1.046009439364104,1.4357285092672496
5345,SYT1 (OMIM:618218),91,20504.193957149408,5.007129171465057,8.574468905653335,0.00037868868455093207,1.4806959255014756
5346,SYT14 (OMIM:614229),43,4474.956141688675,4.955654641958666,8.190454681701826,0.002871150469870118,1.5976661145719893
5347,SYT2 (OMIM:616040),50,6536.89074905257,5.336237346165363,9.072852201496532,0.00031792342844160594,1.7118248918405778
5348,SYT2 (OMIM:619461),142,51051.157549768934,5.0995062980490395,9.154622318330999,0.0001327613358585333,1.4989702308880926
5349,SZT2 (OMIM:615476),68,11028.909181824754,4.841487788333957,8.734375283829017,0.00011853325674116622,1.5714342121633365
5350,TAB2 (OMIM:614980),44,4843.641983915274,5.120128947056315,8.627109650497102,0.00012113826840601775,1.5596640090726226
5351,TAC3 (OMIM:614839),30,2194.2275287397406,5.044201215493657,8.773554522770949,0.0013598250934187413,1.8996851484401984
5352,TACO1 (OMIM:619052),57,7547.6667512857675,4.72911450581815,8.109653930835043,0.00022788042459846833,1.4394601325612777
5353,TACR3 (OMIM:614840),27,1754.9123923486943,4.999750405551835,8.699631570685783,0.00045166719225580687,1.9812293672949488
5354,TACSTD2 (OMIM:204870),18,686.2391600913419,4.485223268570862,8.168073796757856,0.7609453784098479,1.6952319526680102
5355,TAF1 (OMIM:300966),224,132849.18398363897,5.319073670068825,8.972676003191545,0.00011424600553125569,1.4423697471345072
5356,TAF1 (OMIM:314250),14,418.0019523536809,4.5934280478426475,8.133326524540859,0.000762189151311748,1.9499275176007618
5357,TAF13 (OMIM:617432),33,2278.5538145966,4.315442830675379,8.654536897737177,0.006897913965728082,1.5591607722882888
5358,TAF2 (OMIM:615599),79,14348.167531729776,4.656983944086263,8.666360412000444,0.002034046398408494,1.423387017949893
5359,TAF4 (OMIM:620450),284,216292.0129983834,5.382272756641203,9.013265320832058,0.00016194096168394945,1.4682922975744714
5360,TAF4B (OMIM:615841),26,1559.9998534845888,4.79999954918335,8.557226359697278,0.000803149581822378,1.808757958957914
5361,TAF6 (OMIM:617126),101,22496.519309800966,4.454756298970488,8.374135884458743,0.002093790532653398,1.2889609448540653
5362,TAF8 (OMIM:619972),63,9145.488705394555,4.682789915716618,8.789156748701284,0.0001018499913121344,1.534618252438722
5363,TAFAZZIN (OMIM:302060),128,42840.65575623005,5.270749970008619,9.212302466567023,0.0002615512942008121,1.6179603370629565
5364,TALDO1 (OMIM:606003),111,30245.706531427768,4.954251684099552,9.018628260155245,0.00015294580467822567,1.5032299317117321
5365,TAMM41 (OMIM:620139),61,9091.988380249724,4.968299661338647,8.70910413419511,0.00035005354757042197,1.5572542357436598
5366,TANC2 (OMIM:618906),86,17667.788571075514,4.833868282100004,8.51485323471509,0.011607258236768704,1.45451790932283
5367,TANGO2 (OMIM:616878),167,78288.51938147051,5.648114810004365,8.827450636843592,0.0001928074247934363,1.556058666463173
5368,TAOK1 (OMIM:619575),189,91815.2358054796,5.168030834486075,9.08184982722414,2.000000165480742e-10,1.4633831149691943
5369,TAPT1 (OMIM:616897),186,81464.20722066019,4.734914688791641,8.698780927701703,0.0001473428281572063,1.3491697312186561
5370,TARDBP (OMIM:612069),58,7750.040329261945,4.688469648676313,8.635548208043392,0.0029392195486610383,1.41535041781949
5371,TARS1 (OMIM:618546),16,531.8086681647341,4.431738901372784,8.092448222502933,0.001862257631737183,1.7371681090219144
5372,TARS2 (OMIM:615918),57,6989.533962917617,4.37940724493585,8.725635341483907,0.019538305154274842,1.479909775806271
5373,TASP1 (OMIM:618950),176,76409.36851784447,4.961647306353537,8.939945598133225,0.0001473428281572063,1.404923153629213
5374,TAT (OMIM:276600),28,1549.5481383624754,4.099333699371628,8.158872464657412,0.0016016313496482178,1.3649011281878607
5375,TBC1D20 (OMIM:615663),155,63416.15896778631,5.3134611619427154,8.928031774842259,0.00017449449899708947,1.4506441103335637
5376,TBC1D23 (OMIM:617695),141,50351.38421165824,5.101457366935992,8.795029463371854,2.000000165480742e-10,1.4369392669301146
5377,TBC1D24 (OMIM:220500),190,93028.77549605165,5.1812183512142385,8.94152655413711,2.000000165480742e-10,1.4455022028827227
5378,TBC1D24 (OMIM:605021),33,2889.598419318386,5.472724279012095,8.917978844599768,0.025418230699425857,1.8391557727790948
5379,TBC1D24 (OMIM:608105),39,4021.5818995999616,5.4272360318488015,8.540667695729933,0.00038324837629724227,1.7495643315094738
5380,TBC1D24 (OMIM:614617),5,36.198003799098124,3.6198003799098126,4.662535130851787,1.0324879018887914,1.0353674212367496
5381,TBC1D24 (OMIM:615338),64,9922.697031249882,4.9219727337549015,9.060746890807224,0.0454015306599506,1.5679234239009754
5382,TBC1D24 (OMIM:616044),8,114.70530398936731,4.096617999620261,7.86552714560394,0.4001991423628643,1.8804291122019319
5383,TBC1D2B (OMIM:619323),100,23079.13472022028,4.66245145863036,8.434144981225918,0.006897913965728082,1.4324525729723316
5384,TBC1D7 (OMIM:248000),111,30804.772594560724,5.0458267968158435,8.858841843383727,0.00018869251796236437,1.4842063039608069
5385,TBC1D8B (OMIM:301028),23,1146.2439531196383,4.530608510354301,8.083639940233253,0.0007165373026079224,1.7457907482840826
5386,TBCD (OMIM:617193),182,87703.59138131373,5.324727787099371,9.115016436983657,0.0007031720066138041,1.4974468034891744
5387,TBCE (OMIM:241410),134,42758.90000885883,4.798440131170332,8.928031774842259,8.056775098936292e-05,1.5294334362477793
5388,TBCE (OMIM:244460),81,14053.882923054087,4.337618186127805,8.814282888046584,8.056775098936292e-05,1.5359868733723978
5389,TBCE (OMIM:617207),77,14426.166809376,4.930337255425838,8.82247903241791,0.009198308701206151,1.444043554809833
5390,TBCK (OMIM:616900),134,42760.500518950575,4.798619741774276,8.585121287077502,4.395661259112839e-05,1.3963305086427136
5391,TBK1 (OMIM:616439),60,8316.800848124778,4.698757541313434,9.022650362035247,0.0029392195486610383,1.4306341252995354
5392,TBK1 (OMIM:617900),30,2210.445233043943,5.081483294353892,8.224411306505695,0.00209953458614878,1.6690834055674135
5393,TBL1X (OMIM:301033),52,6322.054401296376,4.767763500223512,8.825567041161253,0.00011361266494711034,1.6164603482864859
5394,TBL1XR1 (OMIM:602342),164,66563.02773372353,4.980026016289356,8.843456652150403,2.000000165480742e-10,1.3974635918680567
5395,TBL1XR1 (OMIM:616944),43,4230.596028924515,4.685045436239773,8.652645665774674,0.0005412573883512041,1.57847336313906
5396,TBL1Y (OMIM:400047),7,67.17848022202988,3.198975248668089,4.662535130851787,0.3980917516456417,1.227516412457778
5397,TBP (OMIM:607136),95,24507.798207210835,5.488868579442516,8.984451304575341,0.00046514196955248867,1.490877380173824
5398,TBR1 (OMIM:606053),53,6685.904872066609,4.851890328059948,8.35151082614376,0.0005689965370294645,1.5101576705188533
5399,TBX1 (OMIM:188400),278,205803.02119813606,5.345116515547777,9.321638463352935,2.000000165480742e-10,1.4422140887504846
5400,TBX15 (OMIM:260660),208,111961.81443813234,5.2007531790288155,8.735233101942823,0.0001473428281572063,1.4355790890900293
5401,TBX18 (OMIM:143400),32,2521.9456645157534,5.084567872007567,8.778569672337238,0.0001473428281572063,1.7309646662923763
5402,TBX19 (OMIM:201400),37,2945.7117762557273,4.42299065503863,8.357733152561956,0.27836368617753093,1.4958283777923662
5403,TBX2 (OMIM:618223),180,80743.14711151895,5.01198926825071,9.026430874970412,7.104736562826131e-05,1.4965308330158424
5404,TBX20 (OMIM:611363),15,391.4040016981027,3.7276571590295497,7.429675727324129,0.473594995891922,1.5427571218866358
5405,TBX21 (OMIM:619630),19,713.4397444867227,4.172162248460367,7.87830894203768,0.2068602661757259,1.4468739248759575
5406,TBX22 (OMIM:302905),53,6305.436936039781,4.575788777967911,8.521618706375456,0.3412569820419564,1.3730366462392738
5407,TBX22 (OMIM:303400),14,366.97727391266733,4.032717295743597,7.513322345707042,0.7388212240972487,1.518160356628947
5408,TBX3 (OMIM:181450),171,76253.45185057959,5.246195517755734,9.266344308473162,0.0001657766422300117,1.5649893944464555
5409,TBX4 (OMIM:147891),71,11495.965512188694,4.626143063255007,8.250594107806686,0.0012035071238519705,1.485911948537073
5410,TBX4 (OMIM:601360),6,34.6136179097261,2.3075745273150736,3.9873513015049045,0.7154510495873228,0.8682954816221984
5411,TBX5 (OMIM:142900),294,248971.26754381318,5.780484956091412,9.831694806030598,7.393453312369341e-05,1.5329420661162487
5412,TBX6 (OMIM:122600),55,7288.744044033069,4.908245147497016,8.859873976883755,0.00036094220643242167,1.5715625572820382
5413,TBXA2R (OMIM:614009),26,1528.2853495742131,4.702416460228348,8.685879812179927,0.021118882200204435,1.755526399087407
5414,TBXAS1 (OMIM:231095),31,2463.6937025593675,5.298266027009392,8.912035220416813,0.0013984767725301699,1.9917309718365777
5415,TBXT (OMIM:615709),25,1269.9471502851313,4.2331571676171045,7.730120121093816,0.00031984864419684893,1.4936541247311779
5416,TCAP (OMIM:601954),47,5590.263284315639,5.171381391596336,9.190194003662649,0.0015990505493633342,1.9745225422881472
5417,TCAP (OMIM:607487),17,623.6410750107539,4.585596139784955,7.73349516317829,0.0016774853343257336,1.7911664288210807
5418,TCEAL1 (OMIM:301094),102,26252.420033816197,5.096567663330654,8.894872634603368,4.395661259112839e-05,1.5722278798841436
5419,TCF12 (OMIM:615314),82,15222.876473276385,4.583823087406318,8.287706042422752,5.9439822204979764e-05,1.4953061258526357
5420,TCF12 (OMIM:619718),89,20176.780735617333,5.152395489177051,8.773554522770949,0.0001213039522527137,1.5202685702333103
5421,TCF20 (OMIM:618430),131,43795.86655353804,5.143378338642166,8.897573821460998,2.000000165480742e-10,1.508292340157665
5422,TCF3 (OMIM:616941),22,1068.3531505965057,4.624905413837687,8.224078714405287,0.00010563534348670766,1.6598591625128578
5423,TCF3 (OMIM:619824),89,20163.546541845833,5.149015970849294,9.12807568360509,0.00010563534348670766,1.5767975011145945
5424,TCF4 (OMIM:610954),185,85426.82811574105,5.019202591994186,9.003542446415487,2.000000165480742e-10,1.4213978514497203
5425,TCF4 (OMIM:613267),14,407.26152605272205,4.475401385194748,8.105491742375728,0.0003797032882271751,1.8671065555916921
5426,TCHH (OMIM:617252),6,52.50927265679558,3.5006181771197054,5.350691257796713,0.0031111550003862197,1.8213583738613701
5427,TCIRG1 (OMIM:259700),132,41188.19094046551,4.763843504564598,9.126815669007158,0.0007145103008383936,1.5723233563002825
5428,TCN2 (OMIM:275350),89,20587.29921088273,5.257226560490993,9.133679514606659,0.006829839193248843,1.5715338089545172
5429,TCOF1 (OMIM:154500),123,37982.92131249976,5.062364562508298,8.814653792255434,0.00015294580467822567,1.3863800956486612
5430,TCTN1 (OMIM:614173),20,733.894998827916,3.8626052569890312,7.495390601073944,0.15660746171596746,1.6014837152038819
5431,TCTN2 (OMIM:613885),85,17010.28597472282,4.764785987317317,8.815361350241083,0.012680465249425172,1.4717048524310608
5432,TCTN2 (OMIM:616654),69,11495.384854424752,4.899993544085572,8.368136111089411,0.09459494695065138,1.4997729159926931
5433,TCTN3 (OMIM:258860),89,17672.14420947483,4.5128049564542465,8.44145183725695,0.09547380747933107,1.3884148247385515
5434,TCTN3 (OMIM:614815),111,28999.929425662987,4.7501931901167875,8.789156748701284,0.00022366396974664592,1.4152448047179456
5435,TDO2 (OMIM:600627),104,25727.868685763686,4.8035602475286945,8.810625430682554,0.0011342589495837805,1.506051463050584
5436,TDP1 (OMIM:607250),70,12383.05074596759,5.127557244707076,8.802038284270553,0.0006461379115094649,1.5441252710401852
5437,TDP2 (OMIM:616949),59,8015.802610950152,4.684864179398102,8.74872423624211,0.00038532815235779185,1.5572994564698668
5438,TDRD7 (OMIM:613887),6,43.793609628716716,2.919573975247781,4.054137999307631,0.7609453784098479,0.9804028881764562
5439,TDRD9 (OMIM:618110),21,1072.379551090813,5.1065692909086335,8.248384977511561,0.000803149581822378,1.938505735261612
5440,TEAD1 (OMIM:108985),18,654.8917050514772,4.280337941512923,8.068556642751231,2.000000165480742e-10,1.6919560167928493
5441,TECPR2 (OMIM:615031),106,27102.971974133718,4.87025552095844,8.908085989829646,0.0010221449047190993,1.4370138556807157
5442,TECR (OMIM:614020),27,1489.75722912387,4.244322590096496,7.672113233915624,0.0011901076561597205,1.5039178912603741
5443,TECRL (OMIM:614021),21,1177.5554450698214,5.607406881284864,9.024781183244007,0.0001928074247934363,2.250209736782319
5444,TECTA (OMIM:601543),7,67.17848022202988,3.198975248668089,4.662535130851787,0.3980917516456417,1.227516412457778
5445,TECTA (OMIM:603629),7,67.17848022202988,3.198975248668089,4.662535130851787,0.3980917516456417,1.227516412457778
5446,TEFM (OMIM:620451),144,52040.04291148222,5.054394222171933,8.908085989829646,0.0001327613358585333,1.4264879929107204
5447,TEK (OMIM:600195),17,487.87174853903207,3.5872922686693536,6.229246808185327,0.473594995891922,1.2052783708684474
5448,TEK (OMIM:617272),22,1097.659405525977,4.751772318294273,8.451167451826679,0.00018764551122922086,1.798190858833769
5449,TEKT3 (OMIM:620277),29,2061.2895939460664,5.0770679653843995,8.566164424851095,0.000803149581822378,1.8100231722216802
5450,TELO2 (OMIM:616954),102,24213.285782435752,4.700696133262619,8.527832132835597,0.0012542473006674731,1.3651680302813394
5451,TENM3 (OMIM:615145),70,12455.365566721217,5.157501269863858,8.74832263769285,0.00017449449899708947,1.5039439739766356
5452,TENM4 (OMIM:616736),15,389.36431092983804,3.708231532665124,7.826906577925715,0.0011901076561597205,2.323245520045895
5453,TENT5A (OMIM:617952),88,16974.659979001728,4.434341687304527,9.15105123769202,0.0007234721597415179,1.3702277834825514
5454,TERB1 (OMIM:619646),13,360.0192848341918,4.615631856848613,7.339821052931584,0.000803149581822378,2.2062082622839783
5455,TERB2 (OMIM:619645),13,360.0192848341918,4.615631856848613,7.339821052931584,0.000803149581822378,2.2062082622839783
5456,TERT (OMIM:613989),121,35824.65358140487,4.934525286694885,9.223393158840036,0.00034846550864526177,1.522400547551624
5457,TERT (OMIM:614742),78,14642.512920776848,4.875961678580369,9.222894637916186,0.0005727427745271421,1.6960892615347662
5458,TERT (OMIM:615134),4,13.987310913634659,2.3312184856057763,3.319031540265919,0.7126650421225125,0.870407097105546
5459,TET2 (OMIM:619126),46,4813.340678309791,4.650570703680957,8.741527059310892,0.0004317326973326853,1.6861359361709984
5460,TET3 (OMIM:618798),135,45548.71706143397,5.035789614310002,9.013265320832058,0.0005464706385911856,1.427356232368747
5461,TEX11 (OMIM:309120),19,846.8445268010049,4.952307174274883,7.975398498015863,0.000803149581822378,1.9881003384377267
5462,TEX14 (OMIM:617707),12,300.6866736103094,4.5558586910652945,7.2246585426890935,0.000803149581822378,2.1477792251853303
5463,TEX15 (OMIM:617960),25,1556.4651135459212,5.1882170451530705,8.593998861735125,0.000803149581822378,1.956922835114066
5464,TF (OMIM:209300),15,386.3866929918017,3.6798732665885874,8.379314794497649,0.7400213448202568,1.6313490245622955
5465,TFAM (OMIM:617156),81,16213.382646874064,5.004130446566069,8.865580117766548,8.678962776528191e-05,1.5078149433061028
5466,TFAP2A (OMIM:113620),271,196212.03473865526,5.363182581349057,9.244410785737713,0.00014635645308271001,1.4876992957346635
5467,TFAP2B (OMIM:169100),77,13450.999706363742,4.597060733548784,8.561392742882122,0.0021358320941856686,1.5125802421117225
5468,TFAP2B (OMIM:617035),24,1083.11494794993,3.924329521557717,7.603866439972979,0.030182697791721932,1.6683674913682662
5469,TFE3 (OMIM:300854),11,192.69124114839252,3.5034771117889547,5.906136219127596,0.36055313953333146,1.2787256384225487
5470,TFE3 (OMIM:301066),217,121154.4904202985,5.169589111635881,9.054649716855387,0.0011529351886177945,1.4697356738373228
5471,TFG (OMIM:604484),64,11122.154974660029,5.516941951716284,8.779837710775372,0.00025006395324224406,1.68711120579319
5472,TFG (OMIM:615658),62,9743.307845287782,5.152463165144253,8.616837319083508,0.0010221449047190993,1.6904341920244876
5473,TFR2 (OMIM:604250),75,13541.204281150443,4.879713254468628,8.938254079272733,0.000334057395126325,1.4988081038972718
5474,TFRC (OMIM:616740),84,16512.480954197265,4.736798896786364,8.921844382409917,0.0004605722303507187,1.411899966974421
5475,TG (OMIM:274700),22,1061.5632767473207,4.595512020551172,8.648295396113953,0.0007592063676304037,1.8617576026239555
5476,TGDS (OMIM:616145),183,82331.77186852557,4.943960359606411,9.092540522459768,0.0002764499456022031,1.443023729994255
5477,TGFB1 (OMIM:131300),103,24670.419794806614,4.696443897735887,9.159835790149819,9.774864833445439e-05,1.564565248586995
5478,TGFB1 (OMIM:618213),124,40251.73702743866,5.2782241053551875,8.871356358699975,2.000000165480742e-10,1.48665577282388
5479,TGFB2 (OMIM:614816),168,70099.73839094403,4.997129910959797,9.131171316755703,0.0002901132539534321,1.4929949267410096
5480,TGFB3 (OMIM:107970),16,598.098077399457,4.984150644995475,8.519015242516122,0.02584939923939534,1.800229725630726
5481,TGFB3 (OMIM:615582),189,91866.81947983848,5.170934339740993,8.948530293124595,0.0002901132539534321,1.5072089421282548
5482,TGFBI (OMIM:121820),14,404.8247906934012,4.44862407355386,7.492137360096273,5.163383245458136e-05,1.7378006365468333
5483,TGFBI (OMIM:121900),18,716.5340289982394,4.683228947700911,7.7017468628329855,0.0002000566332151956,1.8076460930885738
5484,TGFBI (OMIM:122200),15,493.62375597927047,4.701178628374005,7.633369026810243,0.00043503920607854075,1.8305632563920404
5485,TGFBI (OMIM:602082),20,886.6946964402626,4.666814191790856,8.76716348071779,0.0003849315865189078,1.690421304847134
5486,TGFBI (OMIM:607541),11,224.40235303446846,4.080042782444881,7.493838288015068,0.0022436583724245542,1.6998744944837374
5487,TGFBI (OMIM:608470),37,3147.5974215430033,4.726122254569074,8.105971036727992,0.19836978887431134,1.5047295919087293
5488,TGFBI (OMIM:608471),13,345.4989338355156,4.4294735107117384,7.493838288015068,0.0022436583724245542,1.657128054969353
5489,TGFBR1 (OMIM:132800),34,2349.518208498439,4.188089498214686,7.794290902363512,0.02534658487314139,1.4864186620527935
5490,TGFBR1 (OMIM:609192),213,118009.50309905794,5.22674741336956,9.037924510461162,2.000000165480742e-10,1.4573450759580582
5491,TGFBR2 (OMIM:610168),210,115965.15779868368,5.284354422359703,9.056211837735058,2.000000165480742e-10,1.4588349454157907
5492,TGFBR2 (OMIM:614331),8,88.82561787317613,3.172343495470576,5.7501566342447985,0.07650017549322971,1.820287089010454
5493,TGIF1 (OMIM:142946),54,6761.25869809385,4.724848845628127,8.496940536393314,0.00028615519404338896,1.6339128350646974
5494,TGM1 (OMIM:242300),64,8883.774933443012,4.4066343915887956,8.924086702754352,0.001799287686187263,1.4734929181339385
5495,TGM3 (OMIM:617251),12,272.7873149645387,4.133141135826344,7.386929850406527,0.0031111550003862197,1.62506850904797
5496,TGM5 (OMIM:609796),14,357.9705289959303,3.933742076878355,8.191651545449322,1.368608817092051,1.4863968949346824
5497,TGM6 (OMIM:613908),67,11476.040972095361,5.190430109495867,8.597167789591278,0.0011901076561597205,1.4928433764533793
5498,TH (OMIM:605407),46,5209.1846954357225,5.033028691242244,8.474730506917664,0.000762189151311748,1.581533433588971
5499,THAP1 (OMIM:602629),32,2330.5339846208067,4.698657227058078,8.303538898777834,0.0008585106956950381,1.4470758584776306
5500,THBD (OMIM:612926),48,6012.021715410849,5.329806485293306,8.532793082820541,8.907799783192584e-05,1.7433265262891071
5501,THBD (OMIM:614486),15,466.21544190877427,4.44014706579785,8.608043813374033,1.3363772845193072,1.6745815355029385
5502,THG1L (OMIM:618800),66,11606.294483463585,5.410859899050623,8.486933776271572,2.000000165480742e-10,1.6137157031790967
5503,THOC1 (OMIM:620280),12,306.20620827680364,4.6394880041939945,7.810172152642902,0.3980917516456417,1.880678472080476
5504,THOC2 (OMIM:300957),124,39366.04391411602,5.162082863115135,8.987459994539787,0.00045166719225580687,1.4582691193071715
5505,THOC6 (OMIM:613680),104,24416.98989825151,4.558810660614546,8.549101934435077,0.00022366396974664592,1.375274680688434
5506,THPO (OMIM:620478),11,210.8796098429158,3.834174724416651,6.614209260717623,0.021118882200204435,1.4336169184860574
5507,THPO (OMIM:620481),27,1711.130997625129,4.87501708725108,8.426875952827007,0.0013984767725301699,1.8078413624362972
5508,THRA (OMIM:614450),88,19110.712825154616,4.992349222872157,8.952867384891348,0.00015304849304319395,1.6354720344448048
5509,THRB (OMIM:145650),8,125.76507542656131,4.491609836662904,9.040738285628901,0.003213598646000667,2.2269256742021324
5510,THRB (OMIM:188570),33,2236.69989530152,4.236174044131666,8.111485915278674,0.04582841245223828,1.461139896243492
5511,THRB (OMIM:274300),60,8527.348672608063,4.817711114467832,9.225799534831939,0.003213598646000667,1.6884649260316857
5512,THSD1 (OMIM:618734),17,499.972158047286,3.6762658679947497,7.833407593812494,0.006749563231622494,1.869793175086068
5513,THSD1 (OMIM:620244),78,14973.576580300698,4.9862059874461195,9.063113631429893,0.0024505065415623057,1.569075584075614
5514,THSD4 (OMIM:619825),60,8786.525983505675,4.96413897373202,9.037924510461162,0.00012113826840601775,1.6357840964027064
5515,THUMPD1 (OMIM:619989),85,17163.843041853295,4.807799171387478,8.849594780119629,0.00015294580467822567,1.4721619676072182
5516,TIA1 (OMIM:604454),23,1143.663094661621,4.52040748878111,8.336635705443317,0.00025006395324224406,1.6944049697522214
5517,TIA1 (OMIM:619133),37,3171.566023760966,4.762111146788237,8.70404734913863,0.00022130642903701804,1.6723939214821033
5518,TIAM1 (OMIM:619908),88,17770.322873158377,4.64219510793061,8.361507932805846,0.0007031720066138041,1.379657653428964
5519,TICAM1 (OMIM:614850),22,1005.7197663352721,4.353765222230615,7.9304212078272025,4.9346129758286674e-05,1.7882967974830015
5520,TIE1 (OMIM:619401),9,133.41483667128392,3.7059676853134422,7.699848918314645,0.7400213448202568,1.657203020514476
5521,TIMELESS (OMIM:620015),6,48.791657831910705,3.252777188794047,6.0006018397088745,1.046009439364104,1.5445630680656952
5522,TIMM22 (OMIM:618851),51,6269.981683666327,4.917632693071629,8.57086385389333,8.091248143822315e-05,1.6192722821498788
5523,TIMM50 (OMIM:617698),131,41947.36859298824,4.926291085494802,8.797434360925019,0.00016194096168394945,1.4337927974202729
5524,TIMM8A (OMIM:304700),76,14689.136566951722,5.154083005947973,8.870269407856457,0.00019055189456244724,1.5529802037601315
5525,TIMMDC1 (OMIM:618251),73,12406.543270666765,4.720906876205009,8.758319797340576,0.14566549635316983,1.435789032092913
5526,TIMP3 (OMIM:136900),21,958.7083467650425,4.565277841738298,7.882271767873159,2.000000165480742e-10,1.5679701684068725
5527,TINF2 (OMIM:268130),110,29625.6296781072,4.9417230488919435,9.223393158840036,2.000000165480742e-10,1.518094247914071
5528,TINF2 (OMIM:613990),158,61173.94204262545,4.932189151223531,9.223393158840036,0.00034846550864526177,1.450173564259949
5529,TJP2 (OMIM:607748),31,2239.505391946055,4.816140627840979,8.611724852637025,0.00011815984619170975,1.758602913156276
5530,TJP2 (OMIM:615878),27,1569.6188525184239,4.471848582673572,8.443942498595884,0.3110867809222553,1.6118760393160059
5531,TK2 (OMIM:609560),79,15728.572245144256,5.105021825752761,8.972606130197066,2.000000165480742e-10,1.6389566518194216
5532,TK2 (OMIM:617069),60,7980.076965605664,4.508518059664217,8.621154313068475,0.00035005354757042197,1.467973067909254
5533,TKFC (OMIM:618805),86,18511.1292581776,5.0646044482018056,8.910650394386911,0.0012541389199276578,1.5848949925790965
5534,TKT (OMIM:617044),72,12626.685532999338,4.940017814162495,8.746401727225928,0.04582841245223828,1.4505375155060434
5535,TLCD3B (OMIM:619531),32,2161.032162253009,4.3569196819617115,8.447163633763404,0.0008069303612503042,1.4884680794838512
5536,TLE6 (OMIM:616814),8,109.51327751700872,3.9111884827503114,6.957128747041759,0.0003828231525103401,2.476173920827913
5537,TLK2 (OMIM:618050),182,82766.47614504898,5.024981855688724,9.013265320832058,0.0004188244727401994,1.4397943034805212
5538,TLL1 (OMIM:613087),15,468.8152309165115,4.464906961109634,8.283515864212152,0.09405951567937798,1.6268075603583478
5539,TLR2 (OMIM:246300),2,2.1149576583282963,2.1149576583282963,2.1149576583282963,2.1149576583282963,0.0
5540,TLR3 (OMIM:613002),35,3119.1601179897025,5.242285912587735,8.63328926249833,0.00209953458614878,1.6667281270964387
5541,TLR7 (OMIM:301051),6,49.651650590813084,3.310110039387539,5.294769625484215,1.616481115612072,1.2007924517418624
5542,TLR7 (OMIM:301080),84,17507.86902104256,5.022337642295628,8.781826322414355,0.0008770502047779283,1.5972562357532387
5543,TLR8 (OMIM:301078),102,27164.90628826739,5.273715062758181,9.050253984594134,4.9346129758286674e-05,1.5446982087770798
5544,TM4SF20 (OMIM:615432),24,1102.2103798330797,3.9935158689604338,7.663180277084656,0.04614900387743423,1.4007181842561014
5545,TMC1 (OMIM:600974),8,112.28833917036721,4.0102978275131145,7.810172152642902,0.3980917516456417,1.8551731799335855
5546,TMC1 (OMIM:606705),8,90.71911191350983,3.2399682826253513,4.985368300333607,0.3980917516456417,1.346498073791611
5547,TMC6 (OMIM:226400),10,165.7653392736192,3.6836742060804264,8.190097450946213,0.7400213448202568,1.686471813331031
5548,TMC8 (OMIM:618231),14,396.57875698348903,4.35800831849988,7.686829119079586,0.00010349237996709834,1.7347027712916794
5549,TMCO1 (OMIM:213980),295,224236.71103961254,5.170914586408683,9.013265320832058,0.00016194096168394945,1.403683958106557
5550,TMEM106B (OMIM:617964),97,25230.585925507618,5.418940276096997,8.588074760089507,0.00018869251796236437,1.528018471708502
5551,TMEM107 (OMIM:617562),59,8059.195441924151,4.710225272895471,8.599968061072842,0.012680465249425172,1.5413372184252143
5552,TMEM107 (OMIM:617563),99,22367.998153831904,4.611007659004722,8.860628775566731,0.0012599449808452711,1.44960261732583
5553,TMEM126A (OMIM:612989),41,4371.730258966292,5.331378364593039,8.687136769700672,0.0017252892329913654,1.5139616731016354
5554,TMEM126B (OMIM:618250),60,9171.479733073704,5.181626967838251,9.212302466567023,0.0007165373026079224,1.7338682094932412
5555,TMEM132E (OMIM:618481),8,112.28833917036721,4.0102978275131145,7.810172152642902,0.3980917516456417,1.8551731799335855
5556,TMEM138 (OMIM:614465),55,7226.705003118248,4.866468015567844,8.602400318048161,0.003858363741813922,1.5725196697468642
5557,TMEM147 (OMIM:620075),146,52511.44187832067,4.9609297948342626,8.790500646376174,0.00015294580467822567,1.4460056830905341
5558,TMEM151A (OMIM:620245),20,827.3406411659568,4.3544244271892465,7.27317540013218,0.00037868868455093207,1.5891223851724736
5559,TMEM163 (OMIM:620243),64,9832.140308295133,4.877053724352744,8.74637943623181,7.104736562826131e-05,1.4956054299388046
5560,TMEM165 (OMIM:614727),113,30701.941718987597,4.851760701483501,9.061347142414805,0.0019587674577635403,1.5475104567423907
5561,TMEM199 (OMIM:616829),50,6571.216837207639,5.3642586426184815,8.870272353659333,0.000151751107741131,1.6291740143928444
5562,TMEM216 (OMIM:603194),84,17104.233044895314,4.906549926820228,8.705876236402291,0.045904659837265424,1.4077868944813934
5563,TMEM216 (OMIM:608091),148,59197.27724638862,5.441926571648154,8.990806509764955,0.00018949040145411217,1.5411835762094825
5564,TMEM218 (OMIM:619562),87,18039.749661584945,4.822173125256601,8.717197563557761,0.012680465249425172,1.5724973902325232
5565,TMEM222 (OMIM:619470),115,31942.18761509657,4.872950055697417,8.547299039273954,0.001107639007670092,1.4411508722162552
5566,TMEM231 (OMIM:614970),57,7513.521703741553,4.707720365752853,8.644900900811471,0.128450064141827,1.4822115494363741
5567,TMEM231 (OMIM:615397),22,1058.2376940248864,4.581115558549292,7.617562028304475,0.012680465249425172,1.6184436861590799
5568,TMEM237 (OMIM:614424),155,61140.07774759874,5.122754733774507,8.849306900077684,2.000000165480742e-10,1.4020849525855923
5569,TMEM240 (OMIM:607454),78,16039.584404075973,5.341186947744247,8.369548152101572,0.0004634687819836333,1.5158605089918986
5570,TMEM260 (OMIM:617478),127,39206.3628840866,4.900182837656118,8.565951232299874,5.9439822204979764e-05,1.4180352092308128
5571,TMEM38B (OMIM:615066),75,13062.109280703346,4.707066407460665,8.765736900359698,0.35822014713948613,1.5413590129418648
5572,TMEM43 (OMIM:604400),30,2457.7195944757086,5.649930102243008,9.19945232737294,0.00011614300830541902,1.980231533147794
5573,TMEM43 (OMIM:614302),21,993.1471630119781,4.729272204818944,8.63909233389679,0.09405951567937798,1.6414258344352834
5574,TMEM43 (OMIM:619832),5,36.198003799098124,3.6198003799098126,4.662535130851787,1.0324879018887914,1.0353674212367496
5575,TMEM53 (OMIM:619727),120,34479.74276497512,4.829095625346655,8.84939032163348,0.00017189252005425464,1.5057219360695522
5576,TMEM63A (OMIM:618688),68,11951.723683439455,5.246586340403624,8.624766812502015,0.001107639007670092,1.5502793817457545
5577,TMEM63C (OMIM:619966),54,7501.13578136756,5.241883844421776,8.177036337731584,0.003231293569885766,1.574300291604902
5578,TMEM67 (OMIM:216360),141,51638.752708870044,5.231889838791291,8.825116156796453,0.00015294580467822567,1.517642080267955
5579,TMEM67 (OMIM:602152),104,26746.33095982689,4.993713771438927,8.995393516755808,0.003858363741813922,1.5157081632375944
5580,TMEM67 (OMIM:607361),64,9824.768320413488,4.8733969843320875,8.721766517554151,0.006411663286406157,1.5002442094717736
5581,TMEM67 (OMIM:610688),80,16214.46752392446,5.131160608836854,8.985832664434763,0.00030206516417093,1.63749201871916
5582,TMEM67 (OMIM:613550),57,7834.650825234485,4.908929088492785,8.314613092403363,0.0003897771023818096,1.6413999483395552
5583,TMEM70 (OMIM:614052),127,39438.66974238274,4.929217565602142,9.195128044332092,0.0011901076561597205,1.4287251083660042
5584,TMEM94 (OMIM:618316),180,81217.95049390291,5.041461855611602,9.154579779691213,2.000000165480742e-10,1.4517439415757585
5585,TMEM98 (OMIM:615972),22,1119.6267299454253,4.8468689608027065,8.334923628671941,0.21130554535635543,1.7317205572094538
5586,TMIE (OMIM:600971),5,36.198003799098124,3.6198003799098126,4.662535130851787,1.0324879018887914,1.0353674212367496
5587,TMLHE (OMIM:300872),37,3142.670121428713,4.718723906049119,8.40683456486806,0.0005689965370294645,1.4830454679235858
5588,TMPRSS15 (OMIM:226200),16,508.4751243686243,4.237292703071869,8.169677392148,0.7400213448202568,1.3882731513282038
5589,TMPRSS3 (OMIM:601072),7,67.17848022202988,3.198975248668089,4.662535130851787,0.3980917516456417,1.227516412457778
5590,TMPRSS6 (OMIM:206200),13,332.2407432671779,4.259496708553563,8.278009989075827,0.0012573389324259374,1.9950141652716018
5591,TMTC3 (OMIM:617255),115,34239.11567783038,5.223358608364665,8.849306900077684,2.000000165480742e-10,1.482693489344122
5592,TMTC4 (OMIM:620714),7,67.17848022202988,3.198975248668089,4.662535130851787,0.3980917516456417,1.227516412457778
5593,TMX2 (OMIM:618730),72,12617.739497036699,4.936517800092605,8.908085989829646,0.00030206516417093,1.545998426162229
5594,TNC (OMIM:615629),8,112.28833917036721,4.0102978275131145,7.810172152642902,0.3980917516456417,1.8551731799335855
5595,TNFAIP3 (OMIM:616744),77,14267.652015355274,4.87616268467371,8.623351993858867,0.0007325559063462348,1.6137779460592943
5596,TNFRSF11A (OMIM:174810),40,3422.2732798694587,4.387529845986486,8.827914320261462,0.19758338043511225,1.5058388893555141
5597,TNFRSF11A (OMIM:602080),90,18316.003486983886,4.573284266412955,8.921946389128312,0.0030276185147941883,1.5735169831591969
5598,TNFRSF11A (OMIM:612301),117,33190.06016826668,4.890960826446608,8.914637429669837,0.0012287831758608515,1.5719933220832525
5599,TNFRSF11B (OMIM:239000),127,39700.39597023226,4.961929255122143,8.974707150406127,0.00015304849304319395,1.5717451553343007
5600,TNFRSF13B (OMIM:609529),25,1364.6222449598813,4.548740816532938,8.227614823375735,0.7726575342011646,1.535673716722255
5601,TNFRSF13C (OMIM:613494),49,5547.801635508619,4.717518397541343,8.573244966857612,0.011062529308141045,1.5387957405814252
5602,TNFRSF1A (OMIM:142680),94,22646.07627937331,5.180982905370238,9.4286855550867,0.0005002321842626233,1.7124357554292493
5603,TNFRSF4 (OMIM:615593),28,1776.5574508252705,4.699887436045689,9.00106593667079,0.0028393243496576334,1.8276822156122645
5604,TNFRSF9 (OMIM:620282),88,19092.183136418906,4.987508656326778,8.84308613529939,0.00010563534348670766,1.5820828295547205
5605,TNFSF11 (OMIM:259710),109,27786.06298595416,4.720703871212056,9.128937615348889,0.00024780000024484864,1.6196064063433604
5606,TNIK (OMIM:617028),29,1833.3530277939758,4.5156478517093,8.029589185546241,0.04582841245223828,1.5465277036276501
5607,TNNC1 (OMIM:611879),15,525.3740716897506,5.003562587521435,9.19945232737294,0.02584939923939534,2.014339250234918
5608,TNNC1 (OMIM:613243),42,4897.682086602381,5.688364792801836,9.235549052995463,0.0001849738499394851,1.691009195489183
5609,TNNC2 (OMIM:620161),59,7777.506657802,4.545591266979544,8.752336341259692,0.0010855653860684738,1.5279891645372388
5610,TNNI2 (OMIM:601680),94,22006.25495772421,5.034604199891149,8.876180524575485,0.0007631624041484902,1.6263104381897335
5611,TNNI3 (OMIM:115210),27,1664.2935940489363,4.7415771910226105,8.78032712110944,0.00020110568398922692,1.7206820656676378
5612,TNNI3 (OMIM:611880),15,491.76985715053286,4.683522449052694,8.5726675307412,0.29666805718488515,1.714786050743881
5613,TNNI3 (OMIM:613286),13,366.9862788291843,4.70495229268185,7.860232416045132,0.05130359026450264,1.7585930833907486
5614,TNNI3 (OMIM:613690),18,747.0717597120624,4.882821958902369,7.89557398739869,0.0016774853343257336,1.7534295664188206
5615,TNNI3K (OMIM:616117),34,2968.8167842736884,5.292008528117091,8.805908677359295,0.0001849738499394851,2.04322610844764
5616,TNNT1 (OMIM:605355),62,8688.498481066505,4.5946581073857775,8.590719919891404,0.0001935303784154868,1.529617531269907
5617,TNNT1 (OMIM:620386),78,15257.27712895411,5.080678364620083,8.74889240355591,0.0006888527898926093,1.6968875436004425
5618,TNNT1 (OMIM:620389),109,31153.379340111886,5.292792956186185,9.126221757608684,0.0005727427745271421,1.6212191844469357
5619,TNNT2 (OMIM:115195),30,2253.960653234629,5.181518743068112,8.260368587203972,0.0001849738499394851,1.5716331583600351
5620,TNNT2 (OMIM:601494),41,4576.7573015836715,5.581411343394722,9.19945232737294,0.0028246861463372313,1.8841316655608105
5621,TNNT2 (OMIM:612422),30,2077.080658355514,4.77489806518509,8.269262595228167,0.004153742530127163,1.596441372234011
5622,TNNT3 (OMIM:618435),62,8705.70924095737,4.603759513991206,8.472693896809135,0.00011500658009453042,1.6451143091860503
5623,TNPO2 (OMIM:619556),109,29630.816519363143,5.03411765534542,8.885520883428894,0.0006217310747805367,1.4587854955495803
5624,TNPO3 (OMIM:608423),58,7787.072634182472,4.710872736952494,8.735419491702277,0.001107639007670092,1.7033348441065677
5625,TNR (OMIM:619653),85,18500.024081188356,5.1820795745625645,8.711713997557991,5.9439822204979764e-05,1.6409189642909692
5626,TNRC6A (OMIM:618074),8,96.8014452268388,3.4571944723871,6.209094873283806,0.10907284703907069,1.7094038770891857
5627,TNRC6B (OMIM:619243),118,33953.0022928488,4.918586454128467,8.75858609556111,0.0010976185592787876,1.4909228078987584
5628,TNXB (OMIM:606408),84,16950.483214691492,4.862444984134106,9.113551114493088,0.00027351846559422414,1.4117006571694826
5629,TNXB (OMIM:615963),25,1263.6734128470648,4.212244709490216,7.841061643130135,0.0006657027479323925,1.4530897175405926
5630,TOE1 (OMIM:614969),176,79555.86022328847,5.165964949564186,8.860628775566731,0.0001663034595149971,1.462771552095242
5631,TOGARAM1 (OMIM:619185),141,50000.36739706157,5.065893353299045,8.995747773179575,0.0001473428281572063,1.425353348313954
5632,TOM1 (OMIM:619510),79,16603.074617498354,5.388859012495408,8.616277493040236,0.00017851427268566979,1.677935348010206
5633,TOMM7 (OMIM:620601),120,33508.88056129746,4.693120526792361,8.928031774842259,0.0016094262110088685,1.4522831311117352
5634,TONSL (OMIM:271510),153,58766.789467792565,5.053903463002457,8.890761443237208,2.000000165480742e-10,1.4750984179130358
5635,TOP3A (OMIM:618097),70,10272.71081017281,4.25371048040282,8.115013150975653,7.104736562826131e-05,1.3646101102464252
5636,TOP3A (OMIM:618098),77,15912.406177078712,5.438279623061761,8.917651385779592,9.774864833445439e-05,1.5979812756061906
5637,TOP6BL (OMIM:618432),11,254.59562259097441,4.629011319835898,8.70445885574398,0.0003828231525103401,2.399165759451647
5638,TOPORS (OMIM:609923),20,808.2467141551913,4.253930074501007,7.263307615743137,0.0008069303612503042,1.3769747110469792
5639,TOR1A (OMIM:128100),95,23023.21856707451,5.15637593887447,9.143413429163207,0.0008585106956950381,1.5129581736324205
5640,TOR1A (OMIM:618947),202,103602.95754201036,5.103342571400934,9.072246849774901,4.395661259112839e-05,1.5035280860477704
5641,TOR1AIP1 (OMIM:617072),72,12017.785422575054,4.701793983793057,8.562290213982543,0.0005149209235504193,1.5719820969287337
5642,TP53 (OMIM:151623),56,8003.701699754535,5.197208895944503,8.746188066225798,0.00012762636136547128,1.6121112255354904
5643,TP53 (OMIM:202300),16,470.4086875905599,3.920072396587999,7.975507017396113,0.011468943087897837,1.5499587588198152
5644,TP53 (OMIM:260500),41,3602.869164521586,4.3937428835629095,8.671057656101983,0.0001339273823782835,1.4638668838037727
5645,TP53 (OMIM:607107),13,259.1236662480071,3.3220982852308603,5.708471727282082,0.2790069274728386,1.193271370196174
5646,TP53 (OMIM:618165),81,14824.687181287849,4.5755207349653855,9.19782351094302,0.000236111785946858,1.5055649926517702
5647,TP53RK (OMIM:617730),113,30491.52483885313,4.818508982119647,8.64198020110445,0.00040364886229316726,1.3764533777229127
5648,TP63 (OMIM:103285),85,18172.19087655864,5.090249545254522,8.981774667290438,0.00016194096168394945,1.6268685295688972
5649,TP63 (OMIM:106260),157,63621.85925850115,5.195317594194116,9.083635944946302,0.0002744252097946437,1.4471807902594014
5650,TP63 (OMIM:129400),140,52037.23152757228,5.348122459154396,9.488126864076262,0.00017189252005425464,1.465181686183776
5651,TP63 (OMIM:603543),67,10597.544410305098,4.793100140346041,9.156494326348636,0.00039473045797108687,1.575378524427505
5652,TP63 (OMIM:604292),194,100135.56965889584,5.348836582388539,9.163130317876329,4.941497953343199e-05,1.4684519944428651
5653,TP63 (OMIM:605289),39,2904.2262024073457,3.919333606487646,8.348138679423135,0.06357817011318781,1.614981435071466
5654,TP63 (OMIM:620311),33,2524.361047994588,4.780986833323083,7.922971865440854,0.00011361266494711034,1.6712757404707528
5655,TP73 (OMIM:619466),48,5058.9843469790485,4.48491520122256,8.410504382052565,0.00045198453520349144,1.5170560193719023
5656,TPH2 (OMIM:613003),21,866.4755867059132,4.126074222409111,8.098387049576711,0.04582841245223828,1.745505808136371
5657,TPI1 (OMIM:615512),107,28492.520638892318,5.024249804072001,9.156178151862965,0.00019109498643675617,1.4714608585027376
5658,TPK1 (OMIM:614458),96,22958.462210387923,5.034750484734194,8.654057698408266,0.0011901076561597205,1.50985957773284
5659,TPM1 (OMIM:115196),14,431.5179442157796,4.741955430942633,8.397887949777749,0.02584939923939534,1.9021835038781385
5660,TPM1 (OMIM:611878),29,2258.917868960337,5.563837115665854,8.24545218396927,0.00016031828208005656,1.7921979279683846
5661,TPM2 (OMIM:108120),140,50926.02720270101,5.2339185203187055,8.876180524575485,0.0002023024461948555,1.5443137408610572
5662,TPM2 (OMIM:609285),116,34984.997361380585,5.245127040686745,9.097182989434183,0.00015286693837893977,1.6454835892763882
5663,TPM3 (OMIM:255310),83,17042.283486697685,5.008017480663439,8.929418855261877,0.003303224205639112,1.5090319891326547
5664,TPM3 (OMIM:609284),75,14004.921937821271,5.046818716331989,9.33409483736715,0.0007644814594371429,1.6999248496649777
5665,TPM4 (OMIM:620486),39,3981.562207563849,5.373228350288595,8.84130759067763,0.0001276219908651585,1.870779433730212
5666,TPMT (OMIM:610460),3,3.219343243149404,1.0731144143831346,1.3363772845193072,0.7400213448202568,0.24841805391659763
5667,TPO (OMIM:274500),9,144.2035095218704,4.005653042274178,8.634924396245863,1.042040545875447,1.7824119957530933
5668,TPP1 (OMIM:204500),50,5475.6430034561145,4.469912655882543,8.434144981225918,0.030896185296058608,1.4913309538303432
5669,TPP1 (OMIM:609270),68,12859.745105955273,5.645191003492219,8.823628973582482,9.774864833445439e-05,1.5796947091418063
5670,TPP2 (OMIM:619220),89,20259.963722290086,5.173637314170094,9.041084440611392,7.104736562826131e-05,1.6187322299561488
5671,TPR (OMIM:620393),108,27496.402484336482,4.758809706531063,9.067134207681542,0.0011901076561597205,1.5460908783282974
5672,TPRKB (OMIM:617731),91,20004.135205078914,4.885014702094973,8.770477618249148,0.00040364886229316726,1.4777414184602393
5673,TPRN (OMIM:613307),20,865.4319161731014,4.554904821963691,8.092464037041173,0.0025707430151976655,1.7072429804667804
5674,TRAC (OMIM:615387),87,19293.17914536921,5.157225112368139,8.95777241722601,0.0004317326973326853,1.5974327489271782
5675,TRAF3 (OMIM:614849),14,421.9342634757781,4.636640257975584,8.493117757643954,0.00209953458614878,1.8558416061267842
5676,TRAF3IP1 (OMIM:616629),88,18355.784261427492,4.795136954395897,8.610262410451249,0.0007165373026079224,1.4615157791472895
5677,TRAF3IP2 (OMIM:615527),37,2962.4161463957744,4.4480722918855475,8.215015500753948,0.0004605722303507187,1.5055221768393234
5678,TRAF7 (OMIM:618164),232,138864.35463518574,5.182279244483719,9.195128044332092,0.00016194096168394945,1.48585045239378
5679,TRAIP (OMIM:616777),116,31265.752337892627,4.687519091138325,8.854010560109637,0.00020730474885900254,1.409099443781335
5680,TRAK1 (OMIM:618201),58,7559.80280886834,4.5733834294424325,8.758319797340576,0.0454015306599506,1.4916371239068942
5681,TRAPPC10 (OMIM:620027),65,9701.898252343279,4.664374159780422,8.374135884458743,0.001107639007670092,1.4540088265181539
5682,TRAPPC11 (OMIM:615356),146,56708.66554523029,5.357455412870126,9.13269976925963,0.0006888527898926093,1.5501241893240587
5683,TRAPPC12 (OMIM:617669),106,28913.95731468464,5.195679661219163,8.887136364097767,0.0001018499913121344,1.436344083088534
5684,TRAPPC14 (OMIM:618351),59,7957.168439021771,4.650595230287417,8.232308486184055,0.00026741715183565954,1.4784426704160303
5685,TRAPPC2 (OMIM:313400),68,11167.462732658707,4.9023102426069824,8.70731906855798,0.0013767302025706244,1.5501788675283268
5686,TRAPPC2L (OMIM:618331),64,9552.60079956891,4.7383932537544196,8.532458356708846,0.0001018499913121344,1.5399379490870198
5687,TRAPPC4 (OMIM:618741),64,9611.407849532045,4.76756341742661,8.72778131173998,0.0006912747598399878,1.6184497839011633
5688,TRAPPC6B (OMIM:617862),104,27748.82881432823,5.180886634489961,8.908085989829646,0.0001469875513899424,1.4803927778872583
5689,TRAPPC9 (OMIM:613192),106,27216.89703968039,4.890727230850025,8.995747773179575,0.0001904789742400047,1.454879985992678
5690,TRDN (OMIM:615441),21,1122.1572379432873,5.343605894968035,9.088641635722139,0.0006251143036868903,1.9367641337488823
5691,TREH (OMIM:612119),8,113.21265253758865,4.043309019199595,6.639118938489156,1.5815794965532501,1.279512731479919
5692,TREM2 (OMIM:618193),83,16775.787666681157,4.929705455974481,9.0423311095047,0.0037926349453838116,1.489347811062153
5693,TREX1 (OMIM:192315),114,32572.852767993856,5.057111126842704,9.236869813167315,0.00026285598368636976,1.5515359262502388
5694,TREX1 (OMIM:225750),159,65192.95218416743,5.19010844551926,8.949727808053035,6.805098156487597e-05,1.535663360896006
5695,TREX1 (OMIM:610448),32,2034.1795286822376,4.101168404601285,9.226538891619565,0.5789848082407059,1.6200153802808146
5696,TRH (OMIM:275120),37,2877.6206510428638,4.3207517282925885,8.710705406249511,0.37543966712845633,1.5413660482768523
5697,TRHR (OMIM:618573),22,927.0609443370191,4.013250841285797,8.334809087720023,0.07970583462251685,1.4804528995471427
5698,TRIM2 (OMIM:615490),87,19327.541133408697,5.166410353758005,8.88922344568643,0.0006461379115094649,1.6099423797722072
5699,TRIM32 (OMIM:254110),66,11775.754578796279,5.4898622744971,9.470599418179074,0.0006888527898926093,1.8434238411466957
5700,TRIM32 (OMIM:615988),25,1380.994144405153,4.603313814683844,8.517702582479,0.36055313953333146,1.5216503462533537
5701,TRIM36 (OMIM:206500),16,422.55818204589445,3.521318183715787,6.430117869925678,0.3658984572995698,1.4619493884941734
5702,TRIM37 (OMIM:253250),155,56938.735797390225,4.77073613719231,9.181781892504443,0.0004350215848769862,1.469593873235567
5703,TRIM44 (OMIM:617142),19,737.2337391226775,4.311308415922091,7.792941744893137,0.15289584034431464,1.7079137975448342
5704,TRIM71 (OMIM:618667),14,328.6078812404897,3.611075618027359,6.533803397906389,9.990668968290492e-05,1.3658681733129083
5705,TRIM8 (OMIM:619428),173,74112.38231695494,4.981340389632675,8.908085989829646,0.0001018499913121344,1.4595858451290395
5706,TRIO (OMIM:617061),199,101354.62937764336,5.1446438951141245,8.76671546993268,0.0008932920893961837,1.4592526071854577
5707,TRIO (OMIM:618825),92,21787.32620450416,5.20480798005355,8.664861288304921,0.00015294580467822567,1.484087384698463
5708,TRIOBP (OMIM:609823),9,109.90753576602019,3.052987104611672,4.6638559152354215,0.0014769398280212974,1.5256081917843185
5709,TRIP11 (OMIM:184260),130,40802.451950546274,4.866124263631041,8.89107479626103,0.00015304849304319395,1.4770517015147526
5710,TRIP11 (OMIM:200600),102,24196.956002749168,4.697525917831327,9.030686654077392,0.0007660873712183492,1.5358477140178723
5711,TRIP12 (OMIM:617752),99,23168.741101330495,4.776075263106678,8.995747773179575,0.00015294580467822567,1.4221676224218105
5712,TRIP13 (OMIM:617598),94,19716.859518779376,4.510834939093886,8.546725381461405,0.00022366396974664592,1.354826029918892
5713,TRIP13 (OMIM:619011),11,238.90832193355277,4.3437876715191415,6.957128747041759,0.0003828231525103401,2.0633361539356394
5714,TRIP4 (OMIM:616866),109,30177.654684985624,5.127022542471224,9.110652810498433,0.0007660873712183492,1.5257770003705668
5715,TRIP4 (OMIM:617066),67,10381.649446977675,4.695454295331377,9.072246849774901,0.5709179353380971,1.5601509460074021
5716,TRIT1 (OMIM:617873),89,20163.605062505783,5.149030914838045,8.915644428508728,0.001107639007670092,1.5284817843909844
5717,TRMT1 (OMIM:618302),81,14970.398501062045,4.6204933645253226,8.59253522669961,0.001107639007670092,1.3661610561859798
5718,TRMT10A (OMIM:616033),88,17407.39154733112,4.547385461685246,8.654536897737177,0.0002791634935974599,1.4503159843343116
5719,TRMT10C (OMIM:616974),69,12005.425248759075,5.117402066819725,8.755342747970113,0.0001450324633516059,1.594435783428814
5720,TRMT5 (OMIM:616539),128,40636.05822653944,4.999515037714006,9.079308176086814,6.377830462530904e-05,1.4943680877658443
5721,TRMU (OMIM:613070),85,18931.857109659104,5.303041207187424,8.870272353659333,0.0005937179460107278,1.5921368935355742
5722,TRNT1 (OMIM:616084),113,32312.56215691581,5.106283526693396,8.818479313393595,9.990668968290492e-05,1.5219639565157124
5723,TRNT1 (OMIM:616959),66,11529.939619654586,5.375263225946194,8.808579297243119,0.00015500775417016222,1.5960470041733472
5724,TRPA1 (OMIM:615040),4,23.821656066278706,3.970276011046451,6.477979639436407,2.281312614965586,1.4475434083761005
5725,TRPC3 (OMIM:616410),20,867.7890708642801,4.567310899285685,7.95524677525483,0.18782260269370699,1.8100243753057268
5726,TRPC6 (OMIM:603965),27,1596.0474354120201,4.547143690632536,8.083639940233253,0.0007165373026079224,1.6082995022072235
5727,TRPM1 (OMIM:613216),27,1703.2574912544108,4.852585445169262,8.576334671181394,0.09341807646618362,1.5773092387231449
5728,TRPM3 (OMIM:620224),218,125649.41036982657,5.312197622704375,9.560768899275871,2.000000165480742e-10,1.5006887656723364
5729,TRPM3 (OMIM:620253),14,341.1342198843171,3.7487276910364513,7.4223115999120655,0.7609453784098479,1.4475271701816739
5730,TRPM4 (OMIM:604559),19,855.6705316443417,5.003921237686209,8.533454444257114,0.0001849738499394851,2.1064641557966413
5731,TRPM4 (OMIM:618531),31,1902.0968339653718,4.090530825731983,8.355715412807072,0.0005535315145993702,1.494344239065505
5732,TRPM6 (OMIM:602014),18,705.9457644372761,4.614024604165204,8.219485415765535,0.002436140289989846,1.694359439596005
5733,TRPM7 (OMIM:105500),32,2206.51350334421,4.448615934161714,8.608382086909701,0.0029392195486610383,1.675815269427657
5734,TRPS1 (OMIM:190350),155,57583.2412458274,4.824737431573305,8.954546538219192,0.0008996866336095024,1.4207045610550966
5735,TRPS1 (OMIM:190351),93,18812.480308368617,4.397494228230158,8.83321748167717,2.000000165480742e-10,1.3830193506563428
5736,TRPV3 (OMIM:614594),56,7383.453475624321,4.794450308846962,8.71144208333201,0.0006982854539680614,1.5068890345325083
5737,TRPV3 (OMIM:616400),9,135.96999015167611,3.776944170879892,5.991901617303694,0.0006540297719483039,1.4738591849556013
5738,TRPV4 (OMIM:113500),59,7813.171047147622,4.566435445439873,8.520400123646718,0.002789253875039039,1.6221036631944052
5739,TRPV4 (OMIM:156530),97,21780.300963266018,4.6778996914231135,8.813118616546875,0.001137044764433523,1.489311332333901
5740,TRPV4 (OMIM:168400),38,3168.2930030430084,4.506817927514948,8.761764346267096,0.001137044764433523,1.5407591633438673
5741,TRPV4 (OMIM:181405),105,29502.666075136687,5.40341869507998,9.16883064934852,0.0005718811754514479,1.6779642122250609
5742,TRPV4 (OMIM:184095),83,15790.124344749376,4.640060048412981,8.841837620610564,0.0004107911592513726,1.4397057256228105
5743,TRPV4 (OMIM:184252),80,14615.44488110728,4.625140785160531,8.507270168730193,0.0013767302025706244,1.5214680566554706
5744,TRPV4 (OMIM:600175),73,13648.89783026206,5.193644532063189,8.83023177859374,0.0015990505493633342,1.7194001834324875
5745,TRPV4 (OMIM:606071),108,32610.957148723723,5.643987045469665,9.351578073781733,0.00031792342844160594,1.7100231907984338
5746,TRPV4 (OMIM:606835),40,3512.4956633565102,4.503199568405782,7.952464395876857,0.0037890645697852402,1.7696149237685008
5747,TRPV4 (OMIM:617383),17,555.2778144086974,4.0829251059463045,7.304175315050153,0.015145095972942467,1.7535048773707549
5748,TRPV6 (OMIM:618188),142,49193.250187434045,4.913919707065633,9.15105123769202,9.990668968290492e-05,1.4523553559375173
5749,TRRAP (OMIM:618454),264,182409.82300812233,5.254344481164948,9.145913361022401,0.0001473428281572063,1.4164337183945732
5750,TRRAP (OMIM:618778),9,158.87567098620707,4.413213082950197,7.183588950927568,0.538959347482563,1.6302673497231184
5751,TSC1 (OMIM:191100),155,62252.1718813685,5.215933965761919,9.143757644591329,0.00014202051693413994,1.5604683382722262
5752,TSEN15 (OMIM:617026),79,15552.770327394734,5.047961807009002,8.2838604065762,0.0001663034595149971,1.463113856311869
5753,TSEN2 (OMIM:612389),105,27918.69020628921,5.113313224595093,8.71701260816299,0.0001663034595149971,1.5502550860687248
5754,TSEN34 (OMIM:612390),33,2218.934661023185,4.202527767089365,7.750699866012454,0.0454015306599506,1.4834553961574535
5755,TSEN54 (OMIM:225753),66,10552.11568533257,4.919401251903296,8.870403533966046,0.0001018499913121344,1.5759143305604844
5756,TSEN54 (OMIM:277470),90,19903.086090334582,4.969559573117249,8.544977273802257,0.0001018499913121344,1.4824479965946042
5757,TSEN54 (OMIM:610204),22,909.2207268278702,3.9360204624583126,7.614619990441643,0.006214400107397506,1.4781739735067045
5758,TSFM (OMIM:610505),111,31556.257924733323,5.168920216991535,9.26419003440818,9.40336853774267e-05,1.5431361691460788
5759,TSGA10 (OMIM:617961),14,469.53991486901407,5.1597792842748795,8.566164424851095,0.000803149581822378,2.3661195094605296
5760,TSHB (OMIM:275100),61,8836.248363299097,4.828551018196228,9.292278769211627,2.000000165480742e-10,1.6505484818273204
5761,TSHR (OMIM:275200),12,347.8506577798068,5.270464511815255,8.82877148559842,0.0005394891279131654,2.288696081409957
5762,TSHR (OMIM:603373),14,406.8690926565794,4.4710889302920815,9.037534052348205,0.13759093795583704,1.837053118861012
5763,TSHR (OMIM:609152),59,7912.457598674917,4.624463821551675,9.037534052348205,0.13759093795583704,1.5172127382196579
5764,TSHZ1 (OMIM:607842),20,886.5883314994776,4.66625437631304,8.374517200546576,0.19758338043511225,1.6171472634833106
5765,TSPAN12 (OMIM:613310),21,1051.600276558065,5.007620364562214,8.144213704004095,0.00017898136726952627,1.7326030917650228
5766,TSPAN7 (OMIM:300210),36,2944.3843323521623,4.673625924368512,8.862729914657322,0.018621012382801783,1.535834116763091
5767,TSPEAR (OMIM:614861),7,67.17848022202988,3.198975248668089,4.662535130851787,0.3980917516456417,1.227516412457778
5768,TSPEAR (OMIM:618180),35,2737.7967653331975,4.601339101400332,8.31627901456672,0.0009189324407240284,1.45871166960364
5769,TSPEAR (OMIM:620173),33,2085.9004512515585,3.950569036461285,7.226106052991442,0.007513143055003663,1.3559689687603294
5770,TSPOAP1 (OMIM:620453),57,8161.721746512372,5.113860743428805,8.827435031599077,0.0008585106956950381,1.51337910259086
5771,TSPOAP1 (OMIM:620456),34,2759.7744059398283,4.919383967807181,8.329779344292163,0.0008802619236656015,1.5626264556737446
5772,TSPYL1 (OMIM:608800),66,11442.052011592887,5.334289982094586,9.051546993122793,0.0002871235509014397,1.6836553464317454
5773,TSR2 (OMIM:300946),68,11003.566452193612,4.8303627972755105,8.922090536619187,0.000609477969479842,1.5410136124360598
5774,TTBK2 (OMIM:604432),35,2899.263583738336,4.872711905442581,8.03933961728558,0.0006846906295529453,1.5866634429733169
5775,TTC12 (OMIM:618801),24,1345.245801042276,4.874078989283609,9.154018952776479,0.000803149581822378,1.9252877914062378
5776,TTC19 (OMIM:615157),136,49448.57272807964,5.386554763407369,9.050114949362397,9.774864833445439e-05,1.5316034029165644
5777,TTC21A (OMIM:618429),21,1122.7841199851482,5.3465910475483245,8.566164424851095,8.084441465612328e-05,2.289980250066336
5778,TTC21B (OMIM:613819),36,2875.659126436153,4.564538295930402,8.153411532380595,0.0006348976444134446,1.6361548266858996
5779,TTC21B (OMIM:613820),13,318.773381351281,4.086838222452321,7.391084965540923,0.0007165373026079224,2.042290817437195
5780,TTC29 (OMIM:618745),24,1506.0610970714129,5.456743105331206,8.566164424851095,8.084441465612328e-05,2.1633562664584125
5781,TTC5 (OMIM:619244),119,34689.69363168269,4.940847974887151,8.543872926240695,0.00016194096168394945,1.399081928505549
5782,TTC7A (OMIM:243150),133,45866.703984765234,5.225188423873916,8.944548618061551,0.0006032365657549471,1.5898651363174778
5783,TTC8 (OMIM:613464),55,7546.519791273879,5.081831509275339,8.827394941773361,0.00014468862235090667,1.5484087685724075
5784,TTC8 (OMIM:615985),56,7285.654729224974,4.730944629366866,8.76720483172997,0.36055313953333146,1.4736203017020093
5785,TTI1 (OMIM:620445),146,52626.57067029967,4.971806393037285,8.808912063734166,0.00011500658009453042,1.4208848997153711
5786,TTI2 (OMIM:615541),95,21762.491340675308,4.874018217396485,8.568069512451574,0.0002046419419841836,1.5016845859427415
5787,TTLL5 (OMIM:615860),18,675.7868533711276,4.4169075383733825,7.785460168300197,0.00014468862235090667,1.5758695382231902
5788,TTN (OMIM:600334),28,1839.1692289458888,4.86552706070341,9.05368204804913,0.0015990505493633342,1.8434549990332953
5789,TTN (OMIM:603689),57,8328.967849005394,5.218651534464533,9.192471228855275,0.0008908169909166662,1.8585172404147612
5790,TTN (OMIM:604145),25,1538.5325285642666,5.128441761880889,8.24545218396927,0.05130359026450264,1.7986301263000004
5791,TTN (OMIM:608807),27,1750.4409669728743,4.987011301917021,8.63909233389679,0.004239304276640087,1.7237784327033967
5792,TTN (OMIM:611705),74,13137.66859531539,4.8640017013385375,9.19945232737294,0.004239304276640087,1.6295515142346906
5793,TTN (OMIM:613765),7,74.7394507866852,3.5590214660326285,5.845594253654557,0.8139074677042408,1.3330366215075902
5794,TTPA (OMIM:277460),75,14286.840065076092,5.148410834261655,8.540253710603286,0.000151751107741131,1.5447640384343537
5795,TTR (OMIM:105210),150,62402.70591137621,5.584134757170131,8.873626179936938,9.774864833445439e-05,1.4710908879794473
5796,TTR (OMIM:115430),19,825.7464021980445,4.8289263286435355,7.91111981885532,0.0001380030334658678,1.7824087057904396
5797,TTR (OMIM:145680),4,14.421139529113416,2.403523254852236,3.131460817053718,1.042040545875447,0.6725559211186021
5798,TUB (OMIM:616188),35,3027.4588797263996,5.088166184414117,8.716249089531008,0.0008069303612503042,1.5192310046639212
5799,TUBA1A (OMIM:611603),72,13553.925891747176,5.302787907569318,8.908085989829646,0.00030206516417093,1.633500230100184
5800,TUBA3D (OMIM:617928),12,256.4862247443817,3.8861549203694192,7.402679174291803,0.02464529186207756,1.6135258916165551
5801,TUBA4A (OMIM:616208),15,438.8648482722692,4.17966522164066,7.900249783165197,0.0029392195486610383,1.8130820448687819
5802,TUBA8 (OMIM:619840),9,133.49884173810523,3.708301159391812,5.277343440730407,0.021118882200204435,1.459711148036538
5803,TUBB (OMIM:156610),140,48650.00875604493,5.000000899901843,8.833366061462016,2.000000165480742e-10,1.4239700133404893
5804,TUBB (OMIM:615771),68,11366.761285354332,4.989798632727977,8.849306900077684,5.9439822204979764e-05,1.4841786125834238
5805,TUBB1 (OMIM:613112),12,311.8563610704206,4.7250963798548575,8.278072311548955,0.021118882200204435,1.9406553359067154
5806,TUBB2A (OMIM:615763),74,13812.154823362893,5.113718927568638,8.390008112921223,0.0001018499913121344,1.4753788562798849
5807,TUBB2B (OMIM:610031),78,15678.214027726379,5.220850492083376,8.81244806959617,5.9439822204979764e-05,1.6520008709791982
5808,TUBB3 (OMIM:600638),92,20567.658083426235,4.913439580369382,8.629409767157412,0.0002836896198002048,1.514986760152373
5809,TUBB3 (OMIM:614039),64,9597.461891105804,4.760645779318355,8.41185568765741,0.0001450324633516059,1.454394868341493
5810,TUBB4A (OMIM:128101),39,3653.159818393896,4.9300402407474975,8.075740274333041,0.062421856151006955,1.4902282165163652
5811,TUBB4A (OMIM:612438),81,16134.931393606683,4.979917096792186,8.617170705560396,0.00037868868455093207,1.4434596506504467
5812,TUBB4B (OMIM:617879),35,2985.8217622423836,5.018187835701485,8.661965250777346,0.001460262399412806,1.6212434278905776
5813,TUBB6 (OMIM:617732),38,3115.236249341906,4.4313460161335785,8.448174485697878,0.00339474878411003,1.5552502178709822
5814,TUBB8 (OMIM:616780),8,109.51327751700872,3.9111884827503114,6.957128747041759,0.0003828231525103401,2.476173920827913
5815,TUBG1 (OMIM:615412),54,6532.462033303285,4.564962986235699,8.376286662108228,0.009198308701206151,1.4816566594451368
5816,TUBGCP2 (OMIM:618737),99,22916.310864105068,4.724038520739037,8.225570799984842,0.0001663034595149971,1.323059316072916
5817,TUBGCP4 (OMIM:616335),38,3097.3756621002894,4.405939775391593,8.369615424081266,0.0454015306599506,1.4565916627265194
5818,TUBGCP6 (OMIM:251270),72,11789.53861286708,4.612495544940172,8.74832263769285,0.0454015306599506,1.3741280677997474
5819,TUFM (OMIM:610678),69,11128.349506319963,4.743541989053693,8.860752187242172,0.019538305154274842,1.5862413498999115
5820,TUFT1 (OMIM:620415),27,1512.7346753367024,4.309785399819665,8.217764975451932,0.0006982854539680614,1.5860789100328199
5821,TULP1 (OMIM:600132),40,3888.459410977831,4.985204373048501,8.026239285218592,0.00015500775417016222,1.5090373909891437
5822,TULP1 (OMIM:613843),59,9416.543041239513,5.503531876820288,8.799363412252818,0.0004882882588597252,1.6541781138353409
5823,TULP3 (OMIM:619902),65,10496.33517651714,5.046314988710163,9.009779511322158,7.554577520314774e-05,1.711116972569854
5824,TUSC3 (OMIM:611093),26,1284.3670790369533,3.951898704729087,8.232308486184055,0.0012599449808452711,1.5717931236689302
5825,TWIST1 (OMIM:123100),33,2527.751318279264,4.787407799771334,8.5827019443838,0.00020730474885900254,1.6929857737958391
5826,TWIST1 (OMIM:180750),57,7754.985819373349,4.85901367128656,9.459289346671833,0.0002586142372450166,1.6710583811053117
5827,TWIST1 (OMIM:617746),166,69114.5264526966,5.046697805965433,8.843456652150403,0.00017189252005425464,1.403484843117104
5828,TWIST2 (OMIM:200110),158,63328.49797215429,5.105901634455719,8.850847343892484,0.00015294580467822567,1.4845977376363182
5829,TWIST2 (OMIM:209885),152,60219.46812809534,5.247426640649646,8.833366061462016,0.00015294580467822567,1.4644329824061704
5830,TWIST2 (OMIM:227260),35,2570.0211336953453,4.319363249908143,8.43816733073386,0.0002771984820330607,1.4533800050706327
5831,TWNK (OMIM:271245),109,32401.97663370501,5.504922975485051,9.16994723800259,0.00018869251796236437,1.572565423929583
5832,TWNK (OMIM:609286),118,36205.47773315056,5.244890298877381,9.017479879856241,0.00035005354757042197,1.4980386409976159
5833,TWNK (OMIM:616138),62,9414.514792500006,4.978590583024857,9.05948557980066,0.0013598250934187413,1.5906097647199888
5834,TXN2 (OMIM:616811),78,14367.843572675905,4.78449669419777,8.437272419753329,0.0001018499913121344,1.421769558040113
5835,TXNDC15 (OMIM:619879),141,48859.313188286935,4.950285024142547,8.829810350022917,0.0003808195877039723,1.5468833954698513
5836,TXNL4A (OMIM:608572),122,37569.549060519326,5.090035098295533,8.814653792255434,0.0002744252097946437,1.4489935184923834
5837,TXNRD2 (OMIM:617825),12,285.70255754434254,4.328826629459735,8.261504252297629,0.7643690178006315,1.6894599475388712
5838,TYK2 (OMIM:611521),29,1724.4834201927051,4.2474961088490275,8.445283492653372,0.09051122362700281,1.5448426459870594
5839,TYMS (OMIM:620040),105,26152.895971530495,4.789907687093497,9.173630697563809,0.00010349237996709834,1.5099311711972658
5840,TYR (OMIM:203100),50,6131.434405466596,5.005252575891099,8.720601790602114,0.10425156032034069,1.620698528367715
5841,TYR (OMIM:606952),29,1780.3666239013946,4.385139467737425,8.258392259143193,0.7609453784098479,1.5178963887833845
5842,TYROBP (OMIM:221770),111,31023.80910045289,5.081705012359196,8.801164387550617,0.00046514196955248867,1.4747084545246378
5843,TYRP1 (OMIM:203290),17,584.5495041557438,4.298158118792234,7.709356049343754,0.7876307367042947,1.5793173424127323
5844,U2AF2 (OMIM:620535),103,24918.756412266004,4.74371909618618,8.773219632872037,0.03466662980603024,1.500237287467465
5845,UBA1 (OMIM:301054),78,14965.665379253953,4.983571554863121,9.342682280659089,0.021118882200204435,1.6161057358192623
5846,UBA1 (OMIM:301830),117,34815.15576243401,5.130438514947541,8.775153330990758,0.00035697193889868843,1.4881852300982583
5847,UBA2 (OMIM:619959),117,32868.56951343616,4.843585251022128,9.344869083052698,0.00022366396974664592,1.4877243927614086
5848,UBA5 (OMIM:617132),84,17990.034108043183,5.160652354573489,8.915644428508728,0.0012599449808452711,1.503303507363089
5849,UBA5 (OMIM:617133),34,2612.1944775481943,4.656318141797138,8.101499660949802,0.4409575703503826,1.4732822957448473
5850,UBAP1 (OMIM:618418),57,8676.156709231593,5.4361884143055095,8.651414163051067,0.0010221449047190993,1.6438505269779091
5851,UBAP2L (OMIM:620494),266,187123.36181741807,5.309217245493491,9.013265320832058,0.00018949040145411217,1.4751755894664087
5852,UBE2A (OMIM:300860),135,44960.14023963898,4.970717549987726,9.067839720885203,0.00015294580467822567,1.409638932035803
5853,UBE2T (OMIM:616435),61,8817.093133156044,4.818083679320242,9.518481981340633,0.0013984767725301699,1.6303715589453203
5854,UBE3B (OMIM:244450),231,134929.2690794739,5.079212086560282,8.885520883428894,0.00017449449899708947,1.4472396247578854
5855,UBE3C (OMIM:620270),99,23799.56106587385,4.906114422979561,8.756391130557189,0.0009189324407240284,1.4745280524521112
5856,UBE4A (OMIM:619639),48,5657.102547190818,5.0151618326159735,8.908085989829646,0.0012599449808452711,1.5439952133873847
5857,UBIAD1 (OMIM:121800),10,185.9285994265852,4.131746653924115,6.911402548177387,0.1564554387196953,1.5584775416129137
5858,UBQLN2 (OMIM:300857),34,2729.2878125983225,4.8650406641681325,8.542989881394849,0.0029392195486610383,1.5843832739109494
5859,UBR1 (OMIM:243800),261,180802.24965589342,5.328684045266532,9.362322859965106,6.377830462530904e-05,1.4414373664750082
5860,UBR7 (OMIM:619189),114,29928.76548152491,4.64660231043703,8.859832521578053,0.0019071621965142454,1.3706468158310778
5861,UBTF (OMIM:617672),85,18170.69510259682,5.08983056095149,8.611946769521616,0.0006912747598399878,1.424906311765383
5862,UCHL1 (OMIM:613643),16,469.53017710126346,3.912751475843862,7.314516864563719,0.000762189151311748,1.528826485023061
5863,UCHL1 (OMIM:615491),121,40262.559422233295,5.545807082952244,8.795029463371854,0.00010628559088546006,1.622792599451169
5864,UCHL1 (OMIM:620221),52,6900.670941678434,5.204125898701685,8.234084590587564,0.0011901076561597205,1.5161652909206231
5865,UFC1 (OMIM:618076),241,152475.6275352253,5.27232460356934,8.92843686164264,0.0005412573883512041,1.4390792083567452
5866,UFM1 (OMIM:617899),70,11234.819361315323,4.652099114416283,8.72778131173998,0.0454015306599506,1.3588658498503694
5867,UFSP2 (OMIM:142669),26,1346.8579470565473,4.144178298635531,8.64874383373641,0.015145095972942467,1.6314831395220593
5868,UFSP2 (OMIM:617974),51,5469.9072968407545,4.29012337007118,8.961237387471652,0.271197358050388,1.52271934463212
5869,UFSP2 (OMIM:620028),69,11732.228151564093,5.000949766225104,8.97784149138294,0.044856542552034036,1.6055466164103642
5870,UGDH (OMIM:618792),104,27924.430634431512,5.21367263525607,8.821531924588221,4.395661259112839e-05,1.5437968178138333
5871,UGP2 (OMIM:618744),138,45657.00243888219,4.829895529343298,8.7619830740427,0.0001018499913121344,1.447986001429053
5872,UGT1A1 (OMIM:143500),28,1775.3829628859223,4.696780325095032,8.091216883448599,0.0002853408619472198,1.640308949389875
5873,UGT1A1 (OMIM:218800),31,2079.6020661401653,4.4722625078283125,8.263571811073122,0.0002853408619472198,1.67087870217749
5874,UGT1A1 (OMIM:237900),25,1233.8483775299612,4.112827925099871,7.673999406972417,0.00046729759850372584,1.4877867967857594
5875,UGT1A1 (OMIM:606785),24,1248.312086292356,4.522869877870855,8.091216883448599,0.0002853408619472198,1.6692809128539825
5876,UMOD (OMIM:162000),82,17874.03890014887,5.382125534522394,8.933465683557518,8.369844453416479e-05,1.7073221489206651
5877,UNC119 (OMIM:615518),64,10231.201799223818,5.075000892472132,8.6508209721804,0.00010563534348670766,1.6579130656524235
5878,UNC119 (OMIM:620342),41,4079.622889450497,4.975149865183533,8.720601790602114,0.0004882882588597252,1.6195859840906919
5879,UNC13D (OMIM:608898),41,3962.4519221121454,4.832258441600177,8.450434291814826,2.000000165480742e-10,1.6680089866056966
5880,UNC45A (OMIM:619377),134,46015.035801015874,5.163846459546165,9.084652968046429,0.00016212543135581012,1.5509432354500379
5881,UNC45B (OMIM:616279),8,108.09114928868804,3.860398188881716,6.293405356345604,0.014341157291411992,1.6680788333951848
5882,UNC45B (OMIM:619178),62,9528.65363390665,5.038949568432919,8.999195930089218,0.0006888527898926093,1.6389954019704112
5883,UNC80 (OMIM:616801),143,50978.96940770321,5.021074500906453,8.811673641557615,0.0001018499913121344,1.5001985977533137
5884,UNC93B1 (OMIM:610551),13,367.12373117571525,4.706714502252759,7.826971238015564,0.00209953458614878,1.993625432420897
5885,UNG (OMIM:608106),53,6156.305588733307,4.467565739283967,8.522070981936519,0.08854697781472262,1.5595886611937726
5886,UPB1 (OMIM:613161),88,18603.967486840615,4.8599706078476,8.775787374694724,0.0005412573883512041,1.4546648547105556
5887,UPF3B (OMIM:300676),67,10866.539074882003,4.914762132465854,8.726340627149263,0.006897913965728082,1.6568095933355338
5888,UQCC2 (OMIM:615824),100,24122.028621749352,4.8731370953029,9.012976862406576,0.0005663055145444418,1.4327351571308737
5889,UQCC3 (OMIM:616111),50,5713.771563214176,4.664303316909532,8.894872634603368,9.40336853774267e-05,1.5664502878118771
5890,UQCRB (OMIM:615158),30,1952.6639414354117,4.488882623989452,8.825116156796453,0.019538305154274842,1.6676483913111908
5891,UQCRC1 (OMIM:619279),49,5748.189980167537,4.887916649802327,8.079670262728827,0.0006461379115094649,1.6175575725847597
5892,UQCRC2 (OMIM:615160),71,12693.664993019382,5.108114685319671,8.795167964477491,0.00016212543135581012,1.636353834496195
5893,UQCRFS1 (OMIM:618775),96,23210.346951918746,5.089988366648848,8.860622938536464,0.0011312603898993392,1.4723888465459622
5894,UQCRH (OMIM:620137),64,9731.939342701775,4.827350864435404,8.468450610703412,0.019538305154274842,1.5299194254168405
5895,UQCRQ (OMIM:615159),46,5056.8752323334575,4.885869789694162,8.638183450982082,0.0012599449808452711,1.5134844785592896
5896,UROC1 (OMIM:276880),41,3782.9336688023463,4.613333742441886,7.931528383441087,0.0011342589495837805,1.5480901059183483
5897,UROD (OMIM:176100),41,3863.1328386125706,4.71113760806411,8.746268318154547,0.1963550609497507,1.7076316790651453
5898,UROS (OMIM:263700),125,34887.482229980495,4.501610610320064,9.005211095791768,0.003080238579707967,1.4237531008000086
5899,USB1 (OMIM:604173),154,56635.943454823544,4.807396948885795,9.036705714824524,0.0006982854539680614,1.3941620303407674
5900,USH1C (OMIM:276904),15,462.63277188493305,4.406026398904125,7.799732943078595,0.014407477094097808,1.6372085990583778
5901,USH1C (OMIM:602092),7,67.17848022202988,3.198975248668089,4.662535130851787,0.3980917516456417,1.227516412457778
5902,USH1G (OMIM:606943),27,1577.2177627381684,4.493497899538942,8.0800407695214,0.21254750657908938,1.475462104260726
5903,USH2A (OMIM:613809),20,821.6062048308049,4.324243183320026,7.413880191628371,0.00015500775417016222,1.4533316173480821
5904,USP18 (OMIM:617397),126,38564.291030899636,4.897052829320589,8.85979097066973,0.0012287831758608515,1.4931271042528376
5905,USP26 (OMIM:301101),50,6542.215299052312,5.340583917593724,8.64426988638554,0.00019393250834450767,1.7629923869178887
5906,USP27X (OMIM:300984),15,413.37125918206215,3.9368691350672584,7.666537153596471,0.128450064141827,1.3545808644574953
5907,USP45 (OMIM:618513),26,1453.368703440955,4.471903702895246,7.625706474551242,7.985349342145561e-05,1.383234276426571
5908,USP48 (OMIM:620227),10,189.4303809771029,4.2095640217133985,6.847775293420409,0.3980917516456417,1.6737346897465906
5909,USP53 (OMIM:619658),45,4962.047428981518,5.012169120183352,8.84962496769966,7.554577520314774e-05,1.6123917065587825
5910,USP7 (OMIM:616863),95,22901.236259059133,5.1290562730255616,8.549693223945262,0.0005661386891909726,1.5464667640966805
5911,USP9X (OMIM:300919),87,18046.17224029303,4.823889933251278,9.191814546607414,0.00015304849304319395,1.46655037430891
5912,USP9X (OMIM:300968),205,103869.55510839257,4.96745839829711,9.126221757608684,0.0001473428281572063,1.3946560095896388
5913,UVSSA (OMIM:614640),16,451.5974290333645,3.763311908611371,8.035591482089897,0.7400213448202568,1.5223430142007135
5914,VAC14 (OMIM:617054),64,10096.007262927107,5.0079401105789225,8.532458356708846,0.003303224205639112,1.5187031051429358
5915,VAMP1 (OMIM:108600),49,5838.267707116874,4.964513356391899,8.580977731797152,0.0010221449047190993,1.5625990388566444
5916,VAMP1 (OMIM:618323),75,14024.140714910225,5.053744401769451,8.470596217523934,0.0001327613358585333,1.4651144941580836
5917,VAMP2 (OMIM:618760),59,8342.67771978924,4.875907492571152,8.908085989829646,0.0003375709275285942,1.588266247898561
5918,VANGL1 (OMIM:600145),85,17784.43460070774,4.981634341934941,8.832232228609415,0.00014635645308271001,1.541803730244364
5919,VAPB (OMIM:182980),28,1928.5503257734592,5.101984988818675,8.767106052130394,0.034298969772904774,1.7325390867934145
5920,VAPB (OMIM:608627),50,6368.817523245816,5.199034712853727,8.767106052130394,0.0029392195486610383,1.6394808187856516
5921,VARS1 (OMIM:617802),167,67364.0787896772,4.859972497632003,9.083815276243154,0.0001663034595149971,1.426864924273776
5922,VARS2 (OMIM:615917),87,17996.727458157184,4.810672937224588,8.341976251551907,0.00035005354757042197,1.4071900849855552
5923,VAX1 (OMIM:614402),43,3989.506131309936,4.418057731240239,8.813955054303433,0.00045198453520349144,1.5284811825764255
5924,VCAN (OMIM:143200),34,2926.277001732193,5.216180038738313,8.311784539744028,2.000000165480742e-10,1.6255219586728453
5925,VCL (OMIM:611407),12,287.78278536700196,4.360345232833363,7.547904301746881,0.05130359026450264,1.6475365430830191
5926,VCL (OMIM:613255),29,2207.6893216576646,5.437658427728238,8.780927669116384,8.946248855872717e-05,1.7529415433854234
5927,VCP (OMIM:167320),97,25128.405631761896,5.39699433671862,9.309080331424521,0.003303224205639112,1.7162827546147177
5928,VCP (OMIM:613954),88,20145.631389883907,5.262704124839056,9.313606039717692,0.0016170091368482085,1.6595015999216256
5929,VCP (OMIM:616687),59,9584.698974966694,5.601811206877086,9.330803898741895,0.00031792342844160594,1.981098702771184
5930,VDR (OMIM:264700),148,55594.442114614445,5.110722753687667,9.251279145337637,0.0005584506568620292,1.591092509082519
5931,VDR (OMIM:277440),140,48678.28260578316,5.002906742629308,9.251279145337637,0.0010465776658136754,1.552142128802209
5932,VEGFC (OMIM:615907),39,3105.5040355287133,4.190963610700018,8.700813127369791,0.473594995891922,1.4290813680496925
5933,VEZF1 (OMIM:620247),25,1591.7889927357646,5.305963309119216,8.44354938629543,0.05130359026450264,1.6989413032657925
5934,VHL (OMIM:263400),55,7327.740819884295,4.934505602615687,9.231754580868781,0.003982484960747179,1.7328411169334519
5935,VIM (OMIM:116300),13,337.1615054340727,4.322583403000932,6.821476802149076,0.000147720855623706,2.222746567764617
5936,VIPAS39 (OMIM:613404),133,43106.390928583525,4.910730340462922,8.958105423974065,8.678962776528191e-05,1.5033881186865186
5937,VKORC1 (OMIM:607473),13,377.38441605108153,4.838261744244635,7.978666873864002,8.244249002149404e-05,1.8075347704535158
5938,VLDLR (OMIM:224050),88,20370.090056938923,5.321340140266177,8.839801041648084,0.00030206516417093,1.511318577635591
5939,VMA21 (OMIM:310440),60,8612.223400858391,4.865662938338074,9.184544934713339,0.0006888527898926093,1.715633558168796
5940,VPS11 (OMIM:616683),101,24880.031803008344,4.926738970892742,8.779891618807993,0.0001018499913121344,1.3995327154920003
5941,VPS11 (OMIM:619637),44,4193.834379303424,4.433228730764719,7.689249461751631,0.43053687923584333,1.3192796651106804
5942,VPS13A (OMIM:200150),121,38141.91251367,5.253706957805785,9.102192422604633,0.00018869251796236437,1.5221390018036884
5943,VPS13B (OMIM:216550),218,119928.40555030259,5.070325351976603,9.013265320832058,0.00015500775417016222,1.4403798280589972
5944,VPS13C (OMIM:616840),81,17142.92455591782,5.2910260975055,8.776409775426227,0.00013152737595277557,1.4813063968377813
5945,VPS13D (OMIM:607317),100,25976.356156604175,5.247748718505894,9.166301628168,0.0023728934322074487,1.5573935126561698
5946,VPS16 (OMIM:619291),60,8365.493553635599,4.726267544426892,8.411515278806158,0.0007031720066138041,1.5578562684032413
5947,VPS33A (OMIM:617303),228,127380.42105043642,4.922344116641024,9.186125226782284,0.0008771266049050804,1.4017657069183533
5948,VPS33B (OMIM:208085),156,60727.07301037438,5.022917536011115,9.101569934738494,8.678962776528191e-05,1.491988098204047
5949,VPS33B (OMIM:620009),34,2601.847179999688,4.637873761140264,8.240055063041485,0.000839054258040604,1.6321700599224747
5950,VPS33B (OMIM:620010),51,6096.86576277815,4.781855500218157,8.875055534834347,8.678962776528191e-05,1.5905451106816757
5951,VPS35 (OMIM:614203),20,888.6547990656388,4.677130521398099,8.261472799679238,0.025697212858548604,1.8112168268929647
5952,VPS35L (OMIM:619135),149,53783.49093607828,4.877878735359902,8.928031774842259,0.0001018499913121344,1.5039563336103092
5953,VPS37A (OMIM:614898),64,9804.360213447184,4.863273915400389,8.587175900909383,0.0010221449047190993,1.5714037399536251
5954,VPS41 (OMIM:619389),85,17918.20243428796,5.019104323329961,8.608484621439692,0.0006217310747805367,1.4357627002101039
5955,VPS45 (OMIM:615285),64,9688.421466131726,4.805764616136768,8.606287008981077,0.021118882200204435,1.4930905098172171
5956,VPS4A (OMIM:619273),133,44183.66436262685,5.033454586765419,9.004264940230842,0.0001018499913121344,1.4770130524948557
5957,VPS50 (OMIM:619685),105,27966.015554065507,5.121980870707969,8.763703770471151,8.400973837208595e-05,1.5203541517319494
5958,VPS51 (OMIM:618606),168,70151.70658028446,5.000834515275482,8.894744762872842,2.000000165480742e-10,1.425610510628784
5959,VPS53 (OMIM:615851),137,46377.25775898078,4.978237200405837,8.908303490334077,0.0001018499913121344,1.4759962669451223
5960,VRK1 (OMIM:607596),123,40573.44988485107,5.407630265873793,8.817370467441451,0.0012287831758608515,1.6047617489176784
5961,VRK1 (OMIM:620542),92,21496.09962317042,5.135236412606407,8.638915290073431,0.00031792342844160594,1.5997430584868957
5962,VSX1 (OMIM:148300),11,204.86538710144916,3.7248252200263483,7.268958419530473,0.02464529186207756,1.6558787622612134
5963,VSX1 (OMIM:614195),76,15686.969851460126,5.504199947880746,8.958121717058408,0.0001197871677958315,1.571562411016335
5964,VSX2 (OMIM:610092),12,265.6005570465787,4.024250864342101,8.091824122621771,0.7609453784098479,1.624196638152937
5965,VSX2 (OMIM:610093),16,518.6933207211948,4.32244433934329,8.74832263769285,0.7609453784098479,1.5966110831852691
5966,VWA1 (OMIM:619216),82,17596.646938713355,5.298598897534886,9.360457459791052,0.0024908879229949667,1.814241783440625
5967,VWA3B (OMIM:616948),58,7982.4317868502,4.82905734231712,8.061678622880773,0.0011901076561597205,1.497202553048338
5968,VWA8 (OMIM:620422),20,826.5326487859106,4.350171835715319,8.13053346143189,0.150900650815032,1.6816546081275134
5969,VWF (OMIM:193400),66,11172.413867302621,5.208584553521035,8.92026925914582,0.0008106970375320321,1.7109493119526336
5970,VWF (OMIM:277480),49,6046.795004350324,5.1418324866924525,8.813477539694276,0.0008106970375320321,1.7422941450893117
5971,VWF (OMIM:613554),27,1574.9389021248355,4.487005419159075,8.813477539694276,0.021118882200204435,1.6422008237746126
5972,WAC (OMIM:616708),116,33181.060042554425,4.97467167054789,8.885520883428894,0.03466662980603024,1.4292216889857967
5973,WARS1 (OMIM:617721),46,5408.944312199946,5.226033151884005,8.919810257700947,0.0005340748793716729,2.006596012526286
5974,WARS1 (OMIM:620317),77,13863.929716530429,4.738185138937262,8.908085989829646,0.01804202834354887,1.4089010707741818
5975,WARS2 (OMIM:617710),132,44043.23395339596,5.094058981424469,8.679741242839922,0.00022788042459846833,1.424666647182944
5976,WARS2 (OMIM:619738),74,13441.068839957758,4.976330559036564,8.805348336338723,0.00018869251796236437,1.535069009904684
5977,WAS (OMIM:300299),31,2040.5130491694113,4.388200105740669,7.919598236461726,0.026169438432655054,1.3989981912452116
5978,WAS (OMIM:301000),139,53777.346079551615,5.607063505322866,8.887888566091641,2.000000165480742e-10,1.6176170613046181
5979,WAS (OMIM:313900),47,5451.755475272823,5.043252058531751,8.84130759067763,0.014566809922073501,1.7258642832802893
5980,WASF1 (OMIM:618707),121,35789.26968019159,4.92965147110077,9.013265320832058,0.00016194096168394945,1.5327100015013357
5981,WASHC4 (OMIM:615817),77,13235.913735138427,4.5235521992954295,8.232522788202202,0.00011853325674116622,1.3904672892413932
5982,WASHC5 (OMIM:220210),168,71761.16210935432,5.115566161202903,8.96445801931198,2.000000165480742e-10,1.3942766769556378
5983,WASHC5 (OMIM:603563),71,13593.759885205414,5.470325909539402,8.841087779569449,0.0010221449047190993,1.6967597221497381
5984,WBP11 (OMIM:619227),150,55985.43288194142,5.009882137086481,8.686586194008044,0.00031984864419684893,1.4144260345240507
5985,WBP2 (OMIM:617639),5,36.198003799098124,3.6198003799098126,4.662535130851787,1.0324879018887914,1.0353674212367496
5986,WDFY3 (OMIM:617520),25,1106.0462604011673,3.686820868003891,8.232308486184055,0.0454015306599506,1.4554711626117194
5987,WDPCP (OMIM:217085),66,10073.780436117187,4.696401135718968,8.64198020110445,7.393453312369341e-05,1.503040747764695
5988,WDR1 (OMIM:150550),92,21333.947685680523,5.096499686020191,8.675403654428223,4.9346129758286674e-05,1.5673799757976248
5989,WDR11 (OMIM:614858),27,1716.720704675124,4.890942178561606,8.699631570685783,0.0013598250934187413,1.7802520394606751
5990,WDR11 (OMIM:620237),108,28664.450969710048,4.960964169212539,8.808231326956138,0.0012599449808452711,1.6386872319831658
5991,WDR19 (OMIM:614376),120,34589.177921443545,4.844422678073325,8.835292313549807,0.0006353231604271463,1.4616947874662585
5992,WDR19 (OMIM:614377),45,5012.362390701803,5.062992313840205,8.370835577080683,8.400973837208595e-05,1.6787784058079784
5993,WDR19 (OMIM:614378),142,46574.10249428988,4.652292727428816,8.811060865901364,0.00017189252005425464,1.397397654730684
5994,WDR19 (OMIM:616307),62,9175.883869485868,4.852397604170211,8.370835577080683,0.0006348976444134446,1.4991535127227833
5995,WDR19 (OMIM:619867),20,1005.9048469601813,5.294236036632533,8.566164424851095,8.084441465612328e-05,2.285121157160272
5996,WDR26 (OMIM:617616),189,91042.14500606121,5.124515648207881,9.126221757608684,0.00015294580467822567,1.5207946230526899
5997,WDR35 (OMIM:613610),228,132931.2026415111,5.1368422073387086,8.890705948247707,0.00018949040145411217,1.407316093246929
5998,WDR35 (OMIM:614091),126,38150.69118143667,4.844532213515768,8.967451382090996,0.0006353231604271463,1.3950226475398098
5999,WDR36 (OMIM:609887),5,33.61053708499669,3.3610537084996692,5.298500616123931,0.5562648172422795,1.5519498425502847
6000,WDR37 (OMIM:618652),124,38052.68784620913,4.989862030711924,8.843139062515883,0.00016194096168394945,1.4734829943510352
6001,WDR4 (OMIM:618346),85,16447.177594498462,4.607052547478561,8.650772391722505,5.9439822204979764e-05,1.3489816651774424
6002,WDR4 (OMIM:618347),126,37783.9383536041,4.797960425854488,8.620786970674974,0.00015294580467822567,1.4451446681073914
6003,WDR45 (OMIM:300894),81,15911.543543533582,4.910970229485674,8.4582404618915,0.001107639007670092,1.448664437789879
6004,WDR45B (OMIM:617977),88,19257.452481092627,5.030682466325137,8.63754099164505,0.0006912747598399878,1.5738869372205482
6005,WDR62 (OMIM:604317),129,42448.39503258954,5.141520716156679,8.908085989829646,0.0001018499913121344,1.4808569483786098
6006,WDR72 (OMIM:613211),17,511.6201723383532,3.761913031899656,7.0044179549823555,0.0009427092156994214,1.7677341381064289
6007,WDR73 (OMIM:251300),228,131630.2960695406,5.086571453340312,9.126221757608684,2.000000165480742e-10,1.384406727821139
6008,WDR81 (OMIM:610185),116,34391.432701482045,5.156136836803904,8.631089911625867,2.000000165480742e-10,1.5525882647831089
6009,WDR81 (OMIM:617967),55,6909.047710343393,4.652557380702621,8.137438759189752,0.0004376655093729394,1.4072306508148014
6010,WEE2 (OMIM:617996),8,109.51327751700872,3.9111884827503114,6.957128747041759,0.0003828231525103401,2.476173920827913
6011,WFS1 (OMIM:116400),8,110.7713494548973,3.9561196233891893,6.401532239623281,0.20449388658108741,1.7362292568609154
6012,WFS1 (OMIM:222300),124,37305.23791928821,4.891848664999765,9.093188221685669,0.0001473428281572063,1.3925940482419872
6013,WFS1 (OMIM:600965),10,130.2576407599305,2.8946142391095666,4.723785436329275,0.0025707430151976655,1.5958767453774816
6014,WFS1 (OMIM:614296),51,6767.47706036777,5.307825145386486,9.021219752668882,0.00015286693837893977,1.70695177406001
6015,WHRN (OMIM:607084),8,126.36072610948024,4.51288307533858,7.785566405355867,0.0001475266415161842,2.282599714190366
6016,WHRN (OMIM:611383),17,588.738331827119,4.328958322258228,7.948137248848518,0.7609453784098479,1.5488271425253501
6017,WIPF1 (OMIM:614493),37,3135.255661124869,4.707591082770074,8.087742341051872,2.000000165480742e-10,1.5772749526276784
6018,WIPI2 (OMIM:618453),84,16029.672565689292,4.5982996459234915,8.533574282158947,0.0002486465088485564,1.543244896407837
6019,WLS (OMIM:619648),203,105013.67137766533,5.121868574241103,9.145913361022401,0.0001473428281572063,1.4164850369570234
6020,WNK1 (OMIM:614492),24,1442.8423731818548,5.227689757905271,8.3675190899466,0.00034954821993255067,1.9511723298903993
6021,WNK3 (OMIM:309610),124,34809.27269686465,4.564551887865808,8.789156748701284,0.00017796557473134708,1.4245550619897105
6022,WNK4 (OMIM:614491),23,1286.6079403455437,5.0854068788361415,8.3675190899466,0.00034954821993255067,1.9476681144187051
6023,WNT1 (OMIM:615220),50,5848.13650629967,4.773988984734425,8.649824644575803,0.006214400107397506,1.5592217897473133
6024,WNT10A (OMIM:150400),60,8333.23261216274,4.708041023820757,8.911410240251124,0.0009929488752456845,1.6179309681322758
6025,WNT10A (OMIM:224750),53,6815.106720465976,4.945650740541347,8.885689707501943,0.0006982854539680614,1.7269807006386015
6026,WNT10A (OMIM:257980),82,16829.418527469745,5.067575587916213,8.944275825065047,0.0009189324407240284,1.6354096946219723
6027,WNT10B (OMIM:225300),30,1800.285240121029,4.138586758898917,8.68315120457273,0.023231022830959073,1.8578842440681245
6028,WNT10B (OMIM:617073),24,1062.2390461032328,3.8486921960262057,7.99764353613056,0.11066115890164985,1.379823831214947
6029,WNT2B (OMIM:618168),16,534.015110000491,4.450125916670758,8.176690380436174,0.00017851427268566979,1.6532321121598095
6030,WNT3 (OMIM:273395),115,31540.697334691,4.811700585002441,8.89442780716161,0.0007660873712183492,1.4081581151064106
6031,WNT4 (OMIM:158330),45,4789.694346115823,4.83807509708669,8.428667012580302,0.00031984864419684893,1.54129328995467
6032,WNT4 (OMIM:611812),81,15709.949315524238,4.848749788742049,8.883966192477477,0.00010468782252650423,1.430800791359428
6033,WNT7A (OMIM:228930),111,32640.076422447357,5.3464498644467415,8.850877546006084,0.00031000156262966493,1.6074328043781627
6034,WNT7A (OMIM:276820),195,97085.30429569868,5.1327150037377045,8.997354046650747,0.00031000156262966493,1.4562801951079964
6035,WRAP53 (OMIM:613988),27,1517.509092570576,4.3233877281213,9.223393158840036,0.00034846550864526177,1.7135035932266611
6036,WRN (OMIM:277700),117,32204.214597193048,4.745684438136317,9.196915662491865,0.00151453238867193,1.4429656208969306
6037,WT1 (OMIM:136680),38,3335.8489863256973,4.745162142710807,8.208050103219746,0.0007165373026079224,1.5830701198506412
6038,WT1 (OMIM:194080),80,15380.497829174796,4.867246148473036,8.681532888280971,0.0007165373026079224,1.5034100358449316
6039,WT1 (OMIM:256370),26,1409.3458860224007,4.336448880068925,8.207885008668477,0.0008822522420478882,1.5468694058691366
6040,WT1 (OMIM:608978),88,20293.514552539815,5.301336090005177,9.025295217379876,0.00022366396974664592,1.4571332213806987
6041,WWOX (OMIM:614322),74,13441.239046853361,4.976393575288175,8.908085989829646,0.0454015306599506,1.4412111319005627
6042,WWOX (OMIM:616211),142,49269.323301533586,4.921518659627768,9.099805142569775,0.0001663034595149971,1.4550154360289984
6043,XDH (OMIM:278300),35,2682.6116470351335,4.508591003420393,8.445731091287813,0.0001473428281572063,1.6489017469278908
6044,XIAP (OMIM:300635),76,14579.96920777376,5.1157786693943015,9.00106593667079,0.00020121163705395478,1.595869554146217
6045,XK (OMIM:300842),99,25388.852639948513,5.233735856513814,9.047470799165582,0.00010628559088546006,1.6543448050682013
6046,XPA (OMIM:278700),101,23496.833151382696,4.652838247798553,8.884882160279034,0.00010349237996709834,1.4586053591132226
6047,XPC (OMIM:278720),60,7829.211932438096,4.423283577648641,8.8235053126039,0.00010349237996709834,1.5523363192035908
6048,XPNPEP2 (OMIM:300909),7,71.00525513175977,3.381202625321894,6.273567762202416,1.545704569424549,1.562036361067378
6049,XPNPEP3 (OMIM:613159),58,8542.16771526707,5.167675568824604,8.742485678985322,0.0003277254209336634,1.743319012608027
6050,XPR1 (OMIM:616413),42,4017.9518825829136,4.666610781164824,8.099664280647712,0.00037868868455093207,1.556327731871461
6051,XRCC1 (OMIM:617633),60,9615.757146431224,5.432631156175833,8.67940035970119,0.0021463902431097556,1.5724060958989996
6052,XRCC2 (OMIM:617247),93,20386.583329619654,4.7654472486254456,9.17284249467843,0.0034834772851549045,1.5993674248061729
6053,XRCC2 (OMIM:619145),23,1283.3629174522239,5.072580701392189,8.593998861735125,0.000803149581822378,1.9960484425676366
6054,XRCC2 (OMIM:619146),13,327.27851412942624,4.195878386274695,7.588632401504125,0.002020772280251106,1.78445104249615
6055,XRCC4 (OMIM:616541),185,88037.061415602,5.17256530056416,8.935471638612867,0.00031984864419684893,1.4171707594545335
6056,XYLT1 (OMIM:615777),187,88820.10420960393,5.107245368846181,9.604928063761362,0.00015304849304319395,1.501986559512248
6057,XYLT2 (OMIM:605822),133,40833.318431992615,4.651779269992323,8.889712784338094,0.0002486465088485564,1.398534662282808
6058,YAP1 (OMIM:120433),49,5701.282985658598,4.848029749709692,9.213202861928275,0.1698472034295444,1.5625001143801651
6059,YARS1 (OMIM:608323),46,5190.701995204547,5.015171009859466,9.072852201496532,0.0006461379115094649,1.7456949490955356
6060,YARS1 (OMIM:619418),196,98308.74590681237,5.144361376599287,9.136065882335949,6.377830462530904e-05,1.5136689483817578
6061,YARS2 (OMIM:613561),83,17362.953350340507,5.102249000981636,8.935163494691741,0.019538305154274842,1.5802609414890867
6062,YEATS2 (OMIM:615127),25,1471.2694247764748,4.904231415921583,8.908085989829646,0.0015682711898302283,1.7332994283400966
6063,YIF1B (OMIM:619125),85,17897.66713071726,5.013352137455815,8.574468905653335,0.006829839193248843,1.4737866861732447
6064,YIPF5 (OMIM:619278),41,3448.3922649121373,4.2053564206245575,8.762590018240283,0.0012287831758608515,1.5529511127612654
6065,YME1L1 (OMIM:617302),179,83992.39429613482,5.272261270236321,8.939945598133225,0.00020062741195619893,1.4597341106377784
6066,YRDC (OMIM:619609),74,12292.585386270799,4.551123800914772,8.368757646395636,0.00040364886229316726,1.4863103652988199
6067,YWHAG (OMIM:617665),69,12291.033871592601,5.23914487280162,8.492577406218505,2.000000165480742e-10,1.5406769376784237
6068,YY1 (OMIM:617557),194,90893.61814444789,4.8551689623656795,8.677190902536802,0.0001473428281572063,1.384635963346044
6069,YY1AP1 (OMIM:602531),58,7615.328957811121,4.60697456612893,8.80590037898042,0.043429730737021624,1.6120576801220805
6070,ZAP70 (OMIM:269840),61,9061.287059168284,4.951522983152068,8.309712896780319,0.00022427818665746516,1.4789734832136092
6071,ZAP70 (OMIM:617006),47,4744.54327798151,4.38903170951111,8.083639940233253,0.001234361232186321,1.4272511861954817
6072,ZBTB11 (OMIM:618383),66,10229.340657513829,4.768923383456331,8.2838604065762,0.001107639007670092,1.4980936396750741
6073,ZBTB18 (OMIM:612337),122,36330.23721585034,4.922129415506076,8.847466797806248,0.0003375709275285942,1.4202030312431795
6074,ZBTB20 (OMIM:259050),251,161175.70773988517,5.137074350275224,9.360985230622335,0.000147720855623706,1.4182303859778598
6075,ZBTB24 (OMIM:614069),94,21589.780975246096,4.939323032543147,8.63718515805902,0.00010563534348670766,1.4734994539913395
6076,ZBTB42 (OMIM:616248),26,1321.0995626063236,4.064921731096381,7.876598088728061,0.2208074551888875,1.3590153356386931
6077,ZBTB7A (OMIM:619769),119,34399.41482827258,4.899503607502147,9.08060947992831,0.002093790532653398,1.4800271491701684
6078,ZC3H14 (OMIM:617125),6,48.20798542487188,3.213865694991459,6.178273359453001,1.046009439364104,1.42533190141173
6079,ZC4H2 (OMIM:301041),174,78061.9247409847,5.186494235664388,8.880564369144865,0.00016194096168394945,1.4875080758526067
6080,ZC4H2 (OMIM:314580),180,80186.70801765085,4.977449287253311,8.860628775566731,0.0025134926637532876,1.4261266656997251
6081,ZCCHC8 (OMIM:618674),13,331.05879524489325,4.244343528780683,8.808092268709613,0.0013984767725301699,1.810186245340198
6082,ZDHHC9 (OMIM:300799),48,4800.908885888323,4.256124898837166,8.795029463371854,0.053794444570938044,1.5459760507679585
6083,ZEB1 (OMIM:609141),27,1762.4867646878565,5.021329813925517,8.333015134015977,0.00018580865589602608,1.758556617489723
6084,ZEB1 (OMIM:613270),22,1100.4489725733429,4.763848366118367,8.457292943568213,0.0003797032882271751,1.7884272806135877
6085,ZEB2 (OMIM:235730),202,107904.33235167168,5.315222518677488,9.030936944028737,0.0001657766422300117,1.4367703109018855
6086,ZFHX2 (OMIM:147430),34,2939.4964184344362,5.239744061380457,9.124122270643895,0.00017462367016716774,1.8059056072366617
6087,ZFHX3 (OMIM:600223),42,4415.7362287988,5.128613506154239,8.364844345517504,0.05136957386269497,1.5350139417638273
6088,ZFHX3 (OMIM:613055),8,101.63676352292975,3.6298844115332054,5.388437390482778,0.09405951567937798,1.426847993517487
6089,ZFHX4 (OMIM:178300),4,18.871085782847057,3.1451809638078427,5.145559655950784,1.4812029161823268,1.2898529666236451
6090,ZFP36L2 (OMIM:620154),9,146.56319168324308,4.071199768978975,6.957128747041759,0.0003828231525103401,2.309323788043062
6091,ZFPM2 (OMIM:610187),8,102.94949333642441,3.6767676191580145,6.630035986689531,0.8622284498643286,1.816449285929669
6092,ZFPM2 (OMIM:616067),17,579.8418415360859,4.263542952471219,8.092057685858018,0.0013177756740180308,1.7792548355674833
6093,ZFYVE19 (OMIM:619849),44,4708.085806158271,4.976834890230731,8.94235871408567,0.00026285598368636976,1.6640977297362913
6094,ZFYVE26 (OMIM:270700),105,28570.42588641103,5.232678733774914,8.919810257700947,0.00018869251796236437,1.5161077893544492
6095,ZFYVE27 (OMIM:610244),45,4926.330160732793,4.976091071447266,8.648019665977229,0.0010221449047190993,1.8436604720355296
6096,ZIC1 (OMIM:616602),98,24914.171038926386,5.241778043115167,8.485637321006596,2.000000165480742e-10,1.458503311342031
6097,ZIC1 (OMIM:618736),105,28195.92055511084,5.164088013756564,8.518101504699134,2.000000165480742e-10,1.4155551826663932
6098,ZIC2 (OMIM:609637),85,18081.54653621312,5.064858973729166,9.136746828154523,9.580292411870432e-05,1.5717232052656542
6099,ZIC3 (OMIM:306955),194,103299.23620488896,5.51782683643443,9.117004915409543,7.393453312369341e-05,1.4867298793344481
6100,ZMIZ1 (OMIM:618659),207,107203.96670388342,5.028092805397655,8.885520883428894,0.00015294580467822567,1.3961336035663308
6101,ZMPSTE24 (OMIM:275210),163,65590.89921681314,4.967878453140433,9.137143990770786,0.0005670439116028207,1.4288630401057347
6102,ZMPSTE24 (OMIM:608612),120,34192.249767353656,4.788830499629364,9.58091494342327,0.0007165373026079224,1.519980184831074
6103,ZMYM2 (OMIM:619522),232,139871.5862197073,5.219868122843234,8.70692227436632,5.822618850128371e-05,1.4372045313580462
6104,ZMYM3 (OMIM:301111),160,63963.80287198962,5.0286008547161645,8.816786731235048,0.00022366396974664592,1.432199178400528
6105,ZMYND10 (OMIM:615444),58,8185.655858469773,4.951999914379778,9.249794655572087,0.00022214785473814938,1.6749782689796657
6106,ZMYND11 (OMIM:616083),72,12251.361985672545,4.793177615677835,8.964079417231831,0.00015294580467822567,1.4576589039435957
6107,ZMYND15 (OMIM:615842),27,1702.8326193470893,4.851374983894841,8.557226359697278,0.000803149581822378,1.825931647835754
6108,ZNF141 (OMIM:615226),46,4169.187853010758,4.028200824164983,8.429245304562516,0.12046623507016672,1.5157535100823794
6109,ZNF142 (OMIM:618425),52,6783.742009746444,5.115944200412099,8.908085989829646,0.0005974451415905798,1.5164419101700826
6110,ZNF148 (OMIM:617260),138,47825.19382009041,5.05926095631973,9.013265320832058,0.00015294580467822567,1.4503063366253686
6111,ZNF292 (OMIM:619188),139,48202.04124193587,5.0257576104614605,8.664861288304921,0.0002095667367135034,1.4926403035946088
6112,ZNF335 (OMIM:615095),85,16878.96247237519,4.728000692542071,8.269832271865308,0.0001018499913121344,1.3730444199511798
6113,ZNF341 (OMIM:618282),127,40632.11085085051,5.078379058973942,8.889038401898937,0.0004605722303507187,1.5254603785770133
6114,ZNF407 (OMIM:619557),119,34060.089397909665,4.851173536235532,8.890822721340799,0.0002486465088485564,1.4923436735114697
6115,ZNF408 (OMIM:616468),46,5958.272414325103,5.75678494137691,8.486933776271572,2.000000165480742e-10,1.5894931056147914
6116,ZNF408 (OMIM:616469),41,4221.566608584742,5.14825196168871,8.720743863755816,0.00014468862235090667,1.597050054350922
6117,ZNF423 (OMIM:614844),34,2569.06631296084,4.579440843067451,8.193057790362777,0.003858363741813922,1.6486960642033308
6118,ZNF462 (OMIM:618619),142,50195.38484135353,5.0140230587707055,8.790500646376174,7.104736562826131e-05,1.5044990900204318
6119,ZNF469 (OMIM:229200),91,19212.06450977421,4.691590844877707,8.985045439624995,0.02464529186207756,1.488945074878654
6120,ZNF513 (OMIM:613617),32,2494.235889203189,5.028701389522558,8.122895513384371,0.00015500775417016222,1.541203163988564
6121,ZNF526 (OMIM:619877),99,23824.61132880925,4.911278360917182,9.11345293491237,0.00011853325674116622,1.478571231206288
6122,ZNF644 (OMIM:614167),6,55.033856421793175,3.6689237614528785,6.110029589307874,0.00014468862235090667,1.675027878086191
6123,ZNF668 (OMIM:620194),146,49844.22012727972,4.708948524069884,9.721497917613123,0.0018127530439782328,1.5086628885054811
6124,ZNF687 (OMIM:616833),40,3467.611940007292,4.445656333342682,8.835072507500938,0.36055313953333146,1.5940830602485778
6125,ZNF699 (OMIM:619488),362,353777.1981004515,5.414321759698375,9.296483659419698,0.00015294580467822567,1.4879466681099374
6126,ZNF711 (OMIM:300803),40,3854.1400079861855,4.941205138443828,8.721614813342809,0.0011342589495837805,1.5614063962147016
6127,ZNF750 (OMIM:610227),18,672.3183687985238,4.394237704565515,8.150375556429921,0.5789848082407059,1.5672353411864766
6128,ZNFX1 (OMIM:619644),145,55230.209660834276,5.290249967512862,9.082580782637375,0.0005002321842626233,1.5730121489593851
6129,ZNHIT3 (OMIM:260565),122,36401.36649299292,4.931766223139537,8.992030491353743,0.0001663034595149971,1.4905650779821518
6130,ZP1 (OMIM:615774),10,186.20397878690972,4.13786619526466,6.957128747041759,0.0003828231525103401,2.2040034635706838
6131,ZP2 (OMIM:618353),10,186.20397878690972,4.13786619526466,6.957128747041759,0.0003828231525103401,2.2040034635706838
6132,ZP3 (OMIM:617712),8,109.51327751700872,3.9111884827503114,6.957128747041759,0.0003828231525103401,2.476173920827913
6133,ZPBP (OMIM:619799),13,397.76751438967955,5.099583517816405,8.566164424851095,0.000803149581822378,2.4157312877975605
6134,ZPR1 (OMIM:619321),163,63330.89716230449,4.796705079323221,8.897573821460998,0.0001018499913121344,1.3714338019430687
6135,ZSWIM6 (OMIM:603671),195,95637.95088503612,5.056196187419303,8.859854528400032,2.000000165480742e-10,1.4365421940899663
6136,ZSWIM6 (OMIM:617865),129,42740.20306047652,5.176865680774772,8.789156748701284,0.0001663034595149971,1.4428626893757694
6137,ZSWIM7 (OMIM:619831),16,573.608117448316,4.780067645402633,7.385513773025625,0.000803149581822378,1.988567120474039
6138,ZSWIM7 (OMIM:619834),28,1861.2517174243908,4.9239463423925685,8.422070554097699,0.00028646054160766263,1.7082529134341717
